Order_ID,Order_Date,Customer_ID,Customer_Name,City,State,Category,Product,Quantity,Sales,Discount,Profit,Payment_Mode
ORD_00001,2025-01-02,CUS_00001,Customer_078,Jaipur,Rajasthan,Clothing,Jeans,4,7679.33,5,748.8,Net Banking
ORD_00002,2025-01-02,CUS_00002,Customer_132,Jaipur,Rajasthan,Home & Kitchen,Air Fryer,3,18610.35,15,1608.81,Credit Card
ORD_00003,2025-01-02,CUS_00003,Customer_016,Warangal,Telangana,Clothing,T-Shirt,3,2239.11,10,376.15,Credit Card
ORD_00004,2025-01-02,CUS_00004,Customer_117,Pune,Maharashtra,Furniture,Bookshelf,1,5272.24,15,444.82,Net Banking
ORD_00005,2025-01-02,CUS_00005,Customer_097,Hyderabad,Telangana,Electronics,Smartwatch,1,4340.4,15,826.82,UPI
ORD_00006,2025-01-03,CUS_00006,Customer_007,Madurai,Tamil Nadu,Furniture,Sofa,2,42539.95,10,4274.73,Debit Card
ORD_00007,2025-01-03,CUS_00007,Customer_009,Mysuru,Karnataka,Furniture,Bookshelf,3,15399.12,5,3108.6,Net Banking
ORD_00008,2025-01-04,CUS_00008,Customer_029,Bengaluru,Karnataka,Furniture,Bookshelf,3,15830.37,5,1294.73,UPI
ORD_00009,2025-01-06,CUS_00009,Customer_060,Vadodara,Gujarat,Furniture,Study Table,5,36825.9,20,4674.03,Net Banking
ORD_00010,2025-01-07,CUS_00010,Customer_055,Mangaluru,Karnataka,Furniture,Office Chair,2,10130.64,20,1199.07,Cash on Delivery
ORD_00011,2025-01-07,CUS_00011,Customer_072,Gurugram,Delhi,Home & Kitchen,Bedsheet,2,2800.79,10,420.97,Debit Card
ORD_00012,2025-01-07,CUS_00012,Customer_125,Nizamabad,Telangana,Furniture,Study Table,5,39843.39,10,3028.79,Net Banking
ORD_00013,2025-01-08,CUS_00013,Customer_053,Nagpur,Maharashtra,Home & Kitchen,Bedsheet,3,4789.92,0,1071.62,Debit Card
ORD_00014,2025-01-09,CUS_00014,Customer_148,Vadodara,Gujarat,Home & Kitchen,Mixer Grinder,3,11169.66,15,2060.54,Cash on Delivery
ORD_00015,2025-01-09,CUS_00015,Customer_123,Nagpur,Maharashtra,Furniture,Study Table,4,28556.4,10,2137.27,UPI
ORD_00016,2025-01-13,CUS_00016,Customer_125,Ahmedabad,Gujarat,Furniture,Sofa,4,82129.32,15,9942.9,Cash on Delivery
ORD_00017,2025-01-13,CUS_00017,Customer_084,Jaipur,Rajasthan,Clothing,T-Shirt,4,3786.59,0,380.66,Net Banking
ORD_00018,2025-01-15,CUS_00018,Customer_047,Noida,Delhi,Home & Kitchen,Bedsheet,1,1020.48,15,236.89,UPI
ORD_00019,2025-01-16,CUS_00019,Customer_039,Gurugram,Delhi,Clothing,Jeans,1,1557.28,10,389.18,Net Banking
ORD_00020,2025-01-16,CUS_00020,Customer_119,Nizamabad,Telangana,Electronics,Smartwatch,3,14212.74,15,2813.36,UPI
ORD_00021,2025-01-18,CUS_00021,Customer_019,Mangaluru,Karnataka,Furniture,Sofa,5,91299.37,20,13184.85,UPI
ORD_00022,2025-01-18,CUS_00022,Customer_091,Hyderabad,Telangana,Furniture,Office Chair,1,5138.27,15,1010.18,Net Banking
ORD_00023,2025-01-19,CUS_00023,Customer_044,Warangal,Telangana,Furniture,Sofa,1,19860.38,20,1882.69,Debit Card
ORD_00024,2025-01-20,CUS_00024,Customer_121,Pune,Maharashtra,Furniture,Sofa,1,18772.81,0,4535.79,Debit Card
ORD_00025,2025-01-20,CUS_00025,Customer_108,Ahmedabad,Gujarat,Clothing,Jeans,5,7947.89,20,947.29,Cash on Delivery
ORD_00026,2025-01-20,CUS_00026,Customer_132,Nizamabad,Telangana,Clothing,Jacket,3,10253.94,15,1303.02,Credit Card
ORD_00027,2025-01-21,CUS_00027,Customer_085,Mangaluru,Karnataka,Clothing,Jacket,2,6149.05,20,546.8,Cash on Delivery
ORD_00028,2025-01-22,CUS_00028,Customer_084,Bengaluru,Karnataka,Electronics,Headphones,5,11242.36,15,2450.72,Debit Card
ORD_00029,2025-01-22,CUS_00029,Customer_119,Nizamabad,Telangana,Clothing,T-Shirt,1,820.34,10,101.35,Net Banking
ORD_00030,2025-01-23,CUS_00030,Customer_104,Hyderabad,Telangana,Home & Kitchen,Bedsheet,1,1285.0,15,244.16,UPI
ORD_00031,2025-01-25,CUS_00031,Customer_010,Mysuru,Karnataka,Clothing,Jeans,3,4378.08,15,720.67,Credit Card
ORD_00032,2025-01-25,CUS_00032,Customer_112,Durgapur,West Bengal,Electronics,Headphones,4,10139.38,0,831.89,Credit Card
ORD_00033,2025-01-25,CUS_00033,Customer_046,Ahmedabad,Gujarat,Electronics,Smartwatch,5,23698.84,5,1834.71,Net Banking
ORD_00034,2025-01-26,CUS_00034,Customer_137,Chennai,Tamil Nadu,Furniture,Bookshelf,3,12251.16,20,2779.07,UPI
ORD_00035,2025-01-27,CUS_00035,Customer_005,Mysuru,Karnataka,Electronics,Headphones,4,8353.15,15,530.61,Net Banking
ORD_00036,2025-01-28,CUS_00036,Customer_103,Durgapur,West Bengal,Clothing,Sneakers,5,9681.91,20,1449.52,UPI
ORD_00037,2025-01-28,CUS_00037,Customer_149,Howrah,West Bengal,Electronics,Smartwatch,4,18216.85,15,4461.64,UPI
ORD_00038,2025-01-29,CUS_00038,Customer_123,Jaipur,Rajasthan,Electronics,Smartwatch,5,21936.15,0,2812.96,UPI
ORD_00039,2025-01-29,CUS_00039,Customer_046,Pune,Maharashtra,Furniture,Bookshelf,5,27234.39,10,1743.16,UPI
ORD_00040,2025-01-29,CUS_00040,Customer_002,Nizamabad,Telangana,Home & Kitchen,Cookware Set,3,8307.38,15,487.1,Net Banking
ORD_00041,2025-01-30,CUS_00041,Customer_022,Warangal,Telangana,Furniture,Study Table,4,26507.41,20,5587.54,Cash on Delivery
ORD_00042,2025-01-30,CUS_00042,Customer_122,Vadodara,Gujarat,Furniture,Sofa,3,57636.77,0,6412.82,Cash on Delivery
ORD_00043,2025-02-03,CUS_00043,Customer_069,Kolkata,West Bengal,Home & Kitchen,Cookware Set,1,2967.96,15,187.72,Net Banking
ORD_00044,2025-02-04,CUS_00044,Customer_012,Coimbatore,Tamil Nadu,Electronics,Laptop,1,50455.17,20,10980.58,Debit Card
ORD_00045,2025-02-05,CUS_00045,Customer_029,Chennai,Tamil Nadu,Home & Kitchen,Bedsheet,5,5178.81,20,818.09,Net Banking
ORD_00046,2025-02-05,CUS_00046,Customer_044,Jodhpur,Rajasthan,Furniture,Office Chair,3,19085.13,15,1183.82,Net Banking
ORD_00047,2025-02-06,CUS_00047,Customer_143,Nizamabad,Telangana,Furniture,Bookshelf,3,19284.5,0,3405.28,Net Banking
ORD_00048,2025-02-07,CUS_00048,Customer_102,Vadodara,Gujarat,Electronics,Headphones,3,6931.92,5,913.32,Net Banking
ORD_00049,2025-02-07,CUS_00049,Customer_124,Bengaluru,Karnataka,Furniture,Sofa,2,48085.61,0,7701.94,Debit Card
ORD_00050,2025-02-07,CUS_00050,Customer_076,Delhi,Delhi,Home & Kitchen,Bedsheet,2,2416.74,5,348.43,Debit Card
ORD_00051,2025-02-08,CUS_00051,Customer_085,Surat,Gujarat,Furniture,Sofa,5,103690.35,5,21015.22,Cash on Delivery
ORD_00052,2025-02-08,CUS_00052,Customer_019,Howrah,West Bengal,Home & Kitchen,Air Fryer,3,19009.18,10,1896.07,Debit Card
ORD_00053,2025-02-08,CUS_00053,Customer_108,Chennai,Tamil Nadu,Furniture,Bookshelf,5,28758.77,5,5606.62,UPI
ORD_00054,2025-02-08,CUS_00054,Customer_065,Warangal,Telangana,Furniture,Bookshelf,5,28209.8,15,2805.97,UPI
ORD_00055,2025-02-09,CUS_00055,Customer_018,Coimbatore,Tamil Nadu,Clothing,Jeans,3,4439.69,20,409.04,Net Banking
ORD_00056,2025-02-10,CUS_00056,Customer_034,Delhi,Delhi,Home & Kitchen,Cookware Set,3,11111.62,5,1098.58,Debit Card
ORD_00057,2025-02-10,CUS_00057,Customer_124,Noida,Delhi,Home & Kitchen,Mixer Grinder,5,16765.28,20,2805.67,Net Banking
ORD_00058,2025-02-11,CUS_00058,Customer_049,Vadodara,Gujarat,Clothing,Jeans,4,7561.12,5,1135.91,Credit Card
ORD_00059,2025-02-11,CUS_00059,Customer_021,Pune,Maharashtra,Home & Kitchen,Air Fryer,1,5377.97,20,763.08,Net Banking
ORD_00060,2025-02-12,CUS_00060,Customer_080,Kolkata,West Bengal,Electronics,Headphones,5,12807.61,10,3080.15,Credit Card
ORD_00061,2025-02-12,CUS_00061,Customer_087,Bengaluru,Karnataka,Home & Kitchen,Bedsheet,1,1100.94,20,63.42,UPI
ORD_00062,2025-02-12,CUS_00062,Customer_093,Kolkata,West Bengal,Clothing,Jeans,4,6008.94,15,1323.71,Credit Card
ORD_00063,2025-02-13,CUS_00063,Customer_131,Kolkata,West Bengal,Home & Kitchen,Cookware Set,4,14385.33,5,906.86,UPI
ORD_00064,2025-02-15,CUS_00064,Customer_060,Surat,Gujarat,Home & Kitchen,Air Fryer,3,18050.83,15,1019.97,UPI
ORD_00065,2025-02-15,CUS_00065,Customer_020,Jodhpur,Rajasthan,Electronics,Smartphone,3,60887.8,20,12715.94,Credit Card
ORD_00066,2025-02-15,CUS_00066,Customer_141,Gurugram,Delhi,Furniture,Bookshelf,1,4482.86,20,953.77,Debit Card
ORD_00067,2025-02-15,CUS_00067,Customer_090,Pune,Maharashtra,Electronics,Smartphone,5,101461.46,20,14423.33,Credit Card
ORD_00068,2025-02-15,CUS_00068,Customer_122,Warangal,Telangana,Home & Kitchen,Mixer Grinder,1,4267.66,5,993.86,Credit Card
ORD_00069,2025-02-16,CUS_00069,Customer_057,Udaipur,Rajasthan,Home & Kitchen,Air Fryer,3,18115.78,15,2128.02,UPI
ORD_00070,2025-02-16,CUS_00070,Customer_146,Warangal,Telangana,Electronics,Headphones,4,7849.25,10,1484.15,UPI
ORD_00071,2025-02-16,CUS_00071,Customer_069,Udaipur,Rajasthan,Home & Kitchen,Cookware Set,3,11312.22,0,1339.09,UPI
ORD_00072,2025-02-16,CUS_00072,Customer_111,Delhi,Delhi,Furniture,Study Table,4,32803.47,0,7009.25,UPI
ORD_00073,2025-02-18,CUS_00073,Customer_063,Durgapur,West Bengal,Furniture,Sofa,4,75777.93,10,4576.33,Net Banking
ORD_00074,2025-02-19,CUS_00074,Customer_020,Mysuru,Karnataka,Clothing,Jeans,2,3334.04,5,319.64,Credit Card
ORD_00075,2025-02-20,CUS_00075,Customer_106,Jodhpur,Rajasthan,Home & Kitchen,Mixer Grinder,1,4150.49,15,454.86,UPI
ORD_00076,2025-02-20,CUS_00076,Customer_059,Nizamabad,Telangana,Clothing,Sneakers,3,8059.22,15,1253.49,Net Banking
ORD_00077,2025-02-21,CUS_00077,Customer_054,Delhi,Delhi,Furniture,Bookshelf,1,6075.84,5,1015.72,Cash on Delivery
ORD_00078,2025-02-21,CUS_00078,Customer_128,Chennai,Tamil Nadu,Electronics,Headphones,4,8130.01,15,1951.3,Debit Card
ORD_00079,2025-02-22,CUS_00079,Customer_147,Ahmedabad,Gujarat,Clothing,T-Shirt,1,730.58,20,41.45,Debit Card
ORD_00080,2025-02-22,CUS_00080,Customer_108,Howrah,West Bengal,Electronics,Smartwatch,1,4263.49,15,784.51,Cash on Delivery
ORD_00081,2025-02-22,CUS_00081,Customer_142,Madurai,Tamil Nadu,Home & Kitchen,Mixer Grinder,4,17057.86,10,4062.76,Net Banking
ORD_00082,2025-02-22,CUS_00082,Customer_138,Chennai,Tamil Nadu,Home & Kitchen,Air Fryer,3,20476.17,0,1480.48,Cash on Delivery
ORD_00083,2025-02-23,CUS_00083,Customer_072,Warangal,Telangana,Clothing,T-Shirt,1,822.57,10,79.14,UPI
ORD_00084,2025-02-23,CUS_00084,Customer_012,Madurai,Tamil Nadu,Home & Kitchen,Air Fryer,2,11693.56,10,1801.19,Cash on Delivery
ORD_00085,2025-02-24,CUS_00085,Customer_072,Mysuru,Karnataka,Home & Kitchen,Bedsheet,4,5178.2,15,545.2,UPI
ORD_00086,2025-02-24,CUS_00086,Customer_121,Kolkata,West Bengal,Clothing,Jacket,1,2996.3,5,207.75,Cash on Delivery
ORD_00087,2025-02-25,CUS_00087,Customer_085,Warangal,Telangana,Furniture,Bookshelf,3,18369.71,0,1692.88,Credit Card
ORD_00088,2025-02-26,CUS_00088,Customer_030,Mangaluru,Karnataka,Furniture,Office Chair,5,31352.05,10,2042.27,Credit Card
ORD_00089,2025-02-27,CUS_00089,Customer_006,Jodhpur,Rajasthan,Electronics,Laptop,2,102936.15,5,8839.43,Net Banking
ORD_00090,2025-02-27,CUS_00090,Customer_054,Durgapur,West Bengal,Electronics,Smartwatch,3,13512.72,0,1742.31,Debit Card
ORD_00091,2025-02-28,CUS_00091,Customer_077,Durgapur,West Bengal,Clothing,Jeans,4,8268.89,0,2040.78,Cash on Delivery
ORD_00092,2025-02-28,CUS_00092,Customer_017,Jaipur,Rajasthan,Home & Kitchen,Bedsheet,4,4823.52,15,990.68,Credit Card
ORD_00093,2025-02-28,CUS_00093,Customer_073,Mumbai,Maharashtra,Electronics,Headphones,5,8856.13,20,1479.11,Credit Card
ORD_00094,2025-03-02,CUS_00094,Customer_135,Pune,Maharashtra,Clothing,Jeans,3,4448.1,20,490.22,Debit Card
ORD_00095,2025-03-02,CUS_00095,Customer_037,Howrah,West Bengal,Clothing,T-Shirt,1,740.13,15,69.31,Net Banking
ORD_00096,2025-03-05,CUS_00096,Customer_126,Nagpur,Maharashtra,Clothing,Jacket,5,15406.78,20,1708.93,Credit Card
ORD_00097,2025-03-06,CUS_00097,Customer_145,Warangal,Telangana,Furniture,Sofa,3,47737.86,15,7044.53,Credit Card
ORD_00098,2025-03-06,CUS_00098,Customer_121,Hyderabad,Telangana,Furniture,Office Chair,4,24018.88,20,5672.72,Debit Card
ORD_00099,2025-03-08,CUS_00099,Customer_134,Gurugram,Delhi,Clothing,Jeans,5,9087.73,10,1441.04,Debit Card
ORD_00100,2025-03-08,CUS_00100,Customer_068,Gurugram,Delhi,Furniture,Study Table,4,26494.99,20,4470.19,UPI
ORD_00101,2025-03-09,CUS_00101,Customer_037,Jodhpur,Rajasthan,Home & Kitchen,Cookware Set,1,3856.85,0,375.56,Credit Card
ORD_00102,2025-03-09,CUS_00102,Customer_016,Nizamabad,Telangana,Electronics,Smartphone,3,61681.79,15,14934.73,Debit Card
ORD_00103,2025-03-10,CUS_00103,Customer_078,Bengaluru,Karnataka,Clothing,Sneakers,1,2532.32,20,497.7,Debit Card
ORD_00104,2025-03-10,CUS_00104,Customer_027,Howrah,West Bengal,Clothing,Jacket,3,9444.3,15,1824.98,Cash on Delivery
ORD_00105,2025-03-11,CUS_00105,Customer_022,Mumbai,Maharashtra,Home & Kitchen,Bedsheet,1,1371.59,0,195.86,Net Banking
ORD_00106,2025-03-11,CUS_00106,Customer_096,Coimbatore,Tamil Nadu,Electronics,Headphones,3,6399.68,15,938.71,Credit Card
ORD_00107,2025-03-14,CUS_00107,Customer_014,Durgapur,West Bengal,Furniture,Sofa,2,43972.51,10,9146.55,Net Banking
ORD_00108,2025-03-14,CUS_00108,Customer_118,Udaipur,Rajasthan,Furniture,Office Chair,1,7081.01,10,703.37,Credit Card
ORD_00109,2025-03-16,CUS_00109,Customer_104,Coimbatore,Tamil Nadu,Home & Kitchen,Air Fryer,3,21591.74,0,2940.73,Credit Card
ORD_00110,2025-03-16,CUS_00110,Customer_066,Howrah,West Bengal,Furniture,Bookshelf,1,4929.54,20,858.04,Debit Card
ORD_00111,2025-03-17,CUS_00111,Customer_087,Delhi,Delhi,Electronics,Laptop,3,181279.13,0,40201.07,Debit Card
ORD_00112,2025-03-18,CUS_00112,Customer_063,Mysuru,Karnataka,Furniture,Sofa,2,44173.38,10,6568.59,Debit Card
ORD_00113,2025-03-19,CUS_00113,Customer_088,Jaipur,Rajasthan,Clothing,Jacket,1,3381.58,5,713.73,Debit Card
ORD_00114,2025-03-19,CUS_00114,Customer_081,Surat,Gujarat,Clothing,T-Shirt,1,810.93,5,65.85,Net Banking
ORD_00115,2025-03-19,CUS_00115,Customer_047,Delhi,Delhi,Furniture,Sofa,4,85987.08,10,16095.26,Cash on Delivery
ORD_00116,2025-03-20,CUS_00116,Customer_025,Madurai,Tamil Nadu,Clothing,T-Shirt,1,897.66,5,57.12,Cash on Delivery
ORD_00117,2025-03-24,CUS_00117,Customer_141,Bengaluru,Karnataka,Clothing,Jeans,4,6987.35,5,1595.73,UPI
ORD_00118,2025-03-25,CUS_00118,Customer_107,Jodhpur,Rajasthan,Home & Kitchen,Cookware Set,2,6565.45,15,533.62,Credit Card
ORD_00119,2025-03-25,CUS_00119,Customer_101,Mangaluru,Karnataka,Electronics,Smartphone,4,68751.26,20,16412.52,Debit Card
ORD_00120,2025-03-27,CUS_00120,Customer_005,Coimbatore,Tamil Nadu,Furniture,Sofa,2,31908.97,20,4427.37,Credit Card
ORD_00121,2025-03-27,CUS_00121,Customer_062,Vadodara,Gujarat,Furniture,Bookshelf,5,27233.31,20,4743.55,Credit Card
ORD_00122,2025-03-27,CUS_00122,Customer_137,Noida,Delhi,Electronics,Smartwatch,3,13596.11,0,1700.22,Credit Card
ORD_00123,2025-03-27,CUS_00123,Customer_071,Hyderabad,Telangana,Electronics,Laptop,1,41858.74,15,5592.24,UPI
ORD_00124,2025-03-28,CUS_00124,Customer_124,Hyderabad,Telangana,Clothing,Jacket,3,9595.88,5,2202.12,Cash on Delivery
ORD_00125,2025-03-28,CUS_00125,Customer_132,Delhi,Delhi,Home & Kitchen,Cookware Set,2,7360.48,5,1686.38,UPI
ORD_00126,2025-03-29,CUS_00126,Customer_075,Jaipur,Rajasthan,Clothing,Jacket,5,17108.04,5,1389.15,Net Banking
ORD_00127,2025-03-30,CUS_00127,Customer_042,Kolkata,West Bengal,Electronics,Headphones,3,6630.81,15,750.87,Credit Card
ORD_00128,2025-03-31,CUS_00128,Customer_097,Hyderabad,Telangana,Electronics,Laptop,1,42188.81,10,9230.28,Net Banking
ORD_00129,2025-03-31,CUS_00129,Customer_045,Gurugram,Delhi,Home & Kitchen,Bedsheet,5,6332.05,15,1170.93,Cash on Delivery
ORD_00130,2025-03-31,CUS_00130,Customer_004,Kolkata,West Bengal,Electronics,Smartphone,2,42296.98,15,6122.99,UPI
ORD_00131,2025-03-31,CUS_00131,Customer_103,Delhi,Delhi,Electronics,Smartphone,1,26062.16,5,3372.04,Credit Card
ORD_00132,2025-04-02,CUS_00132,Customer_082,Coimbatore,Tamil Nadu,Clothing,T-Shirt,3,2709.13,0,331.74,Debit Card
ORD_00133,2025-04-02,CUS_00133,Customer_084,Chennai,Tamil Nadu,Home & Kitchen,Cookware Set,2,6421.41,5,446.51,Cash on Delivery
ORD_00134,2025-04-02,CUS_00134,Customer_116,Coimbatore,Tamil Nadu,Clothing,Sneakers,4,9012.11,20,1639.54,Debit Card
ORD_00135,2025-04-02,CUS_00135,Customer_143,Jaipur,Rajasthan,Home & Kitchen,Mixer Grinder,4,15988.33,15,3634.52,Credit Card
ORD_00136,2025-04-04,CUS_00136,Customer_025,Durgapur,West Bengal,Electronics,Laptop,1,46209.83,10,11097.5,UPI
ORD_00137,2025-04-05,CUS_00137,Customer_083,Mumbai,Maharashtra,Furniture,Bookshelf,4,24692.77,10,4088.17,Net Banking
ORD_00138,2025-04-05,CUS_00138,Customer_080,Mumbai,Maharashtra,Furniture,Bookshelf,3,14937.11,10,2351.89,Debit Card
ORD_00139,2025-04-07,CUS_00139,Customer_029,Delhi,Delhi,Home & Kitchen,Mixer Grinder,1,4842.93,5,666.0,Credit Card
ORD_00140,2025-04-07,CUS_00140,Customer_038,Warangal,Telangana,Home & Kitchen,Bedsheet,5,6291.35,10,1306.84,Net Banking
ORD_00141,2025-04-08,CUS_00141,Customer_075,Ahmedabad,Gujarat,Electronics,Smartwatch,1,5508.77,0,1152.44,UPI
ORD_00142,2025-04-08,CUS_00142,Customer_017,Delhi,Delhi,Electronics,Smartphone,4,106684.43,0,22226.63,Credit Card
ORD_00143,2025-04-08,CUS_00143,Customer_109,Jaipur,Rajasthan,Furniture,Study Table,3,25047.51,5,3885.82,Net Banking
ORD_00144,2025-04-09,CUS_00144,Customer_006,Madurai,Tamil Nadu,Home & Kitchen,Mixer Grinder,1,4134.11,20,437.85,Cash on Delivery
ORD_00145,2025-04-11,CUS_00145,Customer_042,Howrah,West Bengal,Clothing,Sneakers,2,5697.01,0,928.0,Cash on Delivery
ORD_00146,2025-04-11,CUS_00146,Customer_008,Durgapur,West Bengal,Clothing,Jeans,3,6183.3,0,1048.83,Cash on Delivery
ORD_00147,2025-04-12,CUS_00147,Customer_132,Delhi,Delhi,Electronics,Headphones,1,2096.49,5,274.28,Debit Card
ORD_00148,2025-04-14,CUS_00148,Customer_132,Nizamabad,Telangana,Home & Kitchen,Mixer Grinder,1,3374.44,20,437.33,Debit Card
ORD_00149,2025-04-14,CUS_00149,Customer_017,Warangal,Telangana,Home & Kitchen,Cookware Set,2,6159.56,5,1388.82,UPI
ORD_00150,2025-04-16,CUS_00150,Customer_130,Jaipur,Rajasthan,Electronics,Headphones,4,7722.27,15,1592.21,Cash on Delivery
ORD_00151,2025-04-16,CUS_00151,Customer_019,Jaipur,Rajasthan,Home & Kitchen,Bedsheet,5,6190.58,10,909.26,Net Banking
ORD_00152,2025-04-16,CUS_00152,Customer_018,Gurugram,Delhi,Furniture,Office Chair,2,11060.33,20,1320.74,Net Banking
ORD_00153,2025-04-16,CUS_00153,Customer_144,Chennai,Tamil Nadu,Home & Kitchen,Cookware Set,3,10075.27,15,1590.2,Cash on Delivery
ORD_00154,2025-04-17,CUS_00154,Customer_003,Mangaluru,Karnataka,Electronics,Smartphone,5,90534.29,20,22265.04,UPI
ORD_00155,2025-04-17,CUS_00155,Customer_073,Pune,Maharashtra,Electronics,Headphones,3,6793.43,10,1386.87,UPI
ORD_00156,2025-04-18,CUS_00156,Customer_122,Durgapur,West Bengal,Home & Kitchen,Cookware Set,3,9391.86,20,484.73,Cash on Delivery
ORD_00157,2025-04-18,CUS_00157,Customer_060,Coimbatore,Tamil Nadu,Furniture,Bookshelf,3,15986.13,0,3446.19,Net Banking
ORD_00158,2025-04-19,CUS_00158,Customer_116,Hyderabad,Telangana,Electronics,Smartphone,4,93240.6,15,13940.21,Net Banking
ORD_00159,2025-04-19,CUS_00159,Customer_100,Durgapur,West Bengal,Furniture,Sofa,1,20734.68,10,4066.06,Net Banking
ORD_00160,2025-04-22,CUS_00160,Customer_006,Durgapur,West Bengal,Furniture,Sofa,2,46116.42,5,7047.47,Debit Card
ORD_00161,2025-04-22,CUS_00161,Customer_046,Ahmedabad,Gujarat,Clothing,Jeans,1,1293.28,20,171.0,Net Banking
ORD_00162,2025-04-22,CUS_00162,Customer_147,Hyderabad,Telangana,Furniture,Office Chair,2,11954.61,0,1094.77,Net Banking
ORD_00163,2025-04-23,CUS_00163,Customer_084,Pune,Maharashtra,Electronics,Headphones,4,8646.44,10,1463.53,UPI
ORD_00164,2025-04-23,CUS_00164,Customer_101,Chennai,Tamil Nadu,Furniture,Office Chair,2,15145.16,5,2914.75,UPI
ORD_00165,2025-04-23,CUS_00165,Customer_020,Bengaluru,Karnataka,Home & Kitchen,Mixer Grinder,2,7671.54,10,689.68,Cash on Delivery
ORD_00166,2025-04-24,CUS_00166,Customer_058,Mumbai,Maharashtra,Furniture,Study Table,2,15425.44,10,1640.82,Net Banking
ORD_00167,2025-04-24,CUS_00167,Customer_081,Howrah,West Bengal,Furniture,Study Table,5,32977.98,20,7548.53,Net Banking
ORD_00168,2025-04-26,CUS_00168,Customer_099,Surat,Gujarat,Electronics,Smartphone,2,47608.17,0,2879.26,Credit Card
ORD_00169,2025-04-27,CUS_00169,Customer_148,Nagpur,Maharashtra,Electronics,Smartwatch,1,5391.51,0,954.78,Debit Card
ORD_00170,2025-04-28,CUS_00170,Customer_057,Jaipur,Rajasthan,Furniture,Bookshelf,4,17722.76,15,3493.73,Net Banking
ORD_00171,2025-04-30,CUS_00171,Customer_013,Mysuru,Karnataka,Clothing,Jeans,2,3430.53,10,731.27,Net Banking
ORD_00172,2025-05-04,CUS_00172,Customer_052,Jaipur,Rajasthan,Home & Kitchen,Bedsheet,1,1094.55,15,121.77,Credit Card
ORD_00173,2025-05-04,CUS_00173,Customer_148,Bengaluru,Karnataka,Home & Kitchen,Mixer Grinder,2,7248.61,15,1350.66,UPI
ORD_00174,2025-05-05,CUS_00174,Customer_085,Gurugram,Delhi,Clothing,Sneakers,3,6438.13,10,1126.17,Credit Card
ORD_00175,2025-05-06,CUS_00175,Customer_043,Gurugram,Delhi,Furniture,Sofa,2,40513.13,5,9845.65,Credit Card
ORD_00176,2025-05-06,CUS_00176,Customer_149,Hyderabad,Telangana,Clothing,Jeans,1,1586.08,5,281.08,Cash on Delivery
ORD_00177,2025-05-06,CUS_00177,Customer_012,Nagpur,Maharashtra,Clothing,Jacket,2,5499.31,15,480.55,Net Banking
ORD_00178,2025-05-06,CUS_00178,Customer_129,Bengaluru,Karnataka,Furniture,Study Table,4,24924.78,20,2966.4,Credit Card
ORD_00179,2025-05-06,CUS_00179,Customer_128,Noida,Delhi,Electronics,Laptop,3,139780.72,15,21868.55,Net Banking
ORD_00180,2025-05-07,CUS_00180,Customer_047,Jaipur,Rajasthan,Electronics,Smartphone,4,109186.04,0,18502.19,Credit Card
ORD_00181,2025-05-07,CUS_00181,Customer_098,Durgapur,West Bengal,Clothing,Sneakers,2,5162.71,5,396.32,Debit Card
ORD_00182,2025-05-07,CUS_00182,Customer_085,Warangal,Telangana,Home & Kitchen,Cookware Set,1,3148.15,10,430.4,UPI
ORD_00183,2025-05-08,CUS_00183,Customer_058,Kolkata,West Bengal,Clothing,Jacket,2,5246.49,15,695.87,Net Banking
ORD_00184,2025-05-08,CUS_00184,Customer_039,Mumbai,Maharashtra,Home & Kitchen,Air Fryer,5,27533.69,20,2022.1,Credit Card
ORD_00185,2025-05-08,CUS_00185,Customer_052,Madurai,Tamil Nadu,Home & Kitchen,Air Fryer,2,11742.45,10,1405.96,Credit Card
ORD_00186,2025-05-11,CUS_00186,Customer_101,Mumbai,Maharashtra,Home & Kitchen,Air Fryer,5,31264.79,10,5072.67,UPI
ORD_00187,2025-05-12,CUS_00187,Customer_063,Vadodara,Gujarat,Clothing,Jeans,2,3637.21,0,473.39,UPI
ORD_00188,2025-05-12,CUS_00188,Customer_054,Delhi,Delhi,Furniture,Bookshelf,5,29178.14,5,6533.6,Cash on Delivery
ORD_00189,2025-05-13,CUS_00189,Customer_001,Nagpur,Maharashtra,Furniture,Study Table,2,15064.89,15,3250.65,Cash on Delivery
ORD_00190,2025-05-13,CUS_00190,Customer_126,Udaipur,Rajasthan,Electronics,Laptop,3,166356.28,0,35698.68,Debit Card
ORD_00191,2025-05-14,CUS_00191,Customer_031,Surat,Gujarat,Home & Kitchen,Air Fryer,5,22185.77,20,2279.29,Debit Card
ORD_00192,2025-05-16,CUS_00192,Customer_027,Nizamabad,Telangana,Furniture,Study Table,1,6126.31,20,885.24,Debit Card
ORD_00193,2025-05-16,CUS_00193,Customer_026,Gurugram,Delhi,Clothing,Jeans,3,5412.02,5,534.87,UPI
ORD_00194,2025-05-16,CUS_00194,Customer_073,Nizamabad,Telangana,Electronics,Smartphone,4,87569.75,0,14812.44,UPI
ORD_00195,2025-05-17,CUS_00195,Customer_078,Delhi,Delhi,Electronics,Headphones,3,7159.95,0,1576.23,Credit Card
ORD_00196,2025-05-17,CUS_00196,Customer_107,Nagpur,Maharashtra,Furniture,Bookshelf,3,14545.74,15,2391.06,UPI
ORD_00197,2025-05-18,CUS_00197,Customer_100,Jaipur,Rajasthan,Furniture,Study Table,5,41199.38,5,2219.23,Debit Card
ORD_00198,2025-05-18,CUS_00198,Customer_011,Mysuru,Karnataka,Electronics,Headphones,5,8787.14,20,1567.58,UPI
ORD_00199,2025-05-19,CUS_00199,Customer_009,Ahmedabad,Gujarat,Home & Kitchen,Mixer Grinder,3,12495.92,5,2397.52,Credit Card
ORD_00200,2025-05-19,CUS_00200,Customer_115,Ahmedabad,Gujarat,Electronics,Smartwatch,3,15111.31,0,1610.26,UPI
ORD_00201,2025-05-19,CUS_00201,Customer_063,Jaipur,Rajasthan,Electronics,Laptop,1,50568.23,15,5496.65,Debit Card
ORD_00202,2025-05-21,CUS_00202,Customer_073,Udaipur,Rajasthan,Furniture,Bookshelf,5,33255.22,0,1868.0,Cash on Delivery
ORD_00203,2025-05-21,CUS_00203,Customer_098,Ahmedabad,Gujarat,Clothing,Jacket,2,6474.17,5,546.02,UPI
ORD_00204,2025-05-24,CUS_00204,Customer_026,Ahmedabad,Gujarat,Clothing,T-Shirt,3,2143.32,20,376.55,UPI
ORD_00205,2025-05-24,CUS_00205,Customer_052,Jodhpur,Rajasthan,Electronics,Smartwatch,4,17521.31,10,3109.79,Net Banking
ORD_00206,2025-05-24,CUS_00206,Customer_098,Noida,Delhi,Electronics,Laptop,2,115418.2,0,21214.38,Debit Card
ORD_00207,2025-05-24,CUS_00207,Customer_090,Chennai,Tamil Nadu,Furniture,Study Table,3,23269.07,0,1208.53,UPI
ORD_00208,2025-05-24,CUS_00208,Customer_096,Warangal,Telangana,Clothing,Sneakers,2,4656.45,15,852.47,Net Banking
ORD_00209,2025-05-25,CUS_00209,Customer_070,Howrah,West Bengal,Electronics,Laptop,4,213731.37,0,39011.16,Debit Card
ORD_00210,2025-05-25,CUS_00210,Customer_083,Delhi,Delhi,Clothing,T-Shirt,3,2195.92,20,428.7,Net Banking
ORD_00211,2025-05-26,CUS_00211,Customer_075,Jaipur,Rajasthan,Electronics,Smartphone,2,41195.21,5,5697.55,Cash on Delivery
ORD_00212,2025-05-27,CUS_00212,Customer_122,Pune,Maharashtra,Clothing,Jeans,4,5322.99,20,776.39,Cash on Delivery
ORD_00213,2025-05-27,CUS_00213,Customer_099,Chennai,Tamil Nadu,Furniture,Office Chair,4,25640.7,10,2249.75,Debit Card
ORD_00214,2025-05-28,CUS_00214,Customer_150,Surat,Gujarat,Home & Kitchen,Cookware Set,2,6379.41,15,771.81,Net Banking
ORD_00215,2025-05-29,CUS_00215,Customer_079,Ahmedabad,Gujarat,Furniture,Bookshelf,2,8545.35,20,460.07,Credit Card
ORD_00216,2025-05-31,CUS_00216,Customer_101,Hyderabad,Telangana,Furniture,Sofa,4,69345.24,20,12155.62,Credit Card
ORD_00217,2025-05-31,CUS_00217,Customer_053,Nagpur,Maharashtra,Home & Kitchen,Mixer Grinder,5,21104.17,0,3392.3,UPI
ORD_00218,2025-06-02,CUS_00218,Customer_143,Nizamabad,Telangana,Home & Kitchen,Cookware Set,3,10890.92,0,2172.98,UPI
ORD_00219,2025-06-02,CUS_00219,Customer_023,Mangaluru,Karnataka,Home & Kitchen,Mixer Grinder,1,3606.75,15,500.12,Net Banking
ORD_00220,2025-06-02,CUS_00220,Customer_037,Kolkata,West Bengal,Furniture,Office Chair,3,19754.35,5,2158.39,UPI
ORD_00221,2025-06-02,CUS_00221,Customer_061,Bengaluru,Karnataka,Home & Kitchen,Mixer Grinder,5,21809.64,10,4039.69,Cash on Delivery
ORD_00222,2025-06-03,CUS_00222,Customer_014,Howrah,West Bengal,Clothing,Jacket,3,10256.03,0,1377.27,UPI
ORD_00223,2025-06-05,CUS_00223,Customer_073,Durgapur,West Bengal,Home & Kitchen,Air Fryer,1,6364.16,0,499.27,Debit Card
ORD_00224,2025-06-09,CUS_00224,Customer_059,Chennai,Tamil Nadu,Electronics,Headphones,3,5851.34,20,1102.9,UPI
ORD_00225,2025-06-09,CUS_00225,Customer_127,Nagpur,Maharashtra,Electronics,Laptop,4,187022.26,10,22343.3,Debit Card
ORD_00226,2025-06-09,CUS_00226,Customer_138,Vadodara,Gujarat,Electronics,Headphones,5,12504.97,10,2823.8,Debit Card
ORD_00227,2025-06-09,CUS_00227,Customer_128,Mumbai,Maharashtra,Home & Kitchen,Mixer Grinder,5,19213.57,5,1062.55,Debit Card
ORD_00228,2025-06-10,CUS_00228,Customer_108,Surat,Gujarat,Furniture,Office Chair,3,15115.38,20,2210.88,UPI
ORD_00229,2025-06-10,CUS_00229,Customer_003,Jaipur,Rajasthan,Furniture,Study Table,5,38320.04,15,4373.41,Credit Card
ORD_00230,2025-06-10,CUS_00230,Customer_032,Delhi,Delhi,Furniture,Office Chair,4,27586.21,5,5726.36,Net Banking
ORD_00231,2025-06-10,CUS_00231,Customer_021,Madurai,Tamil Nadu,Furniture,Office Chair,2,14185.78,5,1225.15,Cash on Delivery
ORD_00232,2025-06-10,CUS_00232,Customer_054,Surat,Gujarat,Furniture,Office Chair,2,10142.99,15,974.24,Credit Card
ORD_00233,2025-06-11,CUS_00233,Customer_115,Ahmedabad,Gujarat,Furniture,Bookshelf,2,12705.29,5,1535.49,UPI
ORD_00234,2025-06-11,CUS_00234,Customer_119,Howrah,West Bengal,Electronics,Laptop,3,157811.66,5,10316.53,Credit Card
ORD_00235,2025-06-12,CUS_00235,Customer_091,Madurai,Tamil Nadu,Electronics,Headphones,3,7780.5,5,397.92,Net Banking
ORD_00236,2025-06-12,CUS_00236,Customer_015,Coimbatore,Tamil Nadu,Clothing,Jacket,5,13929.92,10,851.41,Cash on Delivery
ORD_00237,2025-06-14,CUS_00237,Customer_019,Madurai,Tamil Nadu,Electronics,Laptop,3,183825.58,0,38328.42,Net Banking
ORD_00238,2025-06-14,CUS_00238,Customer_017,Mysuru,Karnataka,Furniture,Sofa,5,120396.8,0,12618.91,UPI
ORD_00239,2025-06-16,CUS_00239,Customer_047,Noida,Delhi,Furniture,Sofa,1,18579.14,20,1196.91,Cash on Delivery
ORD_00240,2025-06-16,CUS_00240,Customer_073,Madurai,Tamil Nadu,Home & Kitchen,Bedsheet,1,1088.56,10,202.54,Credit Card
ORD_00241,2025-06-17,CUS_00241,Customer_121,Surat,Gujarat,Electronics,Headphones,4,8141.55,20,1737.62,Debit Card
ORD_00242,2025-06-19,CUS_00242,Customer_037,Pune,Maharashtra,Clothing,T-Shirt,5,3372.38,20,732.13,Cash on Delivery
ORD_00243,2025-06-21,CUS_00243,Customer_108,Delhi,Delhi,Electronics,Headphones,2,4445.57,10,950.55,Debit Card
ORD_00244,2025-06-22,CUS_00244,Customer_082,Jodhpur,Rajasthan,Home & Kitchen,Air Fryer,5,23778.57,20,5156.64,Cash on Delivery
ORD_00245,2025-06-23,CUS_00245,Customer_032,Gurugram,Delhi,Furniture,Sofa,2,38667.18,15,3794.74,UPI
ORD_00246,2025-06-24,CUS_00246,Customer_120,Vadodara,Gujarat,Electronics,Laptop,2,75916.5,20,9681.61,Net Banking
ORD_00247,2025-06-24,CUS_00247,Customer_107,Nizamabad,Telangana,Home & Kitchen,Mixer Grinder,1,3442.93,15,433.37,Net Banking
ORD_00248,2025-06-24,CUS_00248,Customer_069,Nizamabad,Telangana,Home & Kitchen,Bedsheet,2,2754.0,10,481.32,UPI
ORD_00249,2025-06-25,CUS_00249,Customer_089,Noida,Delhi,Furniture,Sofa,2,50592.26,0,11296.63,Net Banking
ORD_00250,2025-06-25,CUS_00250,Customer_038,Jaipur,Rajasthan,Furniture,Study Table,2,19339.23,0,3197.56,Debit Card
ORD_00251,2025-06-25,CUS_00251,Customer_115,Jodhpur,Rajasthan,Electronics,Smartphone,2,37754.26,20,7407.56,Credit Card
ORD_00252,2025-06-26,CUS_00252,Customer_076,Warangal,Telangana,Home & Kitchen,Mixer Grinder,1,4397.06,10,1045.53,Debit Card
ORD_00253,2025-06-26,CUS_00253,Customer_019,Bengaluru,Karnataka,Furniture,Office Chair,1,7011.03,0,799.33,Cash on Delivery
ORD_00254,2025-06-29,CUS_00254,Customer_025,Jodhpur,Rajasthan,Clothing,Jeans,3,4790.33,10,270.99,Net Banking
ORD_00255,2025-06-30,CUS_00255,Customer_027,Ahmedabad,Gujarat,Home & Kitchen,Air Fryer,4,24184.57,0,3730.69,Credit Card
ORD_00256,2025-06-30,CUS_00256,Customer_011,Madurai,Tamil Nadu,Furniture,Office Chair,2,13912.39,10,2304.72,Cash on Delivery
ORD_00257,2025-06-30,CUS_00257,Customer_093,Bengaluru,Karnataka,Clothing,Jacket,2,6364.96,5,1581.62,Debit Card
ORD_00258,2025-06-30,CUS_00258,Customer_034,Nizamabad,Telangana,Electronics,Smartwatch,2,10280.63,5,2209.9,Cash on Delivery
ORD_00259,2025-07-01,CUS_00259,Customer_027,Madurai,Tamil Nadu,Furniture,Bookshelf,2,10100.66,20,777.91,Credit Card
ORD_00260,2025-07-01,CUS_00260,Customer_041,Coimbatore,Tamil Nadu,Clothing,Jacket,2,7859.72,0,404.04,Cash on Delivery
ORD_00261,2025-07-02,CUS_00261,Customer_094,Ahmedabad,Gujarat,Home & Kitchen,Cookware Set,2,6320.71,15,969.94,UPI
ORD_00262,2025-07-02,CUS_00262,Customer_146,Ahmedabad,Gujarat,Electronics,Smartwatch,4,17042.84,5,2005.15,UPI
ORD_00263,2025-07-03,CUS_00263,Customer_147,Durgapur,West Bengal,Furniture,Bookshelf,3,16866.28,10,2905.94,Cash on Delivery
ORD_00264,2025-07-03,CUS_00264,Customer_104,Mumbai,Maharashtra,Electronics,Smartwatch,4,21793.62,5,2301.97,Debit Card
ORD_00265,2025-07-03,CUS_00265,Customer_097,Udaipur,Rajasthan,Furniture,Bookshelf,3,13696.6,15,2692.21,Debit Card
ORD_00266,2025-07-03,CUS_00266,Customer_137,Chennai,Tamil Nadu,Furniture,Study Table,1,9667.02,5,2278.77,Cash on Delivery
ORD_00267,2025-07-05,CUS_00267,Customer_080,Kolkata,West Bengal,Clothing,Jacket,4,12638.21,10,795.84,Cash on Delivery
ORD_00268,2025-07-06,CUS_00268,Customer_056,Durgapur,West Bengal,Clothing,T-Shirt,4,2946.99,5,609.3,Net Banking
ORD_00269,2025-07-07,CUS_00269,Customer_122,Gurugram,Delhi,Clothing,Jeans,1,1716.38,15,89.23,Credit Card
ORD_00270,2025-07-07,CUS_00270,Customer_003,Pune,Maharashtra,Furniture,Sofa,4,76992.85,10,9220.98,Net Banking
ORD_00271,2025-07-07,CUS_00271,Customer_004,Warangal,Telangana,Clothing,Jeans,5,7552.17,20,421.52,UPI
ORD_00272,2025-07-08,CUS_00272,Customer_032,Coimbatore,Tamil Nadu,Home & Kitchen,Cookware Set,1,3459.23,0,521.65,Credit Card
ORD_00273,2025-07-09,CUS_00273,Customer_015,Pune,Maharashtra,Electronics,Smartwatch,1,4218.16,10,548.24,Debit Card
ORD_00274,2025-07-10,CUS_00274,Customer_143,Nizamabad,Telangana,Clothing,Sneakers,3,8889.26,0,827.64,Net Banking
ORD_00275,2025-07-10,CUS_00275,Customer_100,Hyderabad,Telangana,Clothing,Jacket,1,2660.57,20,504.16,Debit Card
ORD_00276,2025-07-10,CUS_00276,Customer_116,Delhi,Delhi,Home & Kitchen,Mixer Grinder,1,4114.11,10,1012.34,Net Banking
ORD_00277,2025-07-11,CUS_00277,Customer_101,Bengaluru,Karnataka,Home & Kitchen,Bedsheet,1,1527.46,0,243.77,Debit Card
ORD_00278,2025-07-11,CUS_00278,Customer_061,Madurai,Tamil Nadu,Furniture,Sofa,3,61023.22,5,7039.57,Net Banking
ORD_00279,2025-07-12,CUS_00279,Customer_012,Howrah,West Bengal,Home & Kitchen,Bedsheet,4,4386.57,10,365.29,Credit Card
ORD_00280,2025-07-12,CUS_00280,Customer_053,Gurugram,Delhi,Electronics,Laptop,2,116904.4,5,17718.15,UPI
ORD_00281,2025-07-14,CUS_00281,Customer_130,Bengaluru,Karnataka,Home & Kitchen,Cookware Set,2,6289.85,20,744.49,Cash on Delivery
ORD_00282,2025-07-14,CUS_00282,Customer_015,Hyderabad,Telangana,Home & Kitchen,Air Fryer,4,24355.02,10,1553.89,Debit Card
ORD_00283,2025-07-15,CUS_00283,Customer_041,Hyderabad,Telangana,Furniture,Bookshelf,5,25357.63,10,4971.34,Debit Card
ORD_00284,2025-07-15,CUS_00284,Customer_007,Bengaluru,Karnataka,Furniture,Sofa,4,88325.2,5,7363.85,Net Banking
ORD_00285,2025-07-16,CUS_00285,Customer_114,Mangaluru,Karnataka,Furniture,Office Chair,1,6222.47,5,702.92,Net Banking
ORD_00286,2025-07-16,CUS_00286,Customer_147,Nagpur,Maharashtra,Furniture,Bookshelf,4,21287.0,10,2683.95,Debit Card
ORD_00287,2025-07-16,CUS_00287,Customer_068,Delhi,Delhi,Electronics,Smartphone,1,21435.96,5,3985.16,Debit Card
ORD_00288,2025-07-17,CUS_00288,Customer_096,Jaipur,Rajasthan,Clothing,Sneakers,1,3005.47,5,569.36,UPI
ORD_00289,2025-07-17,CUS_00289,Customer_118,Jaipur,Rajasthan,Clothing,Sneakers,3,7188.17,20,1450.62,UPI
ORD_00290,2025-07-17,CUS_00290,Customer_134,Surat,Gujarat,Electronics,Headphones,1,2061.01,20,231.58,Debit Card
ORD_00291,2025-07-20,CUS_00291,Customer_073,Mangaluru,Karnataka,Home & Kitchen,Air Fryer,1,5194.33,20,420.4,UPI
ORD_00292,2025-07-20,CUS_00292,Customer_135,Gurugram,Delhi,Clothing,T-Shirt,3,2237.23,5,163.71,Cash on Delivery
ORD_00293,2025-07-21,CUS_00293,Customer_028,Jaipur,Rajasthan,Furniture,Study Table,3,26167.03,0,5167.49,UPI
ORD_00294,2025-07-21,CUS_00294,Customer_023,Bengaluru,Karnataka,Home & Kitchen,Bedsheet,1,1233.91,10,293.31,Debit Card
ORD_00295,2025-07-22,CUS_00295,Customer_079,Madurai,Tamil Nadu,Home & Kitchen,Air Fryer,1,5833.76,10,1249.43,Credit Card
ORD_00296,2025-07-25,CUS_00296,Customer_071,Mysuru,Karnataka,Clothing,Jacket,2,6305.78,15,338.0,UPI
ORD_00297,2025-07-26,CUS_00297,Customer_043,Jaipur,Rajasthan,Electronics,Smartphone,2,42787.17,0,7356.8,Cash on Delivery
ORD_00298,2025-07-27,CUS_00298,Customer_031,Gurugram,Delhi,Clothing,Jeans,3,4253.02,20,1039.04,Credit Card
ORD_00299,2025-07-28,CUS_00299,Customer_038,Delhi,Delhi,Clothing,T-Shirt,1,857.85,5,165.57,Credit Card
ORD_00300,2025-07-29,CUS_00300,Customer_013,Mangaluru,Karnataka,Home & Kitchen,Cookware Set,3,8576.42,15,1902.18,Net Banking
ORD_00301,2025-07-29,CUS_00301,Customer_104,Mysuru,Karnataka,Furniture,Sofa,2,42418.52,15,9856.81,UPI
ORD_00302,2025-07-30,CUS_00302,Customer_099,Chennai,Tamil Nadu,Furniture,Study Table,5,43020.26,5,8677.2,Cash on Delivery
ORD_00303,2025-08-02,CUS_00303,Customer_104,Surat,Gujarat,Furniture,Bookshelf,1,5307.99,15,704.72,Credit Card
ORD_00304,2025-08-02,CUS_00304,Customer_063,Surat,Gujarat,Clothing,T-Shirt,4,3327.34,0,299.81,Net Banking
ORD_00305,2025-08-02,CUS_00305,Customer_116,Ahmedabad,Gujarat,Furniture,Study Table,3,25721.07,0,5726.21,Net Banking
ORD_00306,2025-08-03,CUS_00306,Customer_144,Durgapur,West Bengal,Clothing,Sneakers,1,2137.16,20,174.68,Debit Card
ORD_00307,2025-08-03,CUS_00307,Customer_141,Delhi,Delhi,Home & Kitchen,Cookware Set,4,14147.29,0,1555.06,Debit Card
ORD_00308,2025-08-03,CUS_00308,Customer_035,Noida,Delhi,Clothing,Sneakers,5,11581.75,5,669.34,UPI
ORD_00309,2025-08-03,CUS_00309,Customer_136,Coimbatore,Tamil Nadu,Home & Kitchen,Cookware Set,2,6325.05,15,1408.46,Debit Card
ORD_00310,2025-08-06,CUS_00310,Customer_057,Hyderabad,Telangana,Clothing,Jeans,5,9398.1,5,558.14,UPI
ORD_00311,2025-08-06,CUS_00311,Customer_081,Delhi,Delhi,Clothing,Jeans,4,6916.13,10,605.74,Credit Card
ORD_00312,2025-08-06,CUS_00312,Customer_068,Ahmedabad,Gujarat,Clothing,T-Shirt,1,653.88,15,139.76,Credit Card
ORD_00313,2025-08-07,CUS_00313,Customer_039,Gurugram,Delhi,Home & Kitchen,Cookware Set,4,13497.93,5,2304.47,Net Banking
ORD_00314,2025-08-08,CUS_00314,Customer_028,Hyderabad,Telangana,Home & Kitchen,Cookware Set,4,13885.92,5,1331.37,Net Banking
ORD_00315,2025-08-08,CUS_00315,Customer_086,Chennai,Tamil Nadu,Clothing,Sneakers,1,2706.02,15,159.44,Debit Card
ORD_00316,2025-08-08,CUS_00316,Customer_125,Gurugram,Delhi,Furniture,Bookshelf,4,20905.74,5,4346.27,Credit Card
ORD_00317,2025-08-09,CUS_00317,Customer_062,Howrah,West Bengal,Home & Kitchen,Cookware Set,5,15814.69,5,1402.56,Cash on Delivery
ORD_00318,2025-08-11,CUS_00318,Customer_036,Vadodara,Gujarat,Furniture,Study Table,1,7079.97,10,379.83,Credit Card
ORD_00319,2025-08-11,CUS_00319,Customer_102,Jaipur,Rajasthan,Clothing,T-Shirt,5,4563.8,5,379.67,Debit Card
ORD_00320,2025-08-12,CUS_00320,Customer_130,Hyderabad,Telangana,Clothing,Jacket,4,14199.14,0,1471.53,Credit Card
ORD_00321,2025-08-12,CUS_00321,Customer_039,Howrah,West Bengal,Clothing,Jacket,2,6134.18,20,929.29,Net Banking
ORD_00322,2025-08-16,CUS_00322,Customer_110,Durgapur,West Bengal,Home & Kitchen,Air Fryer,1,5912.14,20,753.91,Debit Card
ORD_00323,2025-08-17,CUS_00323,Customer_014,Jaipur,Rajasthan,Home & Kitchen,Air Fryer,5,27970.92,10,3715.26,Net Banking
ORD_00324,2025-08-17,CUS_00324,Customer_128,Jodhpur,Rajasthan,Clothing,Jacket,5,13062.14,15,2315.37,Credit Card
ORD_00325,2025-08-17,CUS_00325,Customer_090,Pune,Maharashtra,Furniture,Bookshelf,1,5236.09,10,721.5,Credit Card
ORD_00326,2025-08-21,CUS_00326,Customer_118,Ahmedabad,Gujarat,Home & Kitchen,Bedsheet,1,1385.32,0,203.67,Net Banking
ORD_00327,2025-08-21,CUS_00327,Customer_070,Pune,Maharashtra,Clothing,Jeans,3,5685.16,0,1048.41,Debit Card
ORD_00328,2025-08-22,CUS_00328,Customer_107,Howrah,West Bengal,Home & Kitchen,Bedsheet,3,3392.17,20,430.27,Debit Card
ORD_00329,2025-08-22,CUS_00329,Customer_123,Howrah,West Bengal,Furniture,Office Chair,5,34116.27,15,8509.84,Net Banking
ORD_00330,2025-08-24,CUS_00330,Customer_040,Nizamabad,Telangana,Electronics,Smartwatch,3,17183.87,0,4185.17,Debit Card
ORD_00331,2025-08-25,CUS_00331,Customer_131,Jaipur,Rajasthan,Electronics,Smartwatch,3,11377.68,15,945.04,Credit Card
ORD_00332,2025-08-25,CUS_00332,Customer_040,Pune,Maharashtra,Home & Kitchen,Air Fryer,1,6470.32,0,671.2,UPI
ORD_00333,2025-08-25,CUS_00333,Customer_073,Delhi,Delhi,Home & Kitchen,Air Fryer,1,5923.69,10,1430.67,Credit Card
ORD_00334,2025-08-25,CUS_00334,Customer_035,Coimbatore,Tamil Nadu,Electronics,Laptop,5,245493.12,10,21902.78,Cash on Delivery
ORD_00335,2025-08-26,CUS_00335,Customer_054,Delhi,Delhi,Furniture,Office Chair,4,28893.52,0,4948.03,Net Banking
ORD_00336,2025-08-27,CUS_00336,Customer_001,Howrah,West Bengal,Clothing,Jacket,1,3697.92,0,313.06,Credit Card
ORD_00337,2025-08-27,CUS_00337,Customer_036,Hyderabad,Telangana,Clothing,Jacket,3,9532.25,20,1398.87,Cash on Delivery
ORD_00338,2025-08-27,CUS_00338,Customer_045,Warangal,Telangana,Furniture,Office Chair,4,28080.16,10,2590.29,Debit Card
ORD_00339,2025-08-27,CUS_00339,Customer_038,Nagpur,Maharashtra,Furniture,Bookshelf,2,13650.59,0,1424.97,Debit Card
ORD_00340,2025-08-29,CUS_00340,Customer_102,Ahmedabad,Gujarat,Electronics,Smartwatch,4,18713.66,10,3776.44,UPI
ORD_00341,2025-08-29,CUS_00341,Customer_020,Noida,Delhi,Clothing,Sneakers,5,12142.94,0,1865.79,Net Banking
ORD_00342,2025-08-30,CUS_00342,Customer_030,Howrah,West Bengal,Furniture,Bookshelf,5,29469.7,5,1961.2,Debit Card
ORD_00343,2025-09-03,CUS_00343,Customer_150,Gurugram,Delhi,Home & Kitchen,Mixer Grinder,2,7723.19,15,1181.54,UPI
ORD_00344,2025-09-05,CUS_00344,Customer_009,Ahmedabad,Gujarat,Clothing,T-Shirt,5,3579.36,20,179.29,Debit Card
ORD_00345,2025-09-07,CUS_00345,Customer_138,Noida,Delhi,Furniture,Office Chair,2,11589.26,20,2634.66,Debit Card
ORD_00346,2025-09-08,CUS_00346,Customer_011,Howrah,West Bengal,Home & Kitchen,Cookware Set,3,10121.19,15,1279.83,Credit Card
ORD_00347,2025-09-11,CUS_00347,Customer_084,Coimbatore,Tamil Nadu,Home & Kitchen,Mixer Grinder,4,13391.2,15,3076.1,Debit Card
ORD_00348,2025-09-15,CUS_00348,Customer_085,Jaipur,Rajasthan,Home & Kitchen,Bedsheet,1,1566.05,0,89.27,Net Banking
ORD_00349,2025-09-17,CUS_00349,Customer_052,Mysuru,Karnataka,Clothing,Sneakers,3,8946.52,5,746.2,Debit Card
ORD_00350,2025-09-19,CUS_00350,Customer_033,Warangal,Telangana,Electronics,Headphones,2,4851.63,5,770.22,Debit Card
ORD_00351,2025-09-19,CUS_00351,Customer_055,Nagpur,Maharashtra,Electronics,Laptop,1,44022.48,15,4663.77,Debit Card
ORD_00352,2025-09-20,CUS_00352,Customer_084,Nagpur,Maharashtra,Electronics,Headphones,1,2422.96,5,565.88,UPI
ORD_00353,2025-09-20,CUS_00353,Customer_130,Udaipur,Rajasthan,Home & Kitchen,Cookware Set,2,5339.45,15,862.66,Debit Card
ORD_00354,2025-09-21,CUS_00354,Customer_045,Hyderabad,Telangana,Furniture,Bookshelf,3,14894.51,10,1526.22,Cash on Delivery
ORD_00355,2025-09-22,CUS_00355,Customer_030,Mangaluru,Karnataka,Electronics,Smartwatch,3,13341.91,20,2109.89,UPI
ORD_00356,2025-09-23,CUS_00356,Customer_071,Coimbatore,Tamil Nadu,Electronics,Laptop,2,116750.3,0,10611.21,Credit Card
ORD_00357,2025-09-23,CUS_00357,Customer_032,Mumbai,Maharashtra,Home & Kitchen,Air Fryer,3,17882.29,20,3290.05,UPI
ORD_00358,2025-09-24,CUS_00358,Customer_149,Coimbatore,Tamil Nadu,Clothing,T-Shirt,3,2131.36,10,211.15,Debit Card
ORD_00359,2025-09-24,CUS_00359,Customer_136,Vadodara,Gujarat,Clothing,Jeans,3,5715.87,0,1374.84,Debit Card
ORD_00360,2025-09-24,CUS_00360,Customer_013,Howrah,West Bengal,Home & Kitchen,Cookware Set,5,16832.71,5,1874.84,Debit Card
ORD_00361,2025-09-24,CUS_00361,Customer_130,Madurai,Tamil Nadu,Clothing,Jacket,3,10167.84,5,1443.43,Credit Card
ORD_00362,2025-09-26,CUS_00362,Customer_082,Jaipur,Rajasthan,Furniture,Bookshelf,5,25940.03,20,4970.74,Debit Card
ORD_00363,2025-09-26,CUS_00363,Customer_058,Pune,Maharashtra,Clothing,T-Shirt,3,2569.87,5,597.72,Cash on Delivery
ORD_00364,2025-09-26,CUS_00364,Customer_110,Vadodara,Gujarat,Furniture,Office Chair,1,6001.27,15,855.92,Debit Card
ORD_00365,2025-09-30,CUS_00365,Customer_129,Jodhpur,Rajasthan,Furniture,Office Chair,4,26962.85,0,2168.08,Credit Card
ORD_00366,2025-09-30,CUS_00366,Customer_103,Mangaluru,Karnataka,Electronics,Smartphone,4,104819.66,5,16193.27,Debit Card
ORD_00367,2025-09-30,CUS_00367,Customer_092,Madurai,Tamil Nadu,Clothing,Sneakers,5,12648.11,10,655.31,Debit Card
ORD_00368,2025-10-04,CUS_00368,Customer_150,Pune,Maharashtra,Clothing,Sneakers,3,7700.81,20,1823.08,Cash on Delivery
ORD_00369,2025-10-04,CUS_00369,Customer_126,Warangal,Telangana,Electronics,Smartphone,3,79202.53,5,6089.65,Cash on Delivery
ORD_00370,2025-10-04,CUS_00370,Customer_051,Ahmedabad,Gujarat,Clothing,Sneakers,3,8016.48,5,1365.9,Net Banking
ORD_00371,2025-10-05,CUS_00371,Customer_069,Warangal,Telangana,Furniture,Sofa,1,18445.84,20,3276.98,Net Banking
ORD_00372,2025-10-06,CUS_00372,Customer_013,Gurugram,Delhi,Home & Kitchen,Bedsheet,2,2072.01,20,202.48,UPI
ORD_00373,2025-10-07,CUS_00373,Customer_029,Delhi,Delhi,Home & Kitchen,Cookware Set,3,9118.88,20,640.83,Credit Card
ORD_00374,2025-10-07,CUS_00374,Customer_038,Howrah,West Bengal,Home & Kitchen,Cookware Set,4,11015.63,10,1084.29,Net Banking
ORD_00375,2025-10-08,CUS_00375,Customer_064,Delhi,Delhi,Clothing,Jacket,1,3146.19,5,291.4,Cash on Delivery
ORD_00376,2025-10-09,CUS_00376,Customer_117,Gurugram,Delhi,Electronics,Smartwatch,3,12575.49,15,1297.84,Cash on Delivery
ORD_00377,2025-10-09,CUS_00377,Customer_008,Mumbai,Maharashtra,Home & Kitchen,Air Fryer,1,6364.91,10,1588.45,UPI
ORD_00378,2025-10-10,CUS_00378,Customer_129,Coimbatore,Tamil Nadu,Furniture,Bookshelf,2,10639.52,0,1208.66,UPI
ORD_00379,2025-10-10,CUS_00379,Customer_137,Noida,Delhi,Furniture,Sofa,1,15493.93,20,1464.41,Credit Card
ORD_00380,2025-10-11,CUS_00380,Customer_134,Nizamabad,Telangana,Clothing,Jacket,4,12643.78,20,1379.77,Cash on Delivery
ORD_00381,2025-10-11,CUS_00381,Customer_025,Vadodara,Gujarat,Home & Kitchen,Mixer Grinder,3,12412.4,15,2361.18,UPI
ORD_00382,2025-10-11,CUS_00382,Customer_038,Jodhpur,Rajasthan,Electronics,Laptop,1,50314.85,0,9853.39,Net Banking
ORD_00383,2025-10-15,CUS_00383,Customer_113,Ahmedabad,Gujarat,Furniture,Office Chair,3,16643.69,15,1593.28,Credit Card
ORD_00384,2025-10-16,CUS_00384,Customer_068,Warangal,Telangana,Electronics,Headphones,1,2022.36,5,297.53,Net Banking
ORD_00385,2025-10-17,CUS_00385,Customer_044,Pune,Maharashtra,Electronics,Smartwatch,3,13653.53,5,778.09,Net Banking
ORD_00386,2025-10-17,CUS_00386,Customer_019,Madurai,Tamil Nadu,Electronics,Smartwatch,3,12291.28,15,2911.65,Net Banking
ORD_00387,2025-10-18,CUS_00387,Customer_048,Kolkata,West Bengal,Clothing,Sneakers,3,7243.45,10,950.36,Credit Card
ORD_00388,2025-10-19,CUS_00388,Customer_120,Mangaluru,Karnataka,Clothing,Sneakers,4,9856.59,10,2081.02,Net Banking
ORD_00389,2025-10-19,CUS_00389,Customer_049,Vadodara,Gujarat,Home & Kitchen,Bedsheet,4,6270.15,0,1537.43,Cash on Delivery
ORD_00390,2025-10-20,CUS_00390,Customer_048,Pune,Maharashtra,Furniture,Sofa,5,120354.29,0,15169.35,Cash on Delivery
ORD_00391,2025-10-20,CUS_00391,Customer_066,Warangal,Telangana,Home & Kitchen,Cookware Set,3,10391.05,5,1354.76,UPI
ORD_00392,2025-10-20,CUS_00392,Customer_133,Gurugram,Delhi,Home & Kitchen,Bedsheet,3,4032.8,15,942.67,Credit Card
ORD_00393,2025-10-21,CUS_00393,Customer_075,Mumbai,Maharashtra,Electronics,Smartphone,1,18790.95,15,2959.18,Credit Card
ORD_00394,2025-10-24,CUS_00394,Customer_081,Udaipur,Rajasthan,Furniture,Bookshelf,3,17495.65,15,2009.71,Debit Card
ORD_00395,2025-10-24,CUS_00395,Customer_127,Udaipur,Rajasthan,Clothing,Sneakers,4,10951.14,5,1600.85,Cash on Delivery
ORD_00396,2025-10-26,CUS_00396,Customer_107,Pune,Maharashtra,Home & Kitchen,Bedsheet,3,3593.98,20,858.03,Net Banking
ORD_00397,2025-10-29,CUS_00397,Customer_011,Howrah,West Bengal,Furniture,Sofa,2,39826.77,5,8597.12,Net Banking
ORD_00398,2025-10-29,CUS_00398,Customer_035,Surat,Gujarat,Furniture,Office Chair,1,7111.98,10,1693.62,Credit Card
ORD_00399,2025-10-29,CUS_00399,Customer_001,Gurugram,Delhi,Furniture,Office Chair,3,22489.6,0,5287.61,Net Banking
ORD_00400,2025-10-30,CUS_00400,Customer_045,Delhi,Delhi,Home & Kitchen,Cookware Set,3,10993.72,0,2250.36,Debit Card
ORD_00401,2025-10-30,CUS_00401,Customer_109,Hyderabad,Telangana,Electronics,Laptop,2,118373.36,5,26792.4,Cash on Delivery
ORD_00402,2025-10-30,CUS_00402,Customer_061,Jaipur,Rajasthan,Electronics,Smartwatch,1,4356.12,5,228.4,Net Banking
ORD_00403,2025-10-30,CUS_00403,Customer_086,Noida,Delhi,Home & Kitchen,Air Fryer,5,27529.6,10,6236.74,Cash on Delivery
ORD_00404,2025-10-31,CUS_00404,Customer_061,Mysuru,Karnataka,Home & Kitchen,Air Fryer,3,21224.65,0,3510.15,Debit Card
ORD_00405,2025-11-01,CUS_00405,Customer_126,Hyderabad,Telangana,Electronics,Headphones,4,9043.34,5,1620.25,UPI
ORD_00406,2025-11-01,CUS_00406,Customer_037,Kolkata,West Bengal,Home & Kitchen,Cookware Set,2,6566.33,0,849.7,UPI
ORD_00407,2025-11-01,CUS_00407,Customer_093,Durgapur,West Bengal,Electronics,Smartwatch,2,7750.81,20,977.25,UPI
ORD_00408,2025-11-02,CUS_00408,Customer_111,Udaipur,Rajasthan,Home & Kitchen,Mixer Grinder,3,11668.44,15,1991.08,Cash on Delivery
ORD_00409,2025-11-02,CUS_00409,Customer_058,Coimbatore,Tamil Nadu,Clothing,Jacket,4,12012.77,20,2424.34,Net Banking
ORD_00410,2025-11-03,CUS_00410,Customer_111,Noida,Delhi,Home & Kitchen,Bedsheet,3,3524.31,20,862.89,UPI
ORD_00411,2025-11-05,CUS_00411,Customer_010,Madurai,Tamil Nadu,Home & Kitchen,Cookware Set,5,14210.04,10,1011.49,Debit Card
ORD_00412,2025-11-05,CUS_00412,Customer_149,Howrah,West Bengal,Furniture,Sofa,1,18802.95,10,3163.69,UPI
ORD_00413,2025-11-06,CUS_00413,Customer_088,Surat,Gujarat,Furniture,Office Chair,1,5292.89,20,1130.39,UPI
ORD_00414,2025-11-06,CUS_00414,Customer_011,Hyderabad,Telangana,Electronics,Laptop,4,222172.4,10,51519.76,Net Banking
ORD_00415,2025-11-07,CUS_00415,Customer_099,Jaipur,Rajasthan,Furniture,Bookshelf,3,18373.04,0,2640.92,Cash on Delivery
ORD_00416,2025-11-07,CUS_00416,Customer_065,Vadodara,Gujarat,Home & Kitchen,Cookware Set,2,5078.4,15,553.59,Net Banking
ORD_00417,2025-11-07,CUS_00417,Customer_126,Chennai,Tamil Nadu,Furniture,Office Chair,5,29057.49,20,5031.96,Debit Card
ORD_00418,2025-11-07,CUS_00418,Customer_019,Madurai,Tamil Nadu,Furniture,Study Table,1,6593.29,20,905.91,Credit Card
ORD_00419,2025-11-07,CUS_00419,Customer_132,Mysuru,Karnataka,Home & Kitchen,Mixer Grinder,5,19878.38,15,4129.94,Cash on Delivery
ORD_00420,2025-11-09,CUS_00420,Customer_116,Mysuru,Karnataka,Home & Kitchen,Bedsheet,4,4305.5,15,945.43,UPI
ORD_00421,2025-11-09,CUS_00421,Customer_119,Durgapur,West Bengal,Home & Kitchen,Bedsheet,1,1367.51,15,127.51,Net Banking
ORD_00422,2025-11-09,CUS_00422,Customer_142,Madurai,Tamil Nadu,Home & Kitchen,Air Fryer,5,23914.34,15,4963.24,Net Banking
ORD_00423,2025-11-10,CUS_00423,Customer_078,Nagpur,Maharashtra,Home & Kitchen,Bedsheet,4,4865.14,10,1004.33,UPI
ORD_00424,2025-11-10,CUS_00424,Customer_106,Durgapur,West Bengal,Furniture,Sofa,1,19332.46,20,2229.97,UPI
ORD_00425,2025-11-10,CUS_00425,Customer_062,Noida,Delhi,Electronics,Headphones,2,3475.03,20,468.97,UPI
ORD_00426,2025-11-11,CUS_00426,Customer_130,Madurai,Tamil Nadu,Clothing,Jacket,2,5748.43,20,938.39,Debit Card
ORD_00427,2025-11-11,CUS_00427,Customer_010,Mumbai,Maharashtra,Furniture,Office Chair,2,13247.16,15,932.08,Debit Card
ORD_00428,2025-11-12,CUS_00428,Customer_013,Gurugram,Delhi,Furniture,Sofa,5,98120.59,5,20803.79,Credit Card
ORD_00429,2025-11-12,CUS_00429,Customer_014,Madurai,Tamil Nadu,Clothing,T-Shirt,4,3572.26,10,746.79,Debit Card
ORD_00430,2025-11-13,CUS_00430,Customer_124,Udaipur,Rajasthan,Home & Kitchen,Air Fryer,3,21438.5,0,2672.27,UPI
ORD_00431,2025-11-14,CUS_00431,Customer_084,Udaipur,Rajasthan,Home & Kitchen,Mixer Grinder,2,9666.29,5,1692.19,Debit Card
ORD_00432,2025-11-15,CUS_00432,Customer_049,Coimbatore,Tamil Nadu,Home & Kitchen,Cookware Set,2,6132.33,15,1318.51,Debit Card
ORD_00433,2025-11-16,CUS_00433,Customer_018,Howrah,West Bengal,Home & Kitchen,Bedsheet,3,4810.28,0,251.69,Credit Card
ORD_00434,2025-11-17,CUS_00434,Customer_084,Warangal,Telangana,Electronics,Headphones,2,4587.95,20,857.55,Net Banking
ORD_00435,2025-11-17,CUS_00435,Customer_012,Nizamabad,Telangana,Home & Kitchen,Mixer Grinder,5,19878.25,0,1745.86,Debit Card
ORD_00436,2025-11-18,CUS_00436,Customer_111,Jodhpur,Rajasthan,Home & Kitchen,Air Fryer,1,4848.85,15,686.62,Net Banking
ORD_00437,2025-11-18,CUS_00437,Customer_104,Mysuru,Karnataka,Furniture,Office Chair,4,22706.58,5,4697.63,Debit Card
ORD_00438,2025-11-19,CUS_00438,Customer_146,Ahmedabad,Gujarat,Electronics,Laptop,1,56743.61,10,9612.9,Credit Card
ORD_00439,2025-11-19,CUS_00439,Customer_012,Coimbatore,Tamil Nadu,Clothing,Sneakers,1,2488.44,10,532.84,UPI
ORD_00440,2025-11-20,CUS_00440,Customer_137,Warangal,Telangana,Furniture,Office Chair,5,25855.5,15,2431.58,Debit Card
ORD_00441,2025-11-20,CUS_00441,Customer_047,Udaipur,Rajasthan,Home & Kitchen,Mixer Grinder,4,13956.28,20,2204.7,Cash on Delivery
ORD_00442,2025-11-21,CUS_00442,Customer_059,Gurugram,Delhi,Electronics,Smartwatch,2,7756.23,10,1089.28,UPI
ORD_00443,2025-11-22,CUS_00443,Customer_054,Jaipur,Rajasthan,Electronics,Headphones,5,13495.8,0,2268.46,Net Banking
ORD_00444,2025-11-22,CUS_00444,Customer_086,Warangal,Telangana,Home & Kitchen,Cookware Set,3,8483.05,20,1199.26,Credit Card
ORD_00445,2025-11-22,CUS_00445,Customer_119,Madurai,Tamil Nadu,Furniture,Study Table,5,41863.93,15,5957.43,Cash on Delivery
ORD_00446,2025-11-23,CUS_00446,Customer_047,Nizamabad,Telangana,Electronics,Headphones,4,9698.7,10,763.9,Credit Card
ORD_00447,2025-11-23,CUS_00447,Customer_145,Mumbai,Maharashtra,Electronics,Laptop,3,135219.69,20,16784.61,UPI
ORD_00448,2025-11-26,CUS_00448,Customer_012,Noida,Delhi,Clothing,Jacket,1,3270.54,10,752.98,Cash on Delivery
ORD_00449,2025-11-26,CUS_00449,Customer_017,Surat,Gujarat,Furniture,Sofa,3,56096.11,10,13096.35,UPI
ORD_00450,2025-11-27,CUS_00450,Customer_051,Coimbatore,Tamil Nadu,Clothing,Jacket,1,3171.05,20,588.97,Net Banking
ORD_00451,2025-11-27,CUS_00451,Customer_116,Mangaluru,Karnataka,Clothing,Jeans,3,4874.54,15,696.32,Credit Card
ORD_00452,2025-11-28,CUS_00452,Customer_097,Mangaluru,Karnataka,Home & Kitchen,Cookware Set,3,8854.18,20,1183.63,UPI
ORD_00453,2025-11-29,CUS_00453,Customer_139,Delhi,Delhi,Clothing,Jacket,1,2705.54,10,159.55,Net Banking
ORD_00454,2025-11-30,CUS_00454,Customer_148,Chennai,Tamil Nadu,Electronics,Laptop,4,183991.28,15,29067.16,Credit Card
ORD_00455,2025-12-01,CUS_00455,Customer_066,Warangal,Telangana,Electronics,Headphones,1,1963.17,20,253.45,Credit Card
ORD_00456,2025-12-01,CUS_00456,Customer_060,Warangal,Telangana,Clothing,Jeans,2,3350.48,5,396.61,Net Banking
ORD_00457,2025-12-01,CUS_00457,Customer_037,Nagpur,Maharashtra,Clothing,Sneakers,2,5319.09,5,956.72,Cash on Delivery
ORD_00458,2025-12-01,CUS_00458,Customer_149,Gurugram,Delhi,Furniture,Sofa,5,113761.02,0,8825.24,UPI
ORD_00459,2025-12-02,CUS_00459,Customer_107,Madurai,Tamil Nadu,Clothing,Sneakers,2,5365.82,10,287.86,Net Banking
ORD_00460,2025-12-03,CUS_00460,Customer_065,Chennai,Tamil Nadu,Clothing,T-Shirt,1,769.04,20,184.12,Debit Card
ORD_00461,2025-12-03,CUS_00461,Customer_049,Hyderabad,Telangana,Electronics,Laptop,3,145815.02,15,13493.16,Cash on Delivery
ORD_00462,2025-12-03,CUS_00462,Customer_081,Udaipur,Rajasthan,Clothing,Sneakers,5,13901.23,0,860.41,UPI
ORD_00463,2025-12-04,CUS_00463,Customer_084,Mumbai,Maharashtra,Home & Kitchen,Mixer Grinder,3,9186.82,20,1983.59,Credit Card
ORD_00464,2025-12-07,CUS_00464,Customer_011,Kolkata,West Bengal,Clothing,Sneakers,1,2881.53,5,713.05,Credit Card
ORD_00465,2025-12-08,CUS_00465,Customer_058,Nagpur,Maharashtra,Clothing,Jeans,3,4275.42,20,931.13,UPI
ORD_00466,2025-12-08,CUS_00466,Customer_109,Delhi,Delhi,Home & Kitchen,Bedsheet,4,6406.58,0,1029.81,Net Banking
ORD_00467,2025-12-09,CUS_00467,Customer_079,Pune,Maharashtra,Home & Kitchen,Bedsheet,5,7298.64,5,928.9,Net Banking
ORD_00468,2025-12-11,CUS_00468,Customer_052,Ahmedabad,Gujarat,Clothing,Jacket,2,6512.81,5,391.22,Cash on Delivery
ORD_00469,2025-12-11,CUS_00469,Customer_059,Mangaluru,Karnataka,Furniture,Study Table,3,19444.47,20,1183.74,UPI
ORD_00470,2025-12-11,CUS_00470,Customer_147,Mumbai,Maharashtra,Furniture,Office Chair,3,17934.78,20,2924.55,Net Banking
ORD_00471,2025-12-12,CUS_00471,Customer_144,Hyderabad,Telangana,Clothing,Sneakers,1,2351.55,5,238.89,UPI
ORD_00472,2025-12-12,CUS_00472,Customer_132,Nizamabad,Telangana,Clothing,Jeans,4,6223.42,15,1440.41,Cash on Delivery
ORD_00473,2025-12-13,CUS_00473,Customer_079,Jodhpur,Rajasthan,Home & Kitchen,Bedsheet,2,2540.77,5,450.55,Debit Card
ORD_00474,2025-12-13,CUS_00474,Customer_140,Ahmedabad,Gujarat,Electronics,Laptop,2,103818.3,5,11881.29,Credit Card
ORD_00475,2025-12-14,CUS_00475,Customer_001,Kolkata,West Bengal,Furniture,Sofa,2,37744.68,20,8098.43,UPI
ORD_00476,2025-12-15,CUS_00476,Customer_070,Coimbatore,Tamil Nadu,Furniture,Study Table,3,29563.1,0,2369.29,Debit Card
ORD_00477,2025-12-16,CUS_00477,Customer_139,Jodhpur,Rajasthan,Furniture,Bookshelf,1,5883.91,0,1284.4,Debit Card
ORD_00478,2025-12-16,CUS_00478,Customer_056,Noida,Delhi,Furniture,Office Chair,3,18097.67,0,2646.41,Debit Card
ORD_00479,2025-12-16,CUS_00479,Customer_042,Surat,Gujarat,Home & Kitchen,Bedsheet,5,7998.22,0,1470.57,Net Banking
ORD_00480,2025-12-16,CUS_00480,Customer_005,Madurai,Tamil Nadu,Clothing,Jacket,3,8557.53,10,1133.24,Credit Card
ORD_00481,2025-12-17,CUS_00481,Customer_014,Coimbatore,Tamil Nadu,Electronics,Headphones,2,5142.06,5,663.48,Cash on Delivery
ORD_00482,2025-12-17,CUS_00482,Customer_007,Surat,Gujarat,Furniture,Office Chair,5,34092.27,0,5267.13,Cash on Delivery
ORD_00483,2025-12-18,CUS_00483,Customer_037,Kolkata,West Bengal,Clothing,T-Shirt,3,2304.66,5,416.34,UPI
ORD_00484,2025-12-18,CUS_00484,Customer_063,Howrah,West Bengal,Clothing,Jacket,3,10043.03,5,553.21,UPI
ORD_00485,2025-12-19,CUS_00485,Customer_074,Durgapur,West Bengal,Clothing,T-Shirt,4,3491.71,5,519.55,Net Banking
ORD_00486,2025-12-20,CUS_00486,Customer_106,Mumbai,Maharashtra,Home & Kitchen,Mixer Grinder,3,13942.65,10,1816.71,Debit Card
ORD_00487,2025-12-20,CUS_00487,Customer_111,Mangaluru,Karnataka,Home & Kitchen,Air Fryer,1,5325.53,20,739.23,Debit Card
ORD_00488,2025-12-20,CUS_00488,Customer_091,Durgapur,West Bengal,Furniture,Bookshelf,1,6006.25,10,973.54,Cash on Delivery
ORD_00489,2025-12-21,CUS_00489,Customer_137,Bengaluru,Karnataka,Electronics,Laptop,4,211588.9,15,20429.46,Cash on Delivery
ORD_00490,2025-12-22,CUS_00490,Customer_005,Bengaluru,Karnataka,Electronics,Smartwatch,5,19885.44,20,2816.52,Credit Card
ORD_00491,2025-12-25,CUS_00491,Customer_010,Howrah,West Bengal,Electronics,Smartwatch,1,4352.97,15,1074.38,Cash on Delivery
ORD_00492,2025-12-26,CUS_00492,Customer_005,Gurugram,Delhi,Home & Kitchen,Cookware Set,5,13953.69,10,1123.04,Cash on Delivery
ORD_00493,2025-12-26,CUS_00493,Customer_044,Udaipur,Rajasthan,Electronics,Headphones,3,6206.25,10,810.79,Net Banking
ORD_00494,2025-12-27,CUS_00494,Customer_066,Warangal,Telangana,Home & Kitchen,Cookware Set,5,15064.84,0,1438.26,Net Banking
ORD_00495,2025-12-27,CUS_00495,Customer_091,Coimbatore,Tamil Nadu,Home & Kitchen,Mixer Grinder,3,13410.68,5,1398.92,UPI
ORD_00496,2025-12-30,CUS_00496,Customer_139,Kolkata,West Bengal,Electronics,Smartwatch,2,7507.41,15,847.36,Cash on Delivery
ORD_00497,2025-12-30,CUS_00497,Customer_086,Chennai,Tamil Nadu,Electronics,Smartphone,1,20842.81,15,1957.18,UPI
ORD_00498,2025-12-31,CUS_00498,Customer_088,Vadodara,Gujarat,Electronics,Laptop,1,46228.35,5,8173.23,Debit Card
ORD_00499,2025-12-31,CUS_00499,Customer_113,Ahmedabad,Gujarat,Home & Kitchen,Cookware Set,4,14336.93,0,1018.67,Credit Card
ORD_00500,2025-12-31,CUS_00500,Customer_062,Madurai,Tamil Nadu,Electronics,Headphones,2,3769.62,15,502.22,UPI
ORD_00501,2025-01-02,CUS_00501,Customer_078,Jaipur,Rajasthan,Clothing,Jeans,4,7679.33,5,748.8,Net Banking
ORD_00502,2025-01-02,CUS_00502,Customer_132,Jaipur,Rajasthan,Home & Kitchen,Air Fryer,3,18610.35,15,1608.81,Credit Card
ORD_00503,2025-01-02,CUS_00503,Customer_016,Warangal,Telangana,Clothing,T-Shirt,3,2239.11,10,376.15,Credit Card
ORD_00504,2025-01-02,CUS_00504,Customer_117,Pune,Maharashtra,Furniture,Bookshelf,1,5272.24,15,444.82,Net Banking
ORD_00505,2025-01-02,CUS_00505,Customer_097,Hyderabad,Telangana,Electronics,Smartwatch,1,4340.4,15,826.82,UPI
ORD_00506,2025-01-03,CUS_00506,Customer_007,Madurai,Tamil Nadu,Furniture,Sofa,2,42539.95,10,4274.73,Debit Card
ORD_00507,2025-01-03,CUS_00507,Customer_009,Mysuru,Karnataka,Furniture,Bookshelf,3,15399.12,5,3108.6,Net Banking
ORD_00508,2025-01-04,CUS_00508,Customer_029,Bengaluru,Karnataka,Furniture,Bookshelf,3,15830.37,5,1294.73,UPI
ORD_00509,2025-01-06,CUS_00509,Customer_060,Vadodara,Gujarat,Furniture,Study Table,5,36825.9,20,4674.03,Net Banking
ORD_00510,2025-01-07,CUS_00510,Customer_055,Mangaluru,Karnataka,Furniture,Office Chair,2,10130.64,20,1199.07,Cash on Delivery
ORD_00511,2025-01-07,CUS_00511,Customer_072,Gurugram,Delhi,Home & Kitchen,Bedsheet,2,2800.79,10,420.97,Debit Card
ORD_00512,2025-01-07,CUS_00512,Customer_125,Nizamabad,Telangana,Furniture,Study Table,5,39843.39,10,3028.79,Net Banking
ORD_00513,2025-01-08,CUS_00513,Customer_053,Nagpur,Maharashtra,Home & Kitchen,Bedsheet,3,4789.92,0,1071.62,Debit Card
ORD_00514,2025-01-09,CUS_00514,Customer_148,Vadodara,Gujarat,Home & Kitchen,Mixer Grinder,3,11169.66,15,2060.54,Cash on Delivery
ORD_00515,2025-01-09,CUS_00515,Customer_123,Nagpur,Maharashtra,Furniture,Study Table,4,28556.4,10,2137.27,UPI
ORD_00516,2025-01-13,CUS_00516,Customer_125,Ahmedabad,Gujarat,Furniture,Sofa,4,82129.32,15,9942.9,Cash on Delivery
ORD_00517,2025-01-13,CUS_00517,Customer_084,Jaipur,Rajasthan,Clothing,T-Shirt,4,3786.59,0,380.66,Net Banking
ORD_00518,2025-01-15,CUS_00518,Customer_047,Noida,Delhi,Home & Kitchen,Bedsheet,1,1020.48,15,236.89,UPI
ORD_00519,2025-01-16,CUS_00519,Customer_039,Gurugram,Delhi,Clothing,Jeans,1,1557.28,10,389.18,Net Banking
ORD_00520,2025-01-16,CUS_00520,Customer_119,Nizamabad,Telangana,Electronics,Smartwatch,3,14212.74,15,2813.36,UPI
ORD_00521,2025-01-18,CUS_00521,Customer_019,Mangaluru,Karnataka,Furniture,Sofa,5,91299.37,20,13184.85,UPI
ORD_00522,2025-01-18,CUS_00522,Customer_091,Hyderabad,Telangana,Furniture,Office Chair,1,5138.27,15,1010.18,Net Banking
ORD_00523,2025-01-19,CUS_00523,Customer_044,Warangal,Telangana,Furniture,Sofa,1,19860.38,20,1882.69,Debit Card
ORD_00524,2025-01-20,CUS_00524,Customer_121,Pune,Maharashtra,Furniture,Sofa,1,18772.81,0,4535.79,Debit Card
ORD_00525,2025-01-20,CUS_00525,Customer_108,Ahmedabad,Gujarat,Clothing,Jeans,5,7947.89,20,947.29,Cash on Delivery
ORD_00526,2025-01-20,CUS_00526,Customer_132,Nizamabad,Telangana,Clothing,Jacket,3,10253.94,15,1303.02,Credit Card
ORD_00527,2025-01-21,CUS_00527,Customer_085,Mangaluru,Karnataka,Clothing,Jacket,2,6149.05,20,546.8,Cash on Delivery
ORD_00528,2025-01-22,CUS_00528,Customer_084,Bengaluru,Karnataka,Electronics,Headphones,5,11242.36,15,2450.72,Debit Card
ORD_00529,2025-01-22,CUS_00529,Customer_119,Nizamabad,Telangana,Clothing,T-Shirt,1,820.34,10,101.35,Net Banking
ORD_00530,2025-01-23,CUS_00530,Customer_104,Hyderabad,Telangana,Home & Kitchen,Bedsheet,1,1285.0,15,244.16,UPI
ORD_00531,2025-01-25,CUS_00531,Customer_010,Mysuru,Karnataka,Clothing,Jeans,3,4378.08,15,720.67,Credit Card
ORD_00532,2025-01-25,CUS_00532,Customer_112,Durgapur,West Bengal,Electronics,Headphones,4,10139.38,0,831.89,Credit Card
ORD_00533,2025-01-25,CUS_00533,Customer_046,Ahmedabad,Gujarat,Electronics,Smartwatch,5,23698.84,5,1834.71,Net Banking
ORD_00534,2025-01-26,CUS_00534,Customer_137,Chennai,Tamil Nadu,Furniture,Bookshelf,3,12251.16,20,2779.07,UPI
ORD_00535,2025-01-27,CUS_00535,Customer_005,Mysuru,Karnataka,Electronics,Headphones,4,8353.15,15,530.61,Net Banking
ORD_00536,2025-01-28,CUS_00536,Customer_103,Durgapur,West Bengal,Clothing,Sneakers,5,9681.91,20,1449.52,UPI
ORD_00537,2025-01-28,CUS_00537,Customer_149,Howrah,West Bengal,Electronics,Smartwatch,4,18216.85,15,4461.64,UPI
ORD_00538,2025-01-29,CUS_00538,Customer_123,Jaipur,Rajasthan,Electronics,Smartwatch,5,21936.15,0,2812.96,UPI
ORD_00539,2025-01-29,CUS_00539,Customer_046,Pune,Maharashtra,Furniture,Bookshelf,5,27234.39,10,1743.16,UPI
ORD_00540,2025-01-29,CUS_00540,Customer_002,Nizamabad,Telangana,Home & Kitchen,Cookware Set,3,8307.38,15,487.1,Net Banking
ORD_00541,2025-01-30,CUS_00541,Customer_022,Warangal,Telangana,Furniture,Study Table,4,26507.41,20,5587.54,Cash on Delivery
ORD_00542,2025-01-30,CUS_00542,Customer_122,Vadodara,Gujarat,Furniture,Sofa,3,57636.77,0,6412.82,Cash on Delivery
ORD_00543,2025-02-03,CUS_00543,Customer_069,Kolkata,West Bengal,Home & Kitchen,Cookware Set,1,2967.96,15,187.72,Net Banking
ORD_00544,2025-02-04,CUS_00544,Customer_012,Coimbatore,Tamil Nadu,Electronics,Laptop,1,50455.17,20,10980.58,Debit Card
ORD_00545,2025-02-05,CUS_00545,Customer_029,Chennai,Tamil Nadu,Home & Kitchen,Bedsheet,5,5178.81,20,818.09,Net Banking
ORD_00546,2025-02-05,CUS_00546,Customer_044,Jodhpur,Rajasthan,Furniture,Office Chair,3,19085.13,15,1183.82,Net Banking
ORD_00547,2025-02-06,CUS_00547,Customer_143,Nizamabad,Telangana,Furniture,Bookshelf,3,19284.5,0,3405.28,Net Banking
ORD_00548,2025-02-07,CUS_00548,Customer_102,Vadodara,Gujarat,Electronics,Headphones,3,6931.92,5,913.32,Net Banking
ORD_00549,2025-02-07,CUS_00549,Customer_124,Bengaluru,Karnataka,Furniture,Sofa,2,48085.61,0,7701.94,Debit Card
ORD_00550,2025-02-07,CUS_00550,Customer_076,Delhi,Delhi,Home & Kitchen,Bedsheet,2,2416.74,5,348.43,Debit Card
ORD_00551,2025-02-08,CUS_00551,Customer_085,Surat,Gujarat,Furniture,Sofa,5,103690.35,5,21015.22,Cash on Delivery
ORD_00552,2025-02-08,CUS_00552,Customer_019,Howrah,West Bengal,Home & Kitchen,Air Fryer,3,19009.18,10,1896.07,Debit Card
ORD_00553,2025-02-08,CUS_00553,Customer_108,Chennai,Tamil Nadu,Furniture,Bookshelf,5,28758.77,5,5606.62,UPI
ORD_00554,2025-02-08,CUS_00554,Customer_065,Warangal,Telangana,Furniture,Bookshelf,5,28209.8,15,2805.97,UPI
ORD_00555,2025-02-09,CUS_00555,Customer_018,Coimbatore,Tamil Nadu,Clothing,Jeans,3,4439.69,20,409.04,Net Banking
ORD_00556,2025-02-10,CUS_00556,Customer_034,Delhi,Delhi,Home & Kitchen,Cookware Set,3,11111.62,5,1098.58,Debit Card
ORD_00557,2025-02-10,CUS_00557,Customer_124,Noida,Delhi,Home & Kitchen,Mixer Grinder,5,16765.28,20,2805.67,Net Banking
ORD_00558,2025-02-11,CUS_00558,Customer_049,Vadodara,Gujarat,Clothing,Jeans,4,7561.12,5,1135.91,Credit Card
ORD_00559,2025-02-11,CUS_00559,Customer_021,Pune,Maharashtra,Home & Kitchen,Air Fryer,1,5377.97,20,763.08,Net Banking
ORD_00560,2025-02-12,CUS_00560,Customer_080,Kolkata,West Bengal,Electronics,Headphones,5,12807.61,10,3080.15,Credit Card
ORD_00561,2025-02-12,CUS_00561,Customer_087,Bengaluru,Karnataka,Home & Kitchen,Bedsheet,1,1100.94,20,63.42,UPI
ORD_00562,2025-02-12,CUS_00562,Customer_093,Kolkata,West Bengal,Clothing,Jeans,4,6008.94,15,1323.71,Credit Card
ORD_00563,2025-02-13,CUS_00563,Customer_131,Kolkata,West Bengal,Home & Kitchen,Cookware Set,4,14385.33,5,906.86,UPI
ORD_00564,2025-02-15,CUS_00564,Customer_060,Surat,Gujarat,Home & Kitchen,Air Fryer,3,18050.83,15,1019.97,UPI
ORD_00565,2025-02-15,CUS_00565,Customer_020,Jodhpur,Rajasthan,Electronics,Smartphone,3,60887.8,20,12715.94,Credit Card
ORD_00566,2025-02-15,CUS_00566,Customer_141,Gurugram,Delhi,Furniture,Bookshelf,1,4482.86,20,953.77,Debit Card
ORD_00567,2025-02-15,CUS_00567,Customer_090,Pune,Maharashtra,Electronics,Smartphone,5,101461.46,20,14423.33,Credit Card
ORD_00568,2025-02-15,CUS_00568,Customer_122,Warangal,Telangana,Home & Kitchen,Mixer Grinder,1,4267.66,5,993.86,Credit Card
ORD_00569,2025-02-16,CUS_00569,Customer_057,Udaipur,Rajasthan,Home & Kitchen,Air Fryer,3,18115.78,15,2128.02,UPI
ORD_00570,2025-02-16,CUS_00570,Customer_146,Warangal,Telangana,Electronics,Headphones,4,7849.25,10,1484.15,UPI
ORD_00571,2025-02-16,CUS_00571,Customer_069,Udaipur,Rajasthan,Home & Kitchen,Cookware Set,3,11312.22,0,1339.09,UPI
ORD_00572,2025-02-16,CUS_00572,Customer_111,Delhi,Delhi,Furniture,Study Table,4,32803.47,0,7009.25,UPI
ORD_00573,2025-02-18,CUS_00573,Customer_063,Durgapur,West Bengal,Furniture,Sofa,4,75777.93,10,4576.33,Net Banking
ORD_00574,2025-02-19,CUS_00574,Customer_020,Mysuru,Karnataka,Clothing,Jeans,2,3334.04,5,319.64,Credit Card
ORD_00575,2025-02-20,CUS_00575,Customer_106,Jodhpur,Rajasthan,Home & Kitchen,Mixer Grinder,1,4150.49,15,454.86,UPI
ORD_00576,2025-02-20,CUS_00576,Customer_059,Nizamabad,Telangana,Clothing,Sneakers,3,8059.22,15,1253.49,Net Banking
ORD_00577,2025-02-21,CUS_00577,Customer_054,Delhi,Delhi,Furniture,Bookshelf,1,6075.84,5,1015.72,Cash on Delivery
ORD_00578,2025-02-21,CUS_00578,Customer_128,Chennai,Tamil Nadu,Electronics,Headphones,4,8130.01,15,1951.3,Debit Card
ORD_00579,2025-02-22,CUS_00579,Customer_147,Ahmedabad,Gujarat,Clothing,T-Shirt,1,730.58,20,41.45,Debit Card
ORD_00580,2025-02-22,CUS_00580,Customer_108,Howrah,West Bengal,Electronics,Smartwatch,1,4263.49,15,784.51,Cash on Delivery
ORD_00581,2025-02-22,CUS_00581,Customer_142,Madurai,Tamil Nadu,Home & Kitchen,Mixer Grinder,4,17057.86,10,4062.76,Net Banking
ORD_00582,2025-02-22,CUS_00582,Customer_138,Chennai,Tamil Nadu,Home & Kitchen,Air Fryer,3,20476.17,0,1480.48,Cash on Delivery
ORD_00583,2025-02-23,CUS_00583,Customer_072,Warangal,Telangana,Clothing,T-Shirt,1,822.57,10,79.14,UPI
ORD_00584,2025-02-23,CUS_00584,Customer_012,Madurai,Tamil Nadu,Home & Kitchen,Air Fryer,2,11693.56,10,1801.19,Cash on Delivery
ORD_00585,2025-02-24,CUS_00585,Customer_072,Mysuru,Karnataka,Home & Kitchen,Bedsheet,4,5178.2,15,545.2,UPI
ORD_00586,2025-02-24,CUS_00586,Customer_121,Kolkata,West Bengal,Clothing,Jacket,1,2996.3,5,207.75,Cash on Delivery
ORD_00587,2025-02-25,CUS_00587,Customer_085,Warangal,Telangana,Furniture,Bookshelf,3,18369.71,0,1692.88,Credit Card
ORD_00588,2025-02-26,CUS_00588,Customer_030,Mangaluru,Karnataka,Furniture,Office Chair,5,31352.05,10,2042.27,Credit Card
ORD_00589,2025-02-27,CUS_00589,Customer_006,Jodhpur,Rajasthan,Electronics,Laptop,2,102936.15,5,8839.43,Net Banking
ORD_00590,2025-02-27,CUS_00590,Customer_054,Durgapur,West Bengal,Electronics,Smartwatch,3,13512.72,0,1742.31,Debit Card
ORD_00591,2025-02-28,CUS_00591,Customer_077,Durgapur,West Bengal,Clothing,Jeans,4,8268.89,0,2040.78,Cash on Delivery
ORD_00592,2025-02-28,CUS_00592,Customer_017,Jaipur,Rajasthan,Home & Kitchen,Bedsheet,4,4823.52,15,990.68,Credit Card
ORD_00593,2025-02-28,CUS_00593,Customer_073,Mumbai,Maharashtra,Electronics,Headphones,5,8856.13,20,1479.11,Credit Card
ORD_00594,2025-03-02,CUS_00594,Customer_135,Pune,Maharashtra,Clothing,Jeans,3,4448.1,20,490.22,Debit Card
ORD_00595,2025-03-02,CUS_00595,Customer_037,Howrah,West Bengal,Clothing,T-Shirt,1,740.13,15,69.31,Net Banking
ORD_00596,2025-03-05,CUS_00596,Customer_126,Nagpur,Maharashtra,Clothing,Jacket,5,15406.78,20,1708.93,Credit Card
ORD_00597,2025-03-06,CUS_00597,Customer_145,Warangal,Telangana,Furniture,Sofa,3,47737.86,15,7044.53,Credit Card
ORD_00598,2025-03-06,CUS_00598,Customer_121,Hyderabad,Telangana,Furniture,Office Chair,4,24018.88,20,5672.72,Debit Card
ORD_00599,2025-03-08,CUS_00599,Customer_134,Gurugram,Delhi,Clothing,Jeans,5,9087.73,10,1441.04,Debit Card
ORD_00600,2025-03-08,CUS_00600,Customer_068,Gurugram,Delhi,Furniture,Study Table,4,26494.99,20,4470.19,UPI
ORD_00601,2025-03-09,CUS_00601,Customer_037,Jodhpur,Rajasthan,Home & Kitchen,Cookware Set,1,3856.85,0,375.56,Credit Card
ORD_00602,2025-03-09,CUS_00602,Customer_016,Nizamabad,Telangana,Electronics,Smartphone,3,61681.79,15,14934.73,Debit Card
ORD_00603,2025-03-10,CUS_00603,Customer_078,Bengaluru,Karnataka,Clothing,Sneakers,1,2532.32,20,497.7,Debit Card
ORD_00604,2025-03-10,CUS_00604,Customer_027,Howrah,West Bengal,Clothing,Jacket,3,9444.3,15,1824.98,Cash on Delivery
ORD_00605,2025-03-11,CUS_00605,Customer_022,Mumbai,Maharashtra,Home & Kitchen,Bedsheet,1,1371.59,0,195.86,Net Banking
ORD_00606,2025-03-11,CUS_00606,Customer_096,Coimbatore,Tamil Nadu,Electronics,Headphones,3,6399.68,15,938.71,Credit Card
ORD_00607,2025-03-14,CUS_00607,Customer_014,Durgapur,West Bengal,Furniture,Sofa,2,43972.51,10,9146.55,Net Banking
ORD_00608,2025-03-14,CUS_00608,Customer_118,Udaipur,Rajasthan,Furniture,Office Chair,1,7081.01,10,703.37,Credit Card
ORD_00609,2025-03-16,CUS_00609,Customer_104,Coimbatore,Tamil Nadu,Home & Kitchen,Air Fryer,3,21591.74,0,2940.73,Credit Card
ORD_00610,2025-03-16,CUS_00610,Customer_066,Howrah,West Bengal,Furniture,Bookshelf,1,4929.54,20,858.04,Debit Card
ORD_00611,2025-03-17,CUS_00611,Customer_087,Delhi,Delhi,Electronics,Laptop,3,181279.13,0,40201.07,Debit Card
ORD_00612,2025-03-18,CUS_00612,Customer_063,Mysuru,Karnataka,Furniture,Sofa,2,44173.38,10,6568.59,Debit Card
ORD_00613,2025-03-19,CUS_00613,Customer_088,Jaipur,Rajasthan,Clothing,Jacket,1,3381.58,5,713.73,Debit Card
ORD_00614,2025-03-19,CUS_00614,Customer_081,Surat,Gujarat,Clothing,T-Shirt,1,810.93,5,65.85,Net Banking
ORD_00615,2025-03-19,CUS_00615,Customer_047,Delhi,Delhi,Furniture,Sofa,4,85987.08,10,16095.26,Cash on Delivery
ORD_00616,2025-03-20,CUS_00616,Customer_025,Madurai,Tamil Nadu,Clothing,T-Shirt,1,897.66,5,57.12,Cash on Delivery
ORD_00617,2025-03-24,CUS_00617,Customer_141,Bengaluru,Karnataka,Clothing,Jeans,4,6987.35,5,1595.73,UPI
ORD_00618,2025-03-25,CUS_00618,Customer_107,Jodhpur,Rajasthan,Home & Kitchen,Cookware Set,2,6565.45,15,533.62,Credit Card
ORD_00619,2025-03-25,CUS_00619,Customer_101,Mangaluru,Karnataka,Electronics,Smartphone,4,68751.26,20,16412.52,Debit Card
ORD_00620,2025-03-27,CUS_00620,Customer_005,Coimbatore,Tamil Nadu,Furniture,Sofa,2,31908.97,20,4427.37,Credit Card
ORD_00621,2025-03-27,CUS_00621,Customer_062,Vadodara,Gujarat,Furniture,Bookshelf,5,27233.31,20,4743.55,Credit Card
ORD_00622,2025-03-27,CUS_00622,Customer_137,Noida,Delhi,Electronics,Smartwatch,3,13596.11,0,1700.22,Credit Card
ORD_00623,2025-03-27,CUS_00623,Customer_071,Hyderabad,Telangana,Electronics,Laptop,1,41858.74,15,5592.24,UPI
ORD_00624,2025-03-28,CUS_00624,Customer_124,Hyderabad,Telangana,Clothing,Jacket,3,9595.88,5,2202.12,Cash on Delivery
ORD_00625,2025-03-28,CUS_00625,Customer_132,Delhi,Delhi,Home & Kitchen,Cookware Set,2,7360.48,5,1686.38,UPI
ORD_00626,2025-03-29,CUS_00626,Customer_075,Jaipur,Rajasthan,Clothing,Jacket,5,17108.04,5,1389.15,Net Banking
ORD_00627,2025-03-30,CUS_00627,Customer_042,Kolkata,West Bengal,Electronics,Headphones,3,6630.81,15,750.87,Credit Card
ORD_00628,2025-03-31,CUS_00628,Customer_097,Hyderabad,Telangana,Electronics,Laptop,1,42188.81,10,9230.28,Net Banking
ORD_00629,2025-03-31,CUS_00629,Customer_045,Gurugram,Delhi,Home & Kitchen,Bedsheet,5,6332.05,15,1170.93,Cash on Delivery
ORD_00630,2025-03-31,CUS_00630,Customer_004,Kolkata,West Bengal,Electronics,Smartphone,2,42296.98,15,6122.99,UPI
ORD_00631,2025-03-31,CUS_00631,Customer_103,Delhi,Delhi,Electronics,Smartphone,1,26062.16,5,3372.04,Credit Card
ORD_00632,2025-04-02,CUS_00632,Customer_082,Coimbatore,Tamil Nadu,Clothing,T-Shirt,3,2709.13,0,331.74,Debit Card
ORD_00633,2025-04-02,CUS_00633,Customer_084,Chennai,Tamil Nadu,Home & Kitchen,Cookware Set,2,6421.41,5,446.51,Cash on Delivery
ORD_00634,2025-04-02,CUS_00634,Customer_116,Coimbatore,Tamil Nadu,Clothing,Sneakers,4,9012.11,20,1639.54,Debit Card
ORD_00635,2025-04-02,CUS_00635,Customer_143,Jaipur,Rajasthan,Home & Kitchen,Mixer Grinder,4,15988.33,15,3634.52,Credit Card
ORD_00636,2025-04-04,CUS_00636,Customer_025,Durgapur,West Bengal,Electronics,Laptop,1,46209.83,10,11097.5,UPI
ORD_00637,2025-04-05,CUS_00637,Customer_083,Mumbai,Maharashtra,Furniture,Bookshelf,4,24692.77,10,4088.17,Net Banking
ORD_00638,2025-04-05,CUS_00638,Customer_080,Mumbai,Maharashtra,Furniture,Bookshelf,3,14937.11,10,2351.89,Debit Card
ORD_00639,2025-04-07,CUS_00639,Customer_029,Delhi,Delhi,Home & Kitchen,Mixer Grinder,1,4842.93,5,666.0,Credit Card
ORD_00640,2025-04-07,CUS_00640,Customer_038,Warangal,Telangana,Home & Kitchen,Bedsheet,5,6291.35,10,1306.84,Net Banking
ORD_00641,2025-04-08,CUS_00641,Customer_075,Ahmedabad,Gujarat,Electronics,Smartwatch,1,5508.77,0,1152.44,UPI
ORD_00642,2025-04-08,CUS_00642,Customer_017,Delhi,Delhi,Electronics,Smartphone,4,106684.43,0,22226.63,Credit Card
ORD_00643,2025-04-08,CUS_00643,Customer_109,Jaipur,Rajasthan,Furniture,Study Table,3,25047.51,5,3885.82,Net Banking
ORD_00644,2025-04-09,CUS_00644,Customer_006,Madurai,Tamil Nadu,Home & Kitchen,Mixer Grinder,1,4134.11,20,437.85,Cash on Delivery
ORD_00645,2025-04-11,CUS_00645,Customer_042,Howrah,West Bengal,Clothing,Sneakers,2,5697.01,0,928.0,Cash on Delivery
ORD_00646,2025-04-11,CUS_00646,Customer_008,Durgapur,West Bengal,Clothing,Jeans,3,6183.3,0,1048.83,Cash on Delivery
ORD_00647,2025-04-12,CUS_00647,Customer_132,Delhi,Delhi,Electronics,Headphones,1,2096.49,5,274.28,Debit Card
ORD_00648,2025-04-14,CUS_00648,Customer_132,Nizamabad,Telangana,Home & Kitchen,Mixer Grinder,1,3374.44,20,437.33,Debit Card
ORD_00649,2025-04-14,CUS_00649,Customer_017,Warangal,Telangana,Home & Kitchen,Cookware Set,2,6159.56,5,1388.82,UPI
ORD_00650,2025-04-16,CUS_00650,Customer_130,Jaipur,Rajasthan,Electronics,Headphones,4,7722.27,15,1592.21,Cash on Delivery
ORD_00651,2025-04-16,CUS_00651,Customer_019,Jaipur,Rajasthan,Home & Kitchen,Bedsheet,5,6190.58,10,909.26,Net Banking
ORD_00652,2025-04-16,CUS_00652,Customer_018,Gurugram,Delhi,Furniture,Office Chair,2,11060.33,20,1320.74,Net Banking
ORD_00653,2025-04-16,CUS_00653,Customer_144,Chennai,Tamil Nadu,Home & Kitchen,Cookware Set,3,10075.27,15,1590.2,Cash on Delivery
ORD_00654,2025-04-17,CUS_00654,Customer_003,Mangaluru,Karnataka,Electronics,Smartphone,5,90534.29,20,22265.04,UPI
ORD_00655,2025-04-17,CUS_00655,Customer_073,Pune,Maharashtra,Electronics,Headphones,3,6793.43,10,1386.87,UPI
ORD_00656,2025-04-18,CUS_00656,Customer_122,Durgapur,West Bengal,Home & Kitchen,Cookware Set,3,9391.86,20,484.73,Cash on Delivery
ORD_00657,2025-04-18,CUS_00657,Customer_060,Coimbatore,Tamil Nadu,Furniture,Bookshelf,3,15986.13,0,3446.19,Net Banking
ORD_00658,2025-04-19,CUS_00658,Customer_116,Hyderabad,Telangana,Electronics,Smartphone,4,93240.6,15,13940.21,Net Banking
ORD_00659,2025-04-19,CUS_00659,Customer_100,Durgapur,West Bengal,Furniture,Sofa,1,20734.68,10,4066.06,Net Banking
ORD_00660,2025-04-22,CUS_00660,Customer_006,Durgapur,West Bengal,Furniture,Sofa,2,46116.42,5,7047.47,Debit Card
ORD_00661,2025-04-22,CUS_00661,Customer_046,Ahmedabad,Gujarat,Clothing,Jeans,1,1293.28,20,171.0,Net Banking
ORD_00662,2025-04-22,CUS_00662,Customer_147,Hyderabad,Telangana,Furniture,Office Chair,2,11954.61,0,1094.77,Net Banking
ORD_00663,2025-04-23,CUS_00663,Customer_084,Pune,Maharashtra,Electronics,Headphones,4,8646.44,10,1463.53,UPI
ORD_00664,2025-04-23,CUS_00664,Customer_101,Chennai,Tamil Nadu,Furniture,Office Chair,2,15145.16,5,2914.75,UPI
ORD_00665,2025-04-23,CUS_00665,Customer_020,Bengaluru,Karnataka,Home & Kitchen,Mixer Grinder,2,7671.54,10,689.68,Cash on Delivery
ORD_00666,2025-04-24,CUS_00666,Customer_058,Mumbai,Maharashtra,Furniture,Study Table,2,15425.44,10,1640.82,Net Banking
ORD_00667,2025-04-24,CUS_00667,Customer_081,Howrah,West Bengal,Furniture,Study Table,5,32977.98,20,7548.53,Net Banking
ORD_00668,2025-04-26,CUS_00668,Customer_099,Surat,Gujarat,Electronics,Smartphone,2,47608.17,0,2879.26,Credit Card
ORD_00669,2025-04-27,CUS_00669,Customer_148,Nagpur,Maharashtra,Electronics,Smartwatch,1,5391.51,0,954.78,Debit Card
ORD_00670,2025-04-28,CUS_00670,Customer_057,Jaipur,Rajasthan,Furniture,Bookshelf,4,17722.76,15,3493.73,Net Banking
ORD_00671,2025-04-30,CUS_00671,Customer_013,Mysuru,Karnataka,Clothing,Jeans,2,3430.53,10,731.27,Net Banking
ORD_00672,2025-05-04,CUS_00672,Customer_052,Jaipur,Rajasthan,Home & Kitchen,Bedsheet,1,1094.55,15,121.77,Credit Card
ORD_00673,2025-05-04,CUS_00673,Customer_148,Bengaluru,Karnataka,Home & Kitchen,Mixer Grinder,2,7248.61,15,1350.66,UPI
ORD_00674,2025-05-05,CUS_00674,Customer_085,Gurugram,Delhi,Clothing,Sneakers,3,6438.13,10,1126.17,Credit Card
ORD_00675,2025-05-06,CUS_00675,Customer_043,Gurugram,Delhi,Furniture,Sofa,2,40513.13,5,9845.65,Credit Card
ORD_00676,2025-05-06,CUS_00676,Customer_149,Hyderabad,Telangana,Clothing,Jeans,1,1586.08,5,281.08,Cash on Delivery
ORD_00677,2025-05-06,CUS_00677,Customer_012,Nagpur,Maharashtra,Clothing,Jacket,2,5499.31,15,480.55,Net Banking
ORD_00678,2025-05-06,CUS_00678,Customer_129,Bengaluru,Karnataka,Furniture,Study Table,4,24924.78,20,2966.4,Credit Card
ORD_00679,2025-05-06,CUS_00679,Customer_128,Noida,Delhi,Electronics,Laptop,3,139780.72,15,21868.55,Net Banking
ORD_00680,2025-05-07,CUS_00680,Customer_047,Jaipur,Rajasthan,Electronics,Smartphone,4,109186.04,0,18502.19,Credit Card
ORD_00681,2025-05-07,CUS_00681,Customer_098,Durgapur,West Bengal,Clothing,Sneakers,2,5162.71,5,396.32,Debit Card
ORD_00682,2025-05-07,CUS_00682,Customer_085,Warangal,Telangana,Home & Kitchen,Cookware Set,1,3148.15,10,430.4,UPI
ORD_00683,2025-05-08,CUS_00683,Customer_058,Kolkata,West Bengal,Clothing,Jacket,2,5246.49,15,695.87,Net Banking
ORD_00684,2025-05-08,CUS_00684,Customer_039,Mumbai,Maharashtra,Home & Kitchen,Air Fryer,5,27533.69,20,2022.1,Credit Card
ORD_00685,2025-05-08,CUS_00685,Customer_052,Madurai,Tamil Nadu,Home & Kitchen,Air Fryer,2,11742.45,10,1405.96,Credit Card
ORD_00686,2025-05-11,CUS_00686,Customer_101,Mumbai,Maharashtra,Home & Kitchen,Air Fryer,5,31264.79,10,5072.67,UPI
ORD_00687,2025-05-12,CUS_00687,Customer_063,Vadodara,Gujarat,Clothing,Jeans,2,3637.21,0,473.39,UPI
ORD_00688,2025-05-12,CUS_00688,Customer_054,Delhi,Delhi,Furniture,Bookshelf,5,29178.14,5,6533.6,Cash on Delivery
ORD_00689,2025-05-13,CUS_00689,Customer_001,Nagpur,Maharashtra,Furniture,Study Table,2,15064.89,15,3250.65,Cash on Delivery
ORD_00690,2025-05-13,CUS_00690,Customer_126,Udaipur,Rajasthan,Electronics,Laptop,3,166356.28,0,35698.68,Debit Card
ORD_00691,2025-05-14,CUS_00691,Customer_031,Surat,Gujarat,Home & Kitchen,Air Fryer,5,22185.77,20,2279.29,Debit Card
ORD_00692,2025-05-16,CUS_00692,Customer_027,Nizamabad,Telangana,Furniture,Study Table,1,6126.31,20,885.24,Debit Card
ORD_00693,2025-05-16,CUS_00693,Customer_026,Gurugram,Delhi,Clothing,Jeans,3,5412.02,5,534.87,UPI
ORD_00694,2025-05-16,CUS_00694,Customer_073,Nizamabad,Telangana,Electronics,Smartphone,4,87569.75,0,14812.44,UPI
ORD_00695,2025-05-17,CUS_00695,Customer_078,Delhi,Delhi,Electronics,Headphones,3,7159.95,0,1576.23,Credit Card
ORD_00696,2025-05-17,CUS_00696,Customer_107,Nagpur,Maharashtra,Furniture,Bookshelf,3,14545.74,15,2391.06,UPI
ORD_00697,2025-05-18,CUS_00697,Customer_100,Jaipur,Rajasthan,Furniture,Study Table,5,41199.38,5,2219.23,Debit Card
ORD_00698,2025-05-18,CUS_00698,Customer_011,Mysuru,Karnataka,Electronics,Headphones,5,8787.14,20,1567.58,UPI
ORD_00699,2025-05-19,CUS_00699,Customer_009,Ahmedabad,Gujarat,Home & Kitchen,Mixer Grinder,3,12495.92,5,2397.52,Credit Card
ORD_00700,2025-05-19,CUS_00700,Customer_115,Ahmedabad,Gujarat,Electronics,Smartwatch,3,15111.31,0,1610.26,UPI
ORD_00701,2025-05-19,CUS_00701,Customer_063,Jaipur,Rajasthan,Electronics,Laptop,1,50568.23,15,5496.65,Debit Card
ORD_00702,2025-05-21,CUS_00702,Customer_073,Udaipur,Rajasthan,Furniture,Bookshelf,5,33255.22,0,1868.0,Cash on Delivery
ORD_00703,2025-05-21,CUS_00703,Customer_098,Ahmedabad,Gujarat,Clothing,Jacket,2,6474.17,5,546.02,UPI
ORD_00704,2025-05-24,CUS_00704,Customer_026,Ahmedabad,Gujarat,Clothing,T-Shirt,3,2143.32,20,376.55,UPI
ORD_00705,2025-05-24,CUS_00705,Customer_052,Jodhpur,Rajasthan,Electronics,Smartwatch,4,17521.31,10,3109.79,Net Banking
ORD_00706,2025-05-24,CUS_00706,Customer_098,Noida,Delhi,Electronics,Laptop,2,115418.2,0,21214.38,Debit Card
ORD_00707,2025-05-24,CUS_00707,Customer_090,Chennai,Tamil Nadu,Furniture,Study Table,3,23269.07,0,1208.53,UPI
ORD_00708,2025-05-24,CUS_00708,Customer_096,Warangal,Telangana,Clothing,Sneakers,2,4656.45,15,852.47,Net Banking
ORD_00709,2025-05-25,CUS_00709,Customer_070,Howrah,West Bengal,Electronics,Laptop,4,213731.37,0,39011.16,Debit Card
ORD_00710,2025-05-25,CUS_00710,Customer_083,Delhi,Delhi,Clothing,T-Shirt,3,2195.92,20,428.7,Net Banking
ORD_00711,2025-05-26,CUS_00711,Customer_075,Jaipur,Rajasthan,Electronics,Smartphone,2,41195.21,5,5697.55,Cash on Delivery
ORD_00712,2025-05-27,CUS_00712,Customer_122,Pune,Maharashtra,Clothing,Jeans,4,5322.99,20,776.39,Cash on Delivery
ORD_00713,2025-05-27,CUS_00713,Customer_099,Chennai,Tamil Nadu,Furniture,Office Chair,4,25640.7,10,2249.75,Debit Card
ORD_00714,2025-05-28,CUS_00714,Customer_150,Surat,Gujarat,Home & Kitchen,Cookware Set,2,6379.41,15,771.81,Net Banking
ORD_00715,2025-05-29,CUS_00715,Customer_079,Ahmedabad,Gujarat,Furniture,Bookshelf,2,8545.35,20,460.07,Credit Card
ORD_00716,2025-05-31,CUS_00716,Customer_101,Hyderabad,Telangana,Furniture,Sofa,4,69345.24,20,12155.62,Credit Card
ORD_00717,2025-05-31,CUS_00717,Customer_053,Nagpur,Maharashtra,Home & Kitchen,Mixer Grinder,5,21104.17,0,3392.3,UPI
ORD_00718,2025-06-02,CUS_00718,Customer_143,Nizamabad,Telangana,Home & Kitchen,Cookware Set,3,10890.92,0,2172.98,UPI
ORD_00719,2025-06-02,CUS_00719,Customer_023,Mangaluru,Karnataka,Home & Kitchen,Mixer Grinder,1,3606.75,15,500.12,Net Banking
ORD_00720,2025-06-02,CUS_00720,Customer_037,Kolkata,West Bengal,Furniture,Office Chair,3,19754.35,5,2158.39,UPI
ORD_00721,2025-06-02,CUS_00721,Customer_061,Bengaluru,Karnataka,Home & Kitchen,Mixer Grinder,5,21809.64,10,4039.69,Cash on Delivery
ORD_00722,2025-06-03,CUS_00722,Customer_014,Howrah,West Bengal,Clothing,Jacket,3,10256.03,0,1377.27,UPI
ORD_00723,2025-06-05,CUS_00723,Customer_073,Durgapur,West Bengal,Home & Kitchen,Air Fryer,1,6364.16,0,499.27,Debit Card
ORD_00724,2025-06-09,CUS_00724,Customer_059,Chennai,Tamil Nadu,Electronics,Headphones,3,5851.34,20,1102.9,UPI
ORD_00725,2025-06-09,CUS_00725,Customer_127,Nagpur,Maharashtra,Electronics,Laptop,4,187022.26,10,22343.3,Debit Card
ORD_00726,2025-06-09,CUS_00726,Customer_138,Vadodara,Gujarat,Electronics,Headphones,5,12504.97,10,2823.8,Debit Card
ORD_00727,2025-06-09,CUS_00727,Customer_128,Mumbai,Maharashtra,Home & Kitchen,Mixer Grinder,5,19213.57,5,1062.55,Debit Card
ORD_00728,2025-06-10,CUS_00728,Customer_108,Surat,Gujarat,Furniture,Office Chair,3,15115.38,20,2210.88,UPI
ORD_00729,2025-06-10,CUS_00729,Customer_003,Jaipur,Rajasthan,Furniture,Study Table,5,38320.04,15,4373.41,Credit Card
ORD_00730,2025-06-10,CUS_00730,Customer_032,Delhi,Delhi,Furniture,Office Chair,4,27586.21,5,5726.36,Net Banking
ORD_00731,2025-06-10,CUS_00731,Customer_021,Madurai,Tamil Nadu,Furniture,Office Chair,2,14185.78,5,1225.15,Cash on Delivery
ORD_00732,2025-06-10,CUS_00732,Customer_054,Surat,Gujarat,Furniture,Office Chair,2,10142.99,15,974.24,Credit Card
ORD_00733,2025-06-11,CUS_00733,Customer_115,Ahmedabad,Gujarat,Furniture,Bookshelf,2,12705.29,5,1535.49,UPI
ORD_00734,2025-06-11,CUS_00734,Customer_119,Howrah,West Bengal,Electronics,Laptop,3,157811.66,5,10316.53,Credit Card
ORD_00735,2025-06-12,CUS_00735,Customer_091,Madurai,Tamil Nadu,Electronics,Headphones,3,7780.5,5,397.92,Net Banking
ORD_00736,2025-06-12,CUS_00736,Customer_015,Coimbatore,Tamil Nadu,Clothing,Jacket,5,13929.92,10,851.41,Cash on Delivery
ORD_00737,2025-06-14,CUS_00737,Customer_019,Madurai,Tamil Nadu,Electronics,Laptop,3,183825.58,0,38328.42,Net Banking
ORD_00738,2025-06-14,CUS_00738,Customer_017,Mysuru,Karnataka,Furniture,Sofa,5,120396.8,0,12618.91,UPI
ORD_00739,2025-06-16,CUS_00739,Customer_047,Noida,Delhi,Furniture,Sofa,1,18579.14,20,1196.91,Cash on Delivery
ORD_00740,2025-06-16,CUS_00740,Customer_073,Madurai,Tamil Nadu,Home & Kitchen,Bedsheet,1,1088.56,10,202.54,Credit Card
ORD_00741,2025-06-17,CUS_00741,Customer_121,Surat,Gujarat,Electronics,Headphones,4,8141.55,20,1737.62,Debit Card
ORD_00742,2025-06-19,CUS_00742,Customer_037,Pune,Maharashtra,Clothing,T-Shirt,5,3372.38,20,732.13,Cash on Delivery
ORD_00743,2025-06-21,CUS_00743,Customer_108,Delhi,Delhi,Electronics,Headphones,2,4445.57,10,950.55,Debit Card
ORD_00744,2025-06-22,CUS_00744,Customer_082,Jodhpur,Rajasthan,Home & Kitchen,Air Fryer,5,23778.57,20,5156.64,Cash on Delivery
ORD_00745,2025-06-23,CUS_00745,Customer_032,Gurugram,Delhi,Furniture,Sofa,2,38667.18,15,3794.74,UPI
ORD_00746,2025-06-24,CUS_00746,Customer_120,Vadodara,Gujarat,Electronics,Laptop,2,75916.5,20,9681.61,Net Banking
ORD_00747,2025-06-24,CUS_00747,Customer_107,Nizamabad,Telangana,Home & Kitchen,Mixer Grinder,1,3442.93,15,433.37,Net Banking
ORD_00748,2025-06-24,CUS_00748,Customer_069,Nizamabad,Telangana,Home & Kitchen,Bedsheet,2,2754.0,10,481.32,UPI
ORD_00749,2025-06-25,CUS_00749,Customer_089,Noida,Delhi,Furniture,Sofa,2,50592.26,0,11296.63,Net Banking
ORD_00750,2025-06-25,CUS_00750,Customer_038,Jaipur,Rajasthan,Furniture,Study Table,2,19339.23,0,3197.56,Debit Card
ORD_00751,2025-06-25,CUS_00751,Customer_115,Jodhpur,Rajasthan,Electronics,Smartphone,2,37754.26,20,7407.56,Credit Card
ORD_00752,2025-06-26,CUS_00752,Customer_076,Warangal,Telangana,Home & Kitchen,Mixer Grinder,1,4397.06,10,1045.53,Debit Card
ORD_00753,2025-06-26,CUS_00753,Customer_019,Bengaluru,Karnataka,Furniture,Office Chair,1,7011.03,0,799.33,Cash on Delivery
ORD_00754,2025-06-29,CUS_00754,Customer_025,Jodhpur,Rajasthan,Clothing,Jeans,3,4790.33,10,270.99,Net Banking
ORD_00755,2025-06-30,CUS_00755,Customer_027,Ahmedabad,Gujarat,Home & Kitchen,Air Fryer,4,24184.57,0,3730.69,Credit Card
ORD_00756,2025-06-30,CUS_00756,Customer_011,Madurai,Tamil Nadu,Furniture,Office Chair,2,13912.39,10,2304.72,Cash on Delivery
ORD_00757,2025-06-30,CUS_00757,Customer_093,Bengaluru,Karnataka,Clothing,Jacket,2,6364.96,5,1581.62,Debit Card
ORD_00758,2025-06-30,CUS_00758,Customer_034,Nizamabad,Telangana,Electronics,Smartwatch,2,10280.63,5,2209.9,Cash on Delivery
ORD_00759,2025-07-01,CUS_00759,Customer_027,Madurai,Tamil Nadu,Furniture,Bookshelf,2,10100.66,20,777.91,Credit Card
ORD_00760,2025-07-01,CUS_00760,Customer_041,Coimbatore,Tamil Nadu,Clothing,Jacket,2,7859.72,0,404.04,Cash on Delivery
ORD_00761,2025-07-02,CUS_00761,Customer_094,Ahmedabad,Gujarat,Home & Kitchen,Cookware Set,2,6320.71,15,969.94,UPI
ORD_00762,2025-07-02,CUS_00762,Customer_146,Ahmedabad,Gujarat,Electronics,Smartwatch,4,17042.84,5,2005.15,UPI
ORD_00763,2025-07-03,CUS_00763,Customer_147,Durgapur,West Bengal,Furniture,Bookshelf,3,16866.28,10,2905.94,Cash on Delivery
ORD_00764,2025-07-03,CUS_00764,Customer_104,Mumbai,Maharashtra,Electronics,Smartwatch,4,21793.62,5,2301.97,Debit Card
ORD_00765,2025-07-03,CUS_00765,Customer_097,Udaipur,Rajasthan,Furniture,Bookshelf,3,13696.6,15,2692.21,Debit Card
ORD_00766,2025-07-03,CUS_00766,Customer_137,Chennai,Tamil Nadu,Furniture,Study Table,1,9667.02,5,2278.77,Cash on Delivery
ORD_00767,2025-07-05,CUS_00767,Customer_080,Kolkata,West Bengal,Clothing,Jacket,4,12638.21,10,795.84,Cash on Delivery
ORD_00768,2025-07-06,CUS_00768,Customer_056,Durgapur,West Bengal,Clothing,T-Shirt,4,2946.99,5,609.3,Net Banking
ORD_00769,2025-07-07,CUS_00769,Customer_122,Gurugram,Delhi,Clothing,Jeans,1,1716.38,15,89.23,Credit Card
ORD_00770,2025-07-07,CUS_00770,Customer_003,Pune,Maharashtra,Furniture,Sofa,4,76992.85,10,9220.98,Net Banking
ORD_00771,2025-07-07,CUS_00771,Customer_004,Warangal,Telangana,Clothing,Jeans,5,7552.17,20,421.52,UPI
ORD_00772,2025-07-08,CUS_00772,Customer_032,Coimbatore,Tamil Nadu,Home & Kitchen,Cookware Set,1,3459.23,0,521.65,Credit Card
ORD_00773,2025-07-09,CUS_00773,Customer_015,Pune,Maharashtra,Electronics,Smartwatch,1,4218.16,10,548.24,Debit Card
ORD_00774,2025-07-10,CUS_00774,Customer_143,Nizamabad,Telangana,Clothing,Sneakers,3,8889.26,0,827.64,Net Banking
ORD_00775,2025-07-10,CUS_00775,Customer_100,Hyderabad,Telangana,Clothing,Jacket,1,2660.57,20,504.16,Debit Card
ORD_00776,2025-07-10,CUS_00776,Customer_116,Delhi,Delhi,Home & Kitchen,Mixer Grinder,1,4114.11,10,1012.34,Net Banking
ORD_00777,2025-07-11,CUS_00777,Customer_101,Bengaluru,Karnataka,Home & Kitchen,Bedsheet,1,1527.46,0,243.77,Debit Card
ORD_00778,2025-07-11,CUS_00778,Customer_061,Madurai,Tamil Nadu,Furniture,Sofa,3,61023.22,5,7039.57,Net Banking
ORD_00779,2025-07-12,CUS_00779,Customer_012,Howrah,West Bengal,Home & Kitchen,Bedsheet,4,4386.57,10,365.29,Credit Card
ORD_00780,2025-07-12,CUS_00780,Customer_053,Gurugram,Delhi,Electronics,Laptop,2,116904.4,5,17718.15,UPI
ORD_00781,2025-07-14,CUS_00781,Customer_130,Bengaluru,Karnataka,Home & Kitchen,Cookware Set,2,6289.85,20,744.49,Cash on Delivery
ORD_00782,2025-07-14,CUS_00782,Customer_015,Hyderabad,Telangana,Home & Kitchen,Air Fryer,4,24355.02,10,1553.89,Debit Card
ORD_00783,2025-07-15,CUS_00783,Customer_041,Hyderabad,Telangana,Furniture,Bookshelf,5,25357.63,10,4971.34,Debit Card
ORD_00784,2025-07-15,CUS_00784,Customer_007,Bengaluru,Karnataka,Furniture,Sofa,4,88325.2,5,7363.85,Net Banking
ORD_00785,2025-07-16,CUS_00785,Customer_114,Mangaluru,Karnataka,Furniture,Office Chair,1,6222.47,5,702.92,Net Banking
ORD_00786,2025-07-16,CUS_00786,Customer_147,Nagpur,Maharashtra,Furniture,Bookshelf,4,21287.0,10,2683.95,Debit Card
ORD_00787,2025-07-16,CUS_00787,Customer_068,Delhi,Delhi,Electronics,Smartphone,1,21435.96,5,3985.16,Debit Card
ORD_00788,2025-07-17,CUS_00788,Customer_096,Jaipur,Rajasthan,Clothing,Sneakers,1,3005.47,5,569.36,UPI
ORD_00789,2025-07-17,CUS_00789,Customer_118,Jaipur,Rajasthan,Clothing,Sneakers,3,7188.17,20,1450.62,UPI
ORD_00790,2025-07-17,CUS_00790,Customer_134,Surat,Gujarat,Electronics,Headphones,1,2061.01,20,231.58,Debit Card
ORD_00791,2025-07-20,CUS_00791,Customer_073,Mangaluru,Karnataka,Home & Kitchen,Air Fryer,1,5194.33,20,420.4,UPI
ORD_00792,2025-07-20,CUS_00792,Customer_135,Gurugram,Delhi,Clothing,T-Shirt,3,2237.23,5,163.71,Cash on Delivery
ORD_00793,2025-07-21,CUS_00793,Customer_028,Jaipur,Rajasthan,Furniture,Study Table,3,26167.03,0,5167.49,UPI
ORD_00794,2025-07-21,CUS_00794,Customer_023,Bengaluru,Karnataka,Home & Kitchen,Bedsheet,1,1233.91,10,293.31,Debit Card
ORD_00795,2025-07-22,CUS_00795,Customer_079,Madurai,Tamil Nadu,Home & Kitchen,Air Fryer,1,5833.76,10,1249.43,Credit Card
ORD_00796,2025-07-25,CUS_00796,Customer_071,Mysuru,Karnataka,Clothing,Jacket,2,6305.78,15,338.0,UPI
ORD_00797,2025-07-26,CUS_00797,Customer_043,Jaipur,Rajasthan,Electronics,Smartphone,2,42787.17,0,7356.8,Cash on Delivery
ORD_00798,2025-07-27,CUS_00798,Customer_031,Gurugram,Delhi,Clothing,Jeans,3,4253.02,20,1039.04,Credit Card
ORD_00799,2025-07-28,CUS_00799,Customer_038,Delhi,Delhi,Clothing,T-Shirt,1,857.85,5,165.57,Credit Card
ORD_00800,2025-07-29,CUS_00800,Customer_013,Mangaluru,Karnataka,Home & Kitchen,Cookware Set,3,8576.42,15,1902.18,Net Banking
ORD_00801,2025-07-29,CUS_00801,Customer_104,Mysuru,Karnataka,Furniture,Sofa,2,42418.52,15,9856.81,UPI
ORD_00802,2025-07-30,CUS_00802,Customer_099,Chennai,Tamil Nadu,Furniture,Study Table,5,43020.26,5,8677.2,Cash on Delivery
ORD_00803,2025-08-02,CUS_00803,Customer_104,Surat,Gujarat,Furniture,Bookshelf,1,5307.99,15,704.72,Credit Card
ORD_00804,2025-08-02,CUS_00804,Customer_063,Surat,Gujarat,Clothing,T-Shirt,4,3327.34,0,299.81,Net Banking
ORD_00805,2025-08-02,CUS_00805,Customer_116,Ahmedabad,Gujarat,Furniture,Study Table,3,25721.07,0,5726.21,Net Banking
ORD_00806,2025-08-03,CUS_00806,Customer_144,Durgapur,West Bengal,Clothing,Sneakers,1,2137.16,20,174.68,Debit Card
ORD_00807,2025-08-03,CUS_00807,Customer_141,Delhi,Delhi,Home & Kitchen,Cookware Set,4,14147.29,0,1555.06,Debit Card
ORD_00808,2025-08-03,CUS_00808,Customer_035,Noida,Delhi,Clothing,Sneakers,5,11581.75,5,669.34,UPI
ORD_00809,2025-08-03,CUS_00809,Customer_136,Coimbatore,Tamil Nadu,Home & Kitchen,Cookware Set,2,6325.05,15,1408.46,Debit Card
ORD_00810,2025-08-06,CUS_00810,Customer_057,Hyderabad,Telangana,Clothing,Jeans,5,9398.1,5,558.14,UPI
ORD_00811,2025-08-06,CUS_00811,Customer_081,Delhi,Delhi,Clothing,Jeans,4,6916.13,10,605.74,Credit Card
ORD_00812,2025-08-06,CUS_00812,Customer_068,Ahmedabad,Gujarat,Clothing,T-Shirt,1,653.88,15,139.76,Credit Card
ORD_00813,2025-08-07,CUS_00813,Customer_039,Gurugram,Delhi,Home & Kitchen,Cookware Set,4,13497.93,5,2304.47,Net Banking
ORD_00814,2025-08-08,CUS_00814,Customer_028,Hyderabad,Telangana,Home & Kitchen,Cookware Set,4,13885.92,5,1331.37,Net Banking
ORD_00815,2025-08-08,CUS_00815,Customer_086,Chennai,Tamil Nadu,Clothing,Sneakers,1,2706.02,15,159.44,Debit Card
ORD_00816,2025-08-08,CUS_00816,Customer_125,Gurugram,Delhi,Furniture,Bookshelf,4,20905.74,5,4346.27,Credit Card
ORD_00817,2025-08-09,CUS_00817,Customer_062,Howrah,West Bengal,Home & Kitchen,Cookware Set,5,15814.69,5,1402.56,Cash on Delivery
ORD_00818,2025-08-11,CUS_00818,Customer_036,Vadodara,Gujarat,Furniture,Study Table,1,7079.97,10,379.83,Credit Card
ORD_00819,2025-08-11,CUS_00819,Customer_102,Jaipur,Rajasthan,Clothing,T-Shirt,5,4563.8,5,379.67,Debit Card
ORD_00820,2025-08-12,CUS_00820,Customer_130,Hyderabad,Telangana,Clothing,Jacket,4,14199.14,0,1471.53,Credit Card
ORD_00821,2025-08-12,CUS_00821,Customer_039,Howrah,West Bengal,Clothing,Jacket,2,6134.18,20,929.29,Net Banking
ORD_00822,2025-08-16,CUS_00822,Customer_110,Durgapur,West Bengal,Home & Kitchen,Air Fryer,1,5912.14,20,753.91,Debit Card
ORD_00823,2025-08-17,CUS_00823,Customer_014,Jaipur,Rajasthan,Home & Kitchen,Air Fryer,5,27970.92,10,3715.26,Net Banking
ORD_00824,2025-08-17,CUS_00824,Customer_128,Jodhpur,Rajasthan,Clothing,Jacket,5,13062.14,15,2315.37,Credit Card
ORD_00825,2025-08-17,CUS_00825,Customer_090,Pune,Maharashtra,Furniture,Bookshelf,1,5236.09,10,721.5,Credit Card
ORD_00826,2025-08-21,CUS_00826,Customer_118,Ahmedabad,Gujarat,Home & Kitchen,Bedsheet,1,1385.32,0,203.67,Net Banking
ORD_00827,2025-08-21,CUS_00827,Customer_070,Pune,Maharashtra,Clothing,Jeans,3,5685.16,0,1048.41,Debit Card
ORD_00828,2025-08-22,CUS_00828,Customer_107,Howrah,West Bengal,Home & Kitchen,Bedsheet,3,3392.17,20,430.27,Debit Card
ORD_00829,2025-08-22,CUS_00829,Customer_123,Howrah,West Bengal,Furniture,Office Chair,5,34116.27,15,8509.84,Net Banking
ORD_00830,2025-08-24,CUS_00830,Customer_040,Nizamabad,Telangana,Electronics,Smartwatch,3,17183.87,0,4185.17,Debit Card
ORD_00831,2025-08-25,CUS_00831,Customer_131,Jaipur,Rajasthan,Electronics,Smartwatch,3,11377.68,15,945.04,Credit Card
ORD_00832,2025-08-25,CUS_00832,Customer_040,Pune,Maharashtra,Home & Kitchen,Air Fryer,1,6470.32,0,671.2,UPI
ORD_00833,2025-08-25,CUS_00833,Customer_073,Delhi,Delhi,Home & Kitchen,Air Fryer,1,5923.69,10,1430.67,Credit Card
ORD_00834,2025-08-25,CUS_00834,Customer_035,Coimbatore,Tamil Nadu,Electronics,Laptop,5,245493.12,10,21902.78,Cash on Delivery
ORD_00835,2025-08-26,CUS_00835,Customer_054,Delhi,Delhi,Furniture,Office Chair,4,28893.52,0,4948.03,Net Banking
ORD_00836,2025-08-27,CUS_00836,Customer_001,Howrah,West Bengal,Clothing,Jacket,1,3697.92,0,313.06,Credit Card
ORD_00837,2025-08-27,CUS_00837,Customer_036,Hyderabad,Telangana,Clothing,Jacket,3,9532.25,20,1398.87,Cash on Delivery
ORD_00838,2025-08-27,CUS_00838,Customer_045,Warangal,Telangana,Furniture,Office Chair,4,28080.16,10,2590.29,Debit Card
ORD_00839,2025-08-27,CUS_00839,Customer_038,Nagpur,Maharashtra,Furniture,Bookshelf,2,13650.59,0,1424.97,Debit Card
ORD_00840,2025-08-29,CUS_00840,Customer_102,Ahmedabad,Gujarat,Electronics,Smartwatch,4,18713.66,10,3776.44,UPI
ORD_00841,2025-08-29,CUS_00841,Customer_020,Noida,Delhi,Clothing,Sneakers,5,12142.94,0,1865.79,Net Banking
ORD_00842,2025-08-30,CUS_00842,Customer_030,Howrah,West Bengal,Furniture,Bookshelf,5,29469.7,5,1961.2,Debit Card
ORD_00843,2025-09-03,CUS_00843,Customer_150,Gurugram,Delhi,Home & Kitchen,Mixer Grinder,2,7723.19,15,1181.54,UPI
ORD_00844,2025-09-05,CUS_00844,Customer_009,Ahmedabad,Gujarat,Clothing,T-Shirt,5,3579.36,20,179.29,Debit Card
ORD_00845,2025-09-07,CUS_00845,Customer_138,Noida,Delhi,Furniture,Office Chair,2,11589.26,20,2634.66,Debit Card
ORD_00846,2025-09-08,CUS_00846,Customer_011,Howrah,West Bengal,Home & Kitchen,Cookware Set,3,10121.19,15,1279.83,Credit Card
ORD_00847,2025-09-11,CUS_00847,Customer_084,Coimbatore,Tamil Nadu,Home & Kitchen,Mixer Grinder,4,13391.2,15,3076.1,Debit Card
ORD_00848,2025-09-15,CUS_00848,Customer_085,Jaipur,Rajasthan,Home & Kitchen,Bedsheet,1,1566.05,0,89.27,Net Banking
ORD_00849,2025-09-17,CUS_00849,Customer_052,Mysuru,Karnataka,Clothing,Sneakers,3,8946.52,5,746.2,Debit Card
ORD_00850,2025-09-19,CUS_00850,Customer_033,Warangal,Telangana,Electronics,Headphones,2,4851.63,5,770.22,Debit Card
ORD_00851,2025-09-19,CUS_00851,Customer_055,Nagpur,Maharashtra,Electronics,Laptop,1,44022.48,15,4663.77,Debit Card
ORD_00852,2025-09-20,CUS_00852,Customer_084,Nagpur,Maharashtra,Electronics,Headphones,1,2422.96,5,565.88,UPI
ORD_00853,2025-09-20,CUS_00853,Customer_130,Udaipur,Rajasthan,Home & Kitchen,Cookware Set,2,5339.45,15,862.66,Debit Card
ORD_00854,2025-09-21,CUS_00854,Customer_045,Hyderabad,Telangana,Furniture,Bookshelf,3,14894.51,10,1526.22,Cash on Delivery
ORD_00855,2025-09-22,CUS_00855,Customer_030,Mangaluru,Karnataka,Electronics,Smartwatch,3,13341.91,20,2109.89,UPI
ORD_00856,2025-09-23,CUS_00856,Customer_071,Coimbatore,Tamil Nadu,Electronics,Laptop,2,116750.3,0,10611.21,Credit Card
ORD_00857,2025-09-23,CUS_00857,Customer_032,Mumbai,Maharashtra,Home & Kitchen,Air Fryer,3,17882.29,20,3290.05,UPI
ORD_00858,2025-09-24,CUS_00858,Customer_149,Coimbatore,Tamil Nadu,Clothing,T-Shirt,3,2131.36,10,211.15,Debit Card
ORD_00859,2025-09-24,CUS_00859,Customer_136,Vadodara,Gujarat,Clothing,Jeans,3,5715.87,0,1374.84,Debit Card
ORD_00860,2025-09-24,CUS_00860,Customer_013,Howrah,West Bengal,Home & Kitchen,Cookware Set,5,16832.71,5,1874.84,Debit Card
ORD_00861,2025-09-24,CUS_00861,Customer_130,Madurai,Tamil Nadu,Clothing,Jacket,3,10167.84,5,1443.43,Credit Card
ORD_00862,2025-09-26,CUS_00862,Customer_082,Jaipur,Rajasthan,Furniture,Bookshelf,5,25940.03,20,4970.74,Debit Card
ORD_00863,2025-09-26,CUS_00863,Customer_058,Pune,Maharashtra,Clothing,T-Shirt,3,2569.87,5,597.72,Cash on Delivery
ORD_00864,2025-09-26,CUS_00864,Customer_110,Vadodara,Gujarat,Furniture,Office Chair,1,6001.27,15,855.92,Debit Card
ORD_00865,2025-09-30,CUS_00865,Customer_129,Jodhpur,Rajasthan,Furniture,Office Chair,4,26962.85,0,2168.08,Credit Card
ORD_00866,2025-09-30,CUS_00866,Customer_103,Mangaluru,Karnataka,Electronics,Smartphone,4,104819.66,5,16193.27,Debit Card
ORD_00867,2025-09-30,CUS_00867,Customer_092,Madurai,Tamil Nadu,Clothing,Sneakers,5,12648.11,10,655.31,Debit Card
ORD_00868,2025-10-04,CUS_00868,Customer_150,Pune,Maharashtra,Clothing,Sneakers,3,7700.81,20,1823.08,Cash on Delivery
ORD_00869,2025-10-04,CUS_00869,Customer_126,Warangal,Telangana,Electronics,Smartphone,3,79202.53,5,6089.65,Cash on Delivery
ORD_00870,2025-10-04,CUS_00870,Customer_051,Ahmedabad,Gujarat,Clothing,Sneakers,3,8016.48,5,1365.9,Net Banking
ORD_00871,2025-10-05,CUS_00871,Customer_069,Warangal,Telangana,Furniture,Sofa,1,18445.84,20,3276.98,Net Banking
ORD_00872,2025-10-06,CUS_00872,Customer_013,Gurugram,Delhi,Home & Kitchen,Bedsheet,2,2072.01,20,202.48,UPI
ORD_00873,2025-10-07,CUS_00873,Customer_029,Delhi,Delhi,Home & Kitchen,Cookware Set,3,9118.88,20,640.83,Credit Card
ORD_00874,2025-10-07,CUS_00874,Customer_038,Howrah,West Bengal,Home & Kitchen,Cookware Set,4,11015.63,10,1084.29,Net Banking
ORD_00875,2025-10-08,CUS_00875,Customer_064,Delhi,Delhi,Clothing,Jacket,1,3146.19,5,291.4,Cash on Delivery
ORD_00876,2025-10-09,CUS_00876,Customer_117,Gurugram,Delhi,Electronics,Smartwatch,3,12575.49,15,1297.84,Cash on Delivery
ORD_00877,2025-10-09,CUS_00877,Customer_008,Mumbai,Maharashtra,Home & Kitchen,Air Fryer,1,6364.91,10,1588.45,UPI
ORD_00878,2025-10-10,CUS_00878,Customer_129,Coimbatore,Tamil Nadu,Furniture,Bookshelf,2,10639.52,0,1208.66,UPI
ORD_00879,2025-10-10,CUS_00879,Customer_137,Noida,Delhi,Furniture,Sofa,1,15493.93,20,1464.41,Credit Card
ORD_00880,2025-10-11,CUS_00880,Customer_134,Nizamabad,Telangana,Clothing,Jacket,4,12643.78,20,1379.77,Cash on Delivery
ORD_00881,2025-10-11,CUS_00881,Customer_025,Vadodara,Gujarat,Home & Kitchen,Mixer Grinder,3,12412.4,15,2361.18,UPI
ORD_00882,2025-10-11,CUS_00882,Customer_038,Jodhpur,Rajasthan,Electronics,Laptop,1,50314.85,0,9853.39,Net Banking
ORD_00883,2025-10-15,CUS_00883,Customer_113,Ahmedabad,Gujarat,Furniture,Office Chair,3,16643.69,15,1593.28,Credit Card
ORD_00884,2025-10-16,CUS_00884,Customer_068,Warangal,Telangana,Electronics,Headphones,1,2022.36,5,297.53,Net Banking
ORD_00885,2025-10-17,CUS_00885,Customer_044,Pune,Maharashtra,Electronics,Smartwatch,3,13653.53,5,778.09,Net Banking
ORD_00886,2025-10-17,CUS_00886,Customer_019,Madurai,Tamil Nadu,Electronics,Smartwatch,3,12291.28,15,2911.65,Net Banking
ORD_00887,2025-10-18,CUS_00887,Customer_048,Kolkata,West Bengal,Clothing,Sneakers,3,7243.45,10,950.36,Credit Card
ORD_00888,2025-10-19,CUS_00888,Customer_120,Mangaluru,Karnataka,Clothing,Sneakers,4,9856.59,10,2081.02,Net Banking
ORD_00889,2025-10-19,CUS_00889,Customer_049,Vadodara,Gujarat,Home & Kitchen,Bedsheet,4,6270.15,0,1537.43,Cash on Delivery
ORD_00890,2025-10-20,CUS_00890,Customer_048,Pune,Maharashtra,Furniture,Sofa,5,120354.29,0,15169.35,Cash on Delivery
ORD_00891,2025-10-20,CUS_00891,Customer_066,Warangal,Telangana,Home & Kitchen,Cookware Set,3,10391.05,5,1354.76,UPI
ORD_00892,2025-10-20,CUS_00892,Customer_133,Gurugram,Delhi,Home & Kitchen,Bedsheet,3,4032.8,15,942.67,Credit Card
ORD_00893,2025-10-21,CUS_00893,Customer_075,Mumbai,Maharashtra,Electronics,Smartphone,1,18790.95,15,2959.18,Credit Card
ORD_00894,2025-10-24,CUS_00894,Customer_081,Udaipur,Rajasthan,Furniture,Bookshelf,3,17495.65,15,2009.71,Debit Card
ORD_00895,2025-10-24,CUS_00895,Customer_127,Udaipur,Rajasthan,Clothing,Sneakers,4,10951.14,5,1600.85,Cash on Delivery
ORD_00896,2025-10-26,CUS_00896,Customer_107,Pune,Maharashtra,Home & Kitchen,Bedsheet,3,3593.98,20,858.03,Net Banking
ORD_00897,2025-10-29,CUS_00897,Customer_011,Howrah,West Bengal,Furniture,Sofa,2,39826.77,5,8597.12,Net Banking
ORD_00898,2025-10-29,CUS_00898,Customer_035,Surat,Gujarat,Furniture,Office Chair,1,7111.98,10,1693.62,Credit Card
ORD_00899,2025-10-29,CUS_00899,Customer_001,Gurugram,Delhi,Furniture,Office Chair,3,22489.6,0,5287.61,Net Banking
ORD_00900,2025-10-30,CUS_00900,Customer_045,Delhi,Delhi,Home & Kitchen,Cookware Set,3,10993.72,0,2250.36,Debit Card
ORD_00901,2025-10-30,CUS_00901,Customer_109,Hyderabad,Telangana,Electronics,Laptop,2,118373.36,5,26792.4,Cash on Delivery
ORD_00902,2025-10-30,CUS_00902,Customer_061,Jaipur,Rajasthan,Electronics,Smartwatch,1,4356.12,5,228.4,Net Banking
ORD_00903,2025-10-30,CUS_00903,Customer_086,Noida,Delhi,Home & Kitchen,Air Fryer,5,27529.6,10,6236.74,Cash on Delivery
ORD_00904,2025-10-31,CUS_00904,Customer_061,Mysuru,Karnataka,Home & Kitchen,Air Fryer,3,21224.65,0,3510.15,Debit Card
ORD_00905,2025-11-01,CUS_00905,Customer_126,Hyderabad,Telangana,Electronics,Headphones,4,9043.34,5,1620.25,UPI
ORD_00906,2025-11-01,CUS_00906,Customer_037,Kolkata,West Bengal,Home & Kitchen,Cookware Set,2,6566.33,0,849.7,UPI
ORD_00907,2025-11-01,CUS_00907,Customer_093,Durgapur,West Bengal,Electronics,Smartwatch,2,7750.81,20,977.25,UPI
ORD_00908,2025-11-02,CUS_00908,Customer_111,Udaipur,Rajasthan,Home & Kitchen,Mixer Grinder,3,11668.44,15,1991.08,Cash on Delivery
ORD_00909,2025-11-02,CUS_00909,Customer_058,Coimbatore,Tamil Nadu,Clothing,Jacket,4,12012.77,20,2424.34,Net Banking
ORD_00910,2025-11-03,CUS_00910,Customer_111,Noida,Delhi,Home & Kitchen,Bedsheet,3,3524.31,20,862.89,UPI
ORD_00911,2025-11-05,CUS_00911,Customer_010,Madurai,Tamil Nadu,Home & Kitchen,Cookware Set,5,14210.04,10,1011.49,Debit Card
ORD_00912,2025-11-05,CUS_00912,Customer_149,Howrah,West Bengal,Furniture,Sofa,1,18802.95,10,3163.69,UPI
ORD_00913,2025-11-06,CUS_00913,Customer_088,Surat,Gujarat,Furniture,Office Chair,1,5292.89,20,1130.39,UPI
ORD_00914,2025-11-06,CUS_00914,Customer_011,Hyderabad,Telangana,Electronics,Laptop,4,222172.4,10,51519.76,Net Banking
ORD_00915,2025-11-07,CUS_00915,Customer_099,Jaipur,Rajasthan,Furniture,Bookshelf,3,18373.04,0,2640.92,Cash on Delivery
ORD_00916,2025-11-07,CUS_00916,Customer_065,Vadodara,Gujarat,Home & Kitchen,Cookware Set,2,5078.4,15,553.59,Net Banking
ORD_00917,2025-11-07,CUS_00917,Customer_126,Chennai,Tamil Nadu,Furniture,Office Chair,5,29057.49,20,5031.96,Debit Card
ORD_00918,2025-11-07,CUS_00918,Customer_019,Madurai,Tamil Nadu,Furniture,Study Table,1,6593.29,20,905.91,Credit Card
ORD_00919,2025-11-07,CUS_00919,Customer_132,Mysuru,Karnataka,Home & Kitchen,Mixer Grinder,5,19878.38,15,4129.94,Cash on Delivery
ORD_00920,2025-11-09,CUS_00920,Customer_116,Mysuru,Karnataka,Home & Kitchen,Bedsheet,4,4305.5,15,945.43,UPI
ORD_00921,2025-11-09,CUS_00921,Customer_119,Durgapur,West Bengal,Home & Kitchen,Bedsheet,1,1367.51,15,127.51,Net Banking
ORD_00922,2025-11-09,CUS_00922,Customer_142,Madurai,Tamil Nadu,Home & Kitchen,Air Fryer,5,23914.34,15,4963.24,Net Banking
ORD_00923,2025-11-10,CUS_00923,Customer_078,Nagpur,Maharashtra,Home & Kitchen,Bedsheet,4,4865.14,10,1004.33,UPI
ORD_00924,2025-11-10,CUS_00924,Customer_106,Durgapur,West Bengal,Furniture,Sofa,1,19332.46,20,2229.97,UPI
ORD_00925,2025-11-10,CUS_00925,Customer_062,Noida,Delhi,Electronics,Headphones,2,3475.03,20,468.97,UPI
ORD_00926,2025-11-11,CUS_00926,Customer_130,Madurai,Tamil Nadu,Clothing,Jacket,2,5748.43,20,938.39,Debit Card
ORD_00927,2025-11-11,CUS_00927,Customer_010,Mumbai,Maharashtra,Furniture,Office Chair,2,13247.16,15,932.08,Debit Card
ORD_00928,2025-11-12,CUS_00928,Customer_013,Gurugram,Delhi,Furniture,Sofa,5,98120.59,5,20803.79,Credit Card
ORD_00929,2025-11-12,CUS_00929,Customer_014,Madurai,Tamil Nadu,Clothing,T-Shirt,4,3572.26,10,746.79,Debit Card
ORD_00930,2025-11-13,CUS_00930,Customer_124,Udaipur,Rajasthan,Home & Kitchen,Air Fryer,3,21438.5,0,2672.27,UPI
ORD_00931,2025-11-14,CUS_00931,Customer_084,Udaipur,Rajasthan,Home & Kitchen,Mixer Grinder,2,9666.29,5,1692.19,Debit Card
ORD_00932,2025-11-15,CUS_00932,Customer_049,Coimbatore,Tamil Nadu,Home & Kitchen,Cookware Set,2,6132.33,15,1318.51,Debit Card
ORD_00933,2025-11-16,CUS_00933,Customer_018,Howrah,West Bengal,Home & Kitchen,Bedsheet,3,4810.28,0,251.69,Credit Card
ORD_00934,2025-11-17,CUS_00934,Customer_084,Warangal,Telangana,Electronics,Headphones,2,4587.95,20,857.55,Net Banking
ORD_00935,2025-11-17,CUS_00935,Customer_012,Nizamabad,Telangana,Home & Kitchen,Mixer Grinder,5,19878.25,0,1745.86,Debit Card
ORD_00936,2025-11-18,CUS_00936,Customer_111,Jodhpur,Rajasthan,Home & Kitchen,Air Fryer,1,4848.85,15,686.62,Net Banking
ORD_00937,2025-11-18,CUS_00937,Customer_104,Mysuru,Karnataka,Furniture,Office Chair,4,22706.58,5,4697.63,Debit Card
ORD_00938,2025-11-19,CUS_00938,Customer_146,Ahmedabad,Gujarat,Electronics,Laptop,1,56743.61,10,9612.9,Credit Card
ORD_00939,2025-11-19,CUS_00939,Customer_012,Coimbatore,Tamil Nadu,Clothing,Sneakers,1,2488.44,10,532.84,UPI
ORD_00940,2025-11-20,CUS_00940,Customer_137,Warangal,Telangana,Furniture,Office Chair,5,25855.5,15,2431.58,Debit Card
ORD_00941,2025-11-20,CUS_00941,Customer_047,Udaipur,Rajasthan,Home & Kitchen,Mixer Grinder,4,13956.28,20,2204.7,Cash on Delivery
ORD_00942,2025-11-21,CUS_00942,Customer_059,Gurugram,Delhi,Electronics,Smartwatch,2,7756.23,10,1089.28,UPI
ORD_00943,2025-11-22,CUS_00943,Customer_054,Jaipur,Rajasthan,Electronics,Headphones,5,13495.8,0,2268.46,Net Banking
ORD_00944,2025-11-22,CUS_00944,Customer_086,Warangal,Telangana,Home & Kitchen,Cookware Set,3,8483.05,20,1199.26,Credit Card
ORD_00945,2025-11-22,CUS_00945,Customer_119,Madurai,Tamil Nadu,Furniture,Study Table,5,41863.93,15,5957.43,Cash on Delivery
ORD_00946,2025-11-23,CUS_00946,Customer_047,Nizamabad,Telangana,Electronics,Headphones,4,9698.7,10,763.9,Credit Card
ORD_00947,2025-11-23,CUS_00947,Customer_145,Mumbai,Maharashtra,Electronics,Laptop,3,135219.69,20,16784.61,UPI
ORD_00948,2025-11-26,CUS_00948,Customer_012,Noida,Delhi,Clothing,Jacket,1,3270.54,10,752.98,Cash on Delivery
ORD_00949,2025-11-26,CUS_00949,Customer_017,Surat,Gujarat,Furniture,Sofa,3,56096.11,10,13096.35,UPI
ORD_00950,2025-11-27,CUS_00950,Customer_051,Coimbatore,Tamil Nadu,Clothing,Jacket,1,3171.05,20,588.97,Net Banking
ORD_00951,2025-11-27,CUS_00951,Customer_116,Mangaluru,Karnataka,Clothing,Jeans,3,4874.54,15,696.32,Credit Card
ORD_00952,2025-11-28,CUS_00952,Customer_097,Mangaluru,Karnataka,Home & Kitchen,Cookware Set,3,8854.18,20,1183.63,UPI
ORD_00953,2025-11-29,CUS_00953,Customer_139,Delhi,Delhi,Clothing,Jacket,1,2705.54,10,159.55,Net Banking
ORD_00954,2025-11-30,CUS_00954,Customer_148,Chennai,Tamil Nadu,Electronics,Laptop,4,183991.28,15,29067.16,Credit Card
ORD_00955,2025-12-01,CUS_00955,Customer_066,Warangal,Telangana,Electronics,Headphones,1,1963.17,20,253.45,Credit Card
ORD_00956,2025-12-01,CUS_00956,Customer_060,Warangal,Telangana,Clothing,Jeans,2,3350.48,5,396.61,Net Banking
ORD_00957,2025-12-01,CUS_00957,Customer_037,Nagpur,Maharashtra,Clothing,Sneakers,2,5319.09,5,956.72,Cash on Delivery
ORD_00958,2025-12-01,CUS_00958,Customer_149,Gurugram,Delhi,Furniture,Sofa,5,113761.02,0,8825.24,UPI
ORD_00959,2025-12-02,CUS_00959,Customer_107,Madurai,Tamil Nadu,Clothing,Sneakers,2,5365.82,10,287.86,Net Banking
ORD_00960,2025-12-03,CUS_00960,Customer_065,Chennai,Tamil Nadu,Clothing,T-Shirt,1,769.04,20,184.12,Debit Card
ORD_00961,2025-12-03,CUS_00961,Customer_049,Hyderabad,Telangana,Electronics,Laptop,3,145815.02,15,13493.16,Cash on Delivery
ORD_00962,2025-12-03,CUS_00962,Customer_081,Udaipur,Rajasthan,Clothing,Sneakers,5,13901.23,0,860.41,UPI
ORD_00963,2025-12-04,CUS_00963,Customer_084,Mumbai,Maharashtra,Home & Kitchen,Mixer Grinder,3,9186.82,20,1983.59,Credit Card
ORD_00964,2025-12-07,CUS_00964,Customer_011,Kolkata,West Bengal,Clothing,Sneakers,1,2881.53,5,713.05,Credit Card
ORD_00965,2025-12-08,CUS_00965,Customer_058,Nagpur,Maharashtra,Clothing,Jeans,3,4275.42,20,931.13,UPI
ORD_00966,2025-12-08,CUS_00966,Customer_109,Delhi,Delhi,Home & Kitchen,Bedsheet,4,6406.58,0,1029.81,Net Banking
ORD_00967,2025-12-09,CUS_00967,Customer_079,Pune,Maharashtra,Home & Kitchen,Bedsheet,5,7298.64,5,928.9,Net Banking
ORD_00968,2025-12-11,CUS_00968,Customer_052,Ahmedabad,Gujarat,Clothing,Jacket,2,6512.81,5,391.22,Cash on Delivery
ORD_00969,2025-12-11,CUS_00969,Customer_059,Mangaluru,Karnataka,Furniture,Study Table,3,19444.47,20,1183.74,UPI
ORD_00970,2025-12-11,CUS_00970,Customer_147,Mumbai,Maharashtra,Furniture,Office Chair,3,17934.78,20,2924.55,Net Banking
ORD_00971,2025-12-12,CUS_00971,Customer_144,Hyderabad,Telangana,Clothing,Sneakers,1,2351.55,5,238.89,UPI
ORD_00972,2025-12-12,CUS_00972,Customer_132,Nizamabad,Telangana,Clothing,Jeans,4,6223.42,15,1440.41,Cash on Delivery
ORD_00973,2025-12-13,CUS_00973,Customer_079,Jodhpur,Rajasthan,Home & Kitchen,Bedsheet,2,2540.77,5,450.55,Debit Card
ORD_00974,2025-12-13,CUS_00974,Customer_140,Ahmedabad,Gujarat,Electronics,Laptop,2,103818.3,5,11881.29,Credit Card
ORD_00975,2025-12-14,CUS_00975,Customer_001,Kolkata,West Bengal,Furniture,Sofa,2,37744.68,20,8098.43,UPI
ORD_00976,2025-12-15,CUS_00976,Customer_070,Coimbatore,Tamil Nadu,Furniture,Study Table,3,29563.1,0,2369.29,Debit Card
ORD_00977,2025-12-16,CUS_00977,Customer_139,Jodhpur,Rajasthan,Furniture,Bookshelf,1,5883.91,0,1284.4,Debit Card
ORD_00978,2025-12-16,CUS_00978,Customer_056,Noida,Delhi,Furniture,Office Chair,3,18097.67,0,2646.41,Debit Card
ORD_00979,2025-12-16,CUS_00979,Customer_042,Surat,Gujarat,Home & Kitchen,Bedsheet,5,7998.22,0,1470.57,Net Banking
ORD_00980,2025-12-16,CUS_00980,Customer_005,Madurai,Tamil Nadu,Clothing,Jacket,3,8557.53,10,1133.24,Credit Card
ORD_00981,2025-12-17,CUS_00981,Customer_014,Coimbatore,Tamil Nadu,Electronics,Headphones,2,5142.06,5,663.48,Cash on Delivery
ORD_00982,2025-12-17,CUS_00982,Customer_007,Surat,Gujarat,Furniture,Office Chair,5,34092.27,0,5267.13,Cash on Delivery
ORD_00983,2025-12-18,CUS_00983,Customer_037,Kolkata,West Bengal,Clothing,T-Shirt,3,2304.66,5,416.34,UPI
ORD_00984,2025-12-18,CUS_00984,Customer_063,Howrah,West Bengal,Clothing,Jacket,3,10043.03,5,553.21,UPI
ORD_00985,2025-12-19,CUS_00985,Customer_074,Durgapur,West Bengal,Clothing,T-Shirt,4,3491.71,5,519.55,Net Banking
ORD_00986,2025-12-20,CUS_00986,Customer_106,Mumbai,Maharashtra,Home & Kitchen,Mixer Grinder,3,13942.65,10,1816.71,Debit Card
ORD_00987,2025-12-20,CUS_00987,Customer_111,Mangaluru,Karnataka,Home & Kitchen,Air Fryer,1,5325.53,20,739.23,Debit Card
ORD_00988,2025-12-20,CUS_00988,Customer_091,Durgapur,West Bengal,Furniture,Bookshelf,1,6006.25,10,973.54,Cash on Delivery
ORD_00989,2025-12-21,CUS_00989,Customer_137,Bengaluru,Karnataka,Electronics,Laptop,4,211588.9,15,20429.46,Cash on Delivery
ORD_00990,2025-12-22,CUS_00990,Customer_005,Bengaluru,Karnataka,Electronics,Smartwatch,5,19885.44,20,2816.52,Credit Card
ORD_00991,2025-12-25,CUS_00991,Customer_010,Howrah,West Bengal,Electronics,Smartwatch,1,4352.97,15,1074.38,Cash on Delivery
ORD_00992,2025-12-26,CUS_00992,Customer_005,Gurugram,Delhi,Home & Kitchen,Cookware Set,5,13953.69,10,1123.04,Cash on Delivery
ORD_00993,2025-12-26,CUS_00993,Customer_044,Udaipur,Rajasthan,Electronics,Headphones,3,6206.25,10,810.79,Net Banking
ORD_00994,2025-12-27,CUS_00994,Customer_066,Warangal,Telangana,Home & Kitchen,Cookware Set,5,15064.84,0,1438.26,Net Banking
ORD_00995,2025-12-27,CUS_00995,Customer_091,Coimbatore,Tamil Nadu,Home & Kitchen,Mixer Grinder,3,13410.68,5,1398.92,UPI
ORD_00996,2025-12-30,CUS_00996,Customer_139,Kolkata,West Bengal,Electronics,Smartwatch,2,7507.41,15,847.36,Cash on Delivery
ORD_00997,2025-12-30,CUS_00997,Customer_086,Chennai,Tamil Nadu,Electronics,Smartphone,1,20842.81,15,1957.18,UPI
ORD_00998,2025-12-31,CUS_00998,Customer_088,Vadodara,Gujarat,Electronics,Laptop,1,46228.35,5,8173.23,Debit Card
ORD_00999,2025-12-31,CUS_00999,Customer_113,Ahmedabad,Gujarat,Home & Kitchen,Cookware Set,4,14336.93,0,1018.67,Credit Card
ORD_01000,2025-12-31,CUS_01000,Customer_062,Madurai,Tamil Nadu,Electronics,Headphones,2,3769.62,15,502.22,UPI
ORD_01001,2025-01-02,CUS_01001,Customer_078,Jaipur,Rajasthan,Clothing,Jeans,4,7679.33,5,748.8,Net Banking
ORD_01002,2025-01-02,CUS_01002,Customer_132,Jaipur,Rajasthan,Home & Kitchen,Air Fryer,3,18610.35,15,1608.81,Credit Card
ORD_01003,2025-01-02,CUS_01003,Customer_016,Warangal,Telangana,Clothing,T-Shirt,3,2239.11,10,376.15,Credit Card
ORD_01004,2025-01-02,CUS_01004,Customer_117,Pune,Maharashtra,Furniture,Bookshelf,1,5272.24,15,444.82,Net Banking
ORD_01005,2025-01-02,CUS_01005,Customer_097,Hyderabad,Telangana,Electronics,Smartwatch,1,4340.4,15,826.82,UPI
ORD_01006,2025-01-03,CUS_01006,Customer_007,Madurai,Tamil Nadu,Furniture,Sofa,2,42539.95,10,4274.73,Debit Card
ORD_01007,2025-01-03,CUS_01007,Customer_009,Mysuru,Karnataka,Furniture,Bookshelf,3,15399.12,5,3108.6,Net Banking
ORD_01008,2025-01-04,CUS_01008,Customer_029,Bengaluru,Karnataka,Furniture,Bookshelf,3,15830.37,5,1294.73,UPI
ORD_01009,2025-01-06,CUS_01009,Customer_060,Vadodara,Gujarat,Furniture,Study Table,5,36825.9,20,4674.03,Net Banking
ORD_01010,2025-01-07,CUS_01010,Customer_055,Mangaluru,Karnataka,Furniture,Office Chair,2,10130.64,20,1199.07,Cash on Delivery
ORD_01011,2025-01-07,CUS_01011,Customer_072,Gurugram,Delhi,Home & Kitchen,Bedsheet,2,2800.79,10,420.97,Debit Card
ORD_01012,2025-01-07,CUS_01012,Customer_125,Nizamabad,Telangana,Furniture,Study Table,5,39843.39,10,3028.79,Net Banking
ORD_01013,2025-01-08,CUS_01013,Customer_053,Nagpur,Maharashtra,Home & Kitchen,Bedsheet,3,4789.92,0,1071.62,Debit Card
ORD_01014,2025-01-09,CUS_01014,Customer_148,Vadodara,Gujarat,Home & Kitchen,Mixer Grinder,3,11169.66,15,2060.54,Cash on Delivery
ORD_01015,2025-01-09,CUS_01015,Customer_123,Nagpur,Maharashtra,Furniture,Study Table,4,28556.4,10,2137.27,UPI
ORD_01016,2025-01-13,CUS_01016,Customer_125,Ahmedabad,Gujarat,Furniture,Sofa,4,82129.32,15,9942.9,Cash on Delivery
ORD_01017,2025-01-13,CUS_01017,Customer_084,Jaipur,Rajasthan,Clothing,T-Shirt,4,3786.59,0,380.66,Net Banking
ORD_01018,2025-01-15,CUS_01018,Customer_047,Noida,Delhi,Home & Kitchen,Bedsheet,1,1020.48,15,236.89,UPI
ORD_01019,2025-01-16,CUS_01019,Customer_039,Gurugram,Delhi,Clothing,Jeans,1,1557.28,10,389.18,Net Banking
ORD_01020,2025-01-16,CUS_01020,Customer_119,Nizamabad,Telangana,Electronics,Smartwatch,3,14212.74,15,2813.36,UPI
ORD_01021,2025-01-18,CUS_01021,Customer_019,Mangaluru,Karnataka,Furniture,Sofa,5,91299.37,20,13184.85,UPI
ORD_01022,2025-01-18,CUS_01022,Customer_091,Hyderabad,Telangana,Furniture,Office Chair,1,5138.27,15,1010.18,Net Banking
ORD_01023,2025-01-19,CUS_01023,Customer_044,Warangal,Telangana,Furniture,Sofa,1,19860.38,20,1882.69,Debit Card
ORD_01024,2025-01-20,CUS_01024,Customer_121,Pune,Maharashtra,Furniture,Sofa,1,18772.81,0,4535.79,Debit Card
ORD_01025,2025-01-20,CUS_01025,Customer_108,Ahmedabad,Gujarat,Clothing,Jeans,5,7947.89,20,947.29,Cash on Delivery
ORD_01026,2025-01-20,CUS_01026,Customer_132,Nizamabad,Telangana,Clothing,Jacket,3,10253.94,15,1303.02,Credit Card
ORD_01027,2025-01-21,CUS_01027,Customer_085,Mangaluru,Karnataka,Clothing,Jacket,2,6149.05,20,546.8,Cash on Delivery
ORD_01028,2025-01-22,CUS_01028,Customer_084,Bengaluru,Karnataka,Electronics,Headphones,5,11242.36,15,2450.72,Debit Card
ORD_01029,2025-01-22,CUS_01029,Customer_119,Nizamabad,Telangana,Clothing,T-Shirt,1,820.34,10,101.35,Net Banking
ORD_01030,2025-01-23,CUS_01030,Customer_104,Hyderabad,Telangana,Home & Kitchen,Bedsheet,1,1285.0,15,244.16,UPI
ORD_01031,2025-01-25,CUS_01031,Customer_010,Mysuru,Karnataka,Clothing,Jeans,3,4378.08,15,720.67,Credit Card
ORD_01032,2025-01-25,CUS_01032,Customer_112,Durgapur,West Bengal,Electronics,Headphones,4,10139.38,0,831.89,Credit Card
ORD_01033,2025-01-25,CUS_01033,Customer_046,Ahmedabad,Gujarat,Electronics,Smartwatch,5,23698.84,5,1834.71,Net Banking
ORD_01034,2025-01-26,CUS_01034,Customer_137,Chennai,Tamil Nadu,Furniture,Bookshelf,3,12251.16,20,2779.07,UPI
ORD_01035,2025-01-27,CUS_01035,Customer_005,Mysuru,Karnataka,Electronics,Headphones,4,8353.15,15,530.61,Net Banking
ORD_01036,2025-01-28,CUS_01036,Customer_103,Durgapur,West Bengal,Clothing,Sneakers,5,9681.91,20,1449.52,UPI
ORD_01037,2025-01-28,CUS_01037,Customer_149,Howrah,West Bengal,Electronics,Smartwatch,4,18216.85,15,4461.64,UPI
ORD_01038,2025-01-29,CUS_01038,Customer_123,Jaipur,Rajasthan,Electronics,Smartwatch,5,21936.15,0,2812.96,UPI
ORD_01039,2025-01-29,CUS_01039,Customer_046,Pune,Maharashtra,Furniture,Bookshelf,5,27234.39,10,1743.16,UPI
ORD_01040,2025-01-29,CUS_01040,Customer_002,Nizamabad,Telangana,Home & Kitchen,Cookware Set,3,8307.38,15,487.1,Net Banking
ORD_01041,2025-01-30,CUS_01041,Customer_022,Warangal,Telangana,Furniture,Study Table,4,26507.41,20,5587.54,Cash on Delivery
ORD_01042,2025-01-30,CUS_01042,Customer_122,Vadodara,Gujarat,Furniture,Sofa,3,57636.77,0,6412.82,Cash on Delivery
ORD_01043,2025-02-03,CUS_01043,Customer_069,Kolkata,West Bengal,Home & Kitchen,Cookware Set,1,2967.96,15,187.72,Net Banking
ORD_01044,2025-02-04,CUS_01044,Customer_012,Coimbatore,Tamil Nadu,Electronics,Laptop,1,50455.17,20,10980.58,Debit Card
ORD_01045,2025-02-05,CUS_01045,Customer_029,Chennai,Tamil Nadu,Home & Kitchen,Bedsheet,5,5178.81,20,818.09,Net Banking
ORD_01046,2025-02-05,CUS_01046,Customer_044,Jodhpur,Rajasthan,Furniture,Office Chair,3,19085.13,15,1183.82,Net Banking
ORD_01047,2025-02-06,CUS_01047,Customer_143,Nizamabad,Telangana,Furniture,Bookshelf,3,19284.5,0,3405.28,Net Banking
ORD_01048,2025-02-07,CUS_01048,Customer_102,Vadodara,Gujarat,Electronics,Headphones,3,6931.92,5,913.32,Net Banking
ORD_01049,2025-02-07,CUS_01049,Customer_124,Bengaluru,Karnataka,Furniture,Sofa,2,48085.61,0,7701.94,Debit Card
ORD_01050,2025-02-07,CUS_01050,Customer_076,Delhi,Delhi,Home & Kitchen,Bedsheet,2,2416.74,5,348.43,Debit Card
ORD_01051,2025-02-08,CUS_01051,Customer_085,Surat,Gujarat,Furniture,Sofa,5,103690.35,5,21015.22,Cash on Delivery
ORD_01052,2025-02-08,CUS_01052,Customer_019,Howrah,West Bengal,Home & Kitchen,Air Fryer,3,19009.18,10,1896.07,Debit Card
ORD_01053,2025-02-08,CUS_01053,Customer_108,Chennai,Tamil Nadu,Furniture,Bookshelf,5,28758.77,5,5606.62,UPI
ORD_01054,2025-02-08,CUS_01054,Customer_065,Warangal,Telangana,Furniture,Bookshelf,5,28209.8,15,2805.97,UPI
ORD_01055,2025-02-09,CUS_01055,Customer_018,Coimbatore,Tamil Nadu,Clothing,Jeans,3,4439.69,20,409.04,Net Banking
ORD_01056,2025-02-10,CUS_01056,Customer_034,Delhi,Delhi,Home & Kitchen,Cookware Set,3,11111.62,5,1098.58,Debit Card
ORD_01057,2025-02-10,CUS_01057,Customer_124,Noida,Delhi,Home & Kitchen,Mixer Grinder,5,16765.28,20,2805.67,Net Banking
ORD_01058,2025-02-11,CUS_01058,Customer_049,Vadodara,Gujarat,Clothing,Jeans,4,7561.12,5,1135.91,Credit Card
ORD_01059,2025-02-11,CUS_01059,Customer_021,Pune,Maharashtra,Home & Kitchen,Air Fryer,1,5377.97,20,763.08,Net Banking
ORD_01060,2025-02-12,CUS_01060,Customer_080,Kolkata,West Bengal,Electronics,Headphones,5,12807.61,10,3080.15,Credit Card
ORD_01061,2025-02-12,CUS_01061,Customer_087,Bengaluru,Karnataka,Home & Kitchen,Bedsheet,1,1100.94,20,63.42,UPI
ORD_01062,2025-02-12,CUS_01062,Customer_093,Kolkata,West Bengal,Clothing,Jeans,4,6008.94,15,1323.71,Credit Card
ORD_01063,2025-02-13,CUS_01063,Customer_131,Kolkata,West Bengal,Home & Kitchen,Cookware Set,4,14385.33,5,906.86,UPI
ORD_01064,2025-02-15,CUS_01064,Customer_060,Surat,Gujarat,Home & Kitchen,Air Fryer,3,18050.83,15,1019.97,UPI
ORD_01065,2025-02-15,CUS_01065,Customer_020,Jodhpur,Rajasthan,Electronics,Smartphone,3,60887.8,20,12715.94,Credit Card
ORD_01066,2025-02-15,CUS_01066,Customer_141,Gurugram,Delhi,Furniture,Bookshelf,1,4482.86,20,953.77,Debit Card
ORD_01067,2025-02-15,CUS_01067,Customer_090,Pune,Maharashtra,Electronics,Smartphone,5,101461.46,20,14423.33,Credit Card
ORD_01068,2025-02-15,CUS_01068,Customer_122,Warangal,Telangana,Home & Kitchen,Mixer Grinder,1,4267.66,5,993.86,Credit Card
ORD_01069,2025-02-16,CUS_01069,Customer_057,Udaipur,Rajasthan,Home & Kitchen,Air Fryer,3,18115.78,15,2128.02,UPI
ORD_01070,2025-02-16,CUS_01070,Customer_146,Warangal,Telangana,Electronics,Headphones,4,7849.25,10,1484.15,UPI
ORD_01071,2025-02-16,CUS_01071,Customer_069,Udaipur,Rajasthan,Home & Kitchen,Cookware Set,3,11312.22,0,1339.09,UPI
ORD_01072,2025-02-16,CUS_01072,Customer_111,Delhi,Delhi,Furniture,Study Table,4,32803.47,0,7009.25,UPI
ORD_01073,2025-02-18,CUS_01073,Customer_063,Durgapur,West Bengal,Furniture,Sofa,4,75777.93,10,4576.33,Net Banking
ORD_01074,2025-02-19,CUS_01074,Customer_020,Mysuru,Karnataka,Clothing,Jeans,2,3334.04,5,319.64,Credit Card
ORD_01075,2025-02-20,CUS_01075,Customer_106,Jodhpur,Rajasthan,Home & Kitchen,Mixer Grinder,1,4150.49,15,454.86,UPI
ORD_01076,2025-02-20,CUS_01076,Customer_059,Nizamabad,Telangana,Clothing,Sneakers,3,8059.22,15,1253.49,Net Banking
ORD_01077,2025-02-21,CUS_01077,Customer_054,Delhi,Delhi,Furniture,Bookshelf,1,6075.84,5,1015.72,Cash on Delivery
ORD_01078,2025-02-21,CUS_01078,Customer_128,Chennai,Tamil Nadu,Electronics,Headphones,4,8130.01,15,1951.3,Debit Card
ORD_01079,2025-02-22,CUS_01079,Customer_147,Ahmedabad,Gujarat,Clothing,T-Shirt,1,730.58,20,41.45,Debit Card
ORD_01080,2025-02-22,CUS_01080,Customer_108,Howrah,West Bengal,Electronics,Smartwatch,1,4263.49,15,784.51,Cash on Delivery
ORD_01081,2025-02-22,CUS_01081,Customer_142,Madurai,Tamil Nadu,Home & Kitchen,Mixer Grinder,4,17057.86,10,4062.76,Net Banking
ORD_01082,2025-02-22,CUS_01082,Customer_138,Chennai,Tamil Nadu,Home & Kitchen,Air Fryer,3,20476.17,0,1480.48,Cash on Delivery
ORD_01083,2025-02-23,CUS_01083,Customer_072,Warangal,Telangana,Clothing,T-Shirt,1,822.57,10,79.14,UPI
ORD_01084,2025-02-23,CUS_01084,Customer_012,Madurai,Tamil Nadu,Home & Kitchen,Air Fryer,2,11693.56,10,1801.19,Cash on Delivery
ORD_01085,2025-02-24,CUS_01085,Customer_072,Mysuru,Karnataka,Home & Kitchen,Bedsheet,4,5178.2,15,545.2,UPI
ORD_01086,2025-02-24,CUS_01086,Customer_121,Kolkata,West Bengal,Clothing,Jacket,1,2996.3,5,207.75,Cash on Delivery
ORD_01087,2025-02-25,CUS_01087,Customer_085,Warangal,Telangana,Furniture,Bookshelf,3,18369.71,0,1692.88,Credit Card
ORD_01088,2025-02-26,CUS_01088,Customer_030,Mangaluru,Karnataka,Furniture,Office Chair,5,31352.05,10,2042.27,Credit Card
ORD_01089,2025-02-27,CUS_01089,Customer_006,Jodhpur,Rajasthan,Electronics,Laptop,2,102936.15,5,8839.43,Net Banking
ORD_01090,2025-02-27,CUS_01090,Customer_054,Durgapur,West Bengal,Electronics,Smartwatch,3,13512.72,0,1742.31,Debit Card
ORD_01091,2025-02-28,CUS_01091,Customer_077,Durgapur,West Bengal,Clothing,Jeans,4,8268.89,0,2040.78,Cash on Delivery
ORD_01092,2025-02-28,CUS_01092,Customer_017,Jaipur,Rajasthan,Home & Kitchen,Bedsheet,4,4823.52,15,990.68,Credit Card
ORD_01093,2025-02-28,CUS_01093,Customer_073,Mumbai,Maharashtra,Electronics,Headphones,5,8856.13,20,1479.11,Credit Card
ORD_01094,2025-03-02,CUS_01094,Customer_135,Pune,Maharashtra,Clothing,Jeans,3,4448.1,20,490.22,Debit Card
ORD_01095,2025-03-02,CUS_01095,Customer_037,Howrah,West Bengal,Clothing,T-Shirt,1,740.13,15,69.31,Net Banking
ORD_01096,2025-03-05,CUS_01096,Customer_126,Nagpur,Maharashtra,Clothing,Jacket,5,15406.78,20,1708.93,Credit Card
ORD_01097,2025-03-06,CUS_01097,Customer_145,Warangal,Telangana,Furniture,Sofa,3,47737.86,15,7044.53,Credit Card
ORD_01098,2025-03-06,CUS_01098,Customer_121,Hyderabad,Telangana,Furniture,Office Chair,4,24018.88,20,5672.72,Debit Card
ORD_01099,2025-03-08,CUS_01099,Customer_134,Gurugram,Delhi,Clothing,Jeans,5,9087.73,10,1441.04,Debit Card
ORD_01100,2025-03-08,CUS_01100,Customer_068,Gurugram,Delhi,Furniture,Study Table,4,26494.99,20,4470.19,UPI
ORD_01101,2025-03-09,CUS_01101,Customer_037,Jodhpur,Rajasthan,Home & Kitchen,Cookware Set,1,3856.85,0,375.56,Credit Card
ORD_01102,2025-03-09,CUS_01102,Customer_016,Nizamabad,Telangana,Electronics,Smartphone,3,61681.79,15,14934.73,Debit Card
ORD_01103,2025-03-10,CUS_01103,Customer_078,Bengaluru,Karnataka,Clothing,Sneakers,1,2532.32,20,497.7,Debit Card
ORD_01104,2025-03-10,CUS_01104,Customer_027,Howrah,West Bengal,Clothing,Jacket,3,9444.3,15,1824.98,Cash on Delivery
ORD_01105,2025-03-11,CUS_01105,Customer_022,Mumbai,Maharashtra,Home & Kitchen,Bedsheet,1,1371.59,0,195.86,Net Banking
ORD_01106,2025-03-11,CUS_01106,Customer_096,Coimbatore,Tamil Nadu,Electronics,Headphones,3,6399.68,15,938.71,Credit Card
ORD_01107,2025-03-14,CUS_01107,Customer_014,Durgapur,West Bengal,Furniture,Sofa,2,43972.51,10,9146.55,Net Banking
ORD_01108,2025-03-14,CUS_01108,Customer_118,Udaipur,Rajasthan,Furniture,Office Chair,1,7081.01,10,703.37,Credit Card
ORD_01109,2025-03-16,CUS_01109,Customer_104,Coimbatore,Tamil Nadu,Home & Kitchen,Air Fryer,3,21591.74,0,2940.73,Credit Card
ORD_01110,2025-03-16,CUS_01110,Customer_066,Howrah,West Bengal,Furniture,Bookshelf,1,4929.54,20,858.04,Debit Card
ORD_01111,2025-03-17,CUS_01111,Customer_087,Delhi,Delhi,Electronics,Laptop,3,181279.13,0,40201.07,Debit Card
ORD_01112,2025-03-18,CUS_01112,Customer_063,Mysuru,Karnataka,Furniture,Sofa,2,44173.38,10,6568.59,Debit Card
ORD_01113,2025-03-19,CUS_01113,Customer_088,Jaipur,Rajasthan,Clothing,Jacket,1,3381.58,5,713.73,Debit Card
ORD_01114,2025-03-19,CUS_01114,Customer_081,Surat,Gujarat,Clothing,T-Shirt,1,810.93,5,65.85,Net Banking
ORD_01115,2025-03-19,CUS_01115,Customer_047,Delhi,Delhi,Furniture,Sofa,4,85987.08,10,16095.26,Cash on Delivery
ORD_01116,2025-03-20,CUS_01116,Customer_025,Madurai,Tamil Nadu,Clothing,T-Shirt,1,897.66,5,57.12,Cash on Delivery
ORD_01117,2025-03-24,CUS_01117,Customer_141,Bengaluru,Karnataka,Clothing,Jeans,4,6987.35,5,1595.73,UPI
ORD_01118,2025-03-25,CUS_01118,Customer_107,Jodhpur,Rajasthan,Home & Kitchen,Cookware Set,2,6565.45,15,533.62,Credit Card
ORD_01119,2025-03-25,CUS_01119,Customer_101,Mangaluru,Karnataka,Electronics,Smartphone,4,68751.26,20,16412.52,Debit Card
ORD_01120,2025-03-27,CUS_01120,Customer_005,Coimbatore,Tamil Nadu,Furniture,Sofa,2,31908.97,20,4427.37,Credit Card
ORD_01121,2025-03-27,CUS_01121,Customer_062,Vadodara,Gujarat,Furniture,Bookshelf,5,27233.31,20,4743.55,Credit Card
ORD_01122,2025-03-27,CUS_01122,Customer_137,Noida,Delhi,Electronics,Smartwatch,3,13596.11,0,1700.22,Credit Card
ORD_01123,2025-03-27,CUS_01123,Customer_071,Hyderabad,Telangana,Electronics,Laptop,1,41858.74,15,5592.24,UPI
ORD_01124,2025-03-28,CUS_01124,Customer_124,Hyderabad,Telangana,Clothing,Jacket,3,9595.88,5,2202.12,Cash on Delivery
ORD_01125,2025-03-28,CUS_01125,Customer_132,Delhi,Delhi,Home & Kitchen,Cookware Set,2,7360.48,5,1686.38,UPI
ORD_01126,2025-03-29,CUS_01126,Customer_075,Jaipur,Rajasthan,Clothing,Jacket,5,17108.04,5,1389.15,Net Banking
ORD_01127,2025-03-30,CUS_01127,Customer_042,Kolkata,West Bengal,Electronics,Headphones,3,6630.81,15,750.87,Credit Card
ORD_01128,2025-03-31,CUS_01128,Customer_097,Hyderabad,Telangana,Electronics,Laptop,1,42188.81,10,9230.28,Net Banking
ORD_01129,2025-03-31,CUS_01129,Customer_045,Gurugram,Delhi,Home & Kitchen,Bedsheet,5,6332.05,15,1170.93,Cash on Delivery
ORD_01130,2025-03-31,CUS_01130,Customer_004,Kolkata,West Bengal,Electronics,Smartphone,2,42296.98,15,6122.99,UPI
ORD_01131,2025-03-31,CUS_01131,Customer_103,Delhi,Delhi,Electronics,Smartphone,1,26062.16,5,3372.04,Credit Card
ORD_01132,2025-04-02,CUS_01132,Customer_082,Coimbatore,Tamil Nadu,Clothing,T-Shirt,3,2709.13,0,331.74,Debit Card
ORD_01133,2025-04-02,CUS_01133,Customer_084,Chennai,Tamil Nadu,Home & Kitchen,Cookware Set,2,6421.41,5,446.51,Cash on Delivery
ORD_01134,2025-04-02,CUS_01134,Customer_116,Coimbatore,Tamil Nadu,Clothing,Sneakers,4,9012.11,20,1639.54,Debit Card
ORD_01135,2025-04-02,CUS_01135,Customer_143,Jaipur,Rajasthan,Home & Kitchen,Mixer Grinder,4,15988.33,15,3634.52,Credit Card
ORD_01136,2025-04-04,CUS_01136,Customer_025,Durgapur,West Bengal,Electronics,Laptop,1,46209.83,10,11097.5,UPI
ORD_01137,2025-04-05,CUS_01137,Customer_083,Mumbai,Maharashtra,Furniture,Bookshelf,4,24692.77,10,4088.17,Net Banking
ORD_01138,2025-04-05,CUS_01138,Customer_080,Mumbai,Maharashtra,Furniture,Bookshelf,3,14937.11,10,2351.89,Debit Card
ORD_01139,2025-04-07,CUS_01139,Customer_029,Delhi,Delhi,Home & Kitchen,Mixer Grinder,1,4842.93,5,666.0,Credit Card
ORD_01140,2025-04-07,CUS_01140,Customer_038,Warangal,Telangana,Home & Kitchen,Bedsheet,5,6291.35,10,1306.84,Net Banking
ORD_01141,2025-04-08,CUS_01141,Customer_075,Ahmedabad,Gujarat,Electronics,Smartwatch,1,5508.77,0,1152.44,UPI
ORD_01142,2025-04-08,CUS_01142,Customer_017,Delhi,Delhi,Electronics,Smartphone,4,106684.43,0,22226.63,Credit Card
ORD_01143,2025-04-08,CUS_01143,Customer_109,Jaipur,Rajasthan,Furniture,Study Table,3,25047.51,5,3885.82,Net Banking
ORD_01144,2025-04-09,CUS_01144,Customer_006,Madurai,Tamil Nadu,Home & Kitchen,Mixer Grinder,1,4134.11,20,437.85,Cash on Delivery
ORD_01145,2025-04-11,CUS_01145,Customer_042,Howrah,West Bengal,Clothing,Sneakers,2,5697.01,0,928.0,Cash on Delivery
ORD_01146,2025-04-11,CUS_01146,Customer_008,Durgapur,West Bengal,Clothing,Jeans,3,6183.3,0,1048.83,Cash on Delivery
ORD_01147,2025-04-12,CUS_01147,Customer_132,Delhi,Delhi,Electronics,Headphones,1,2096.49,5,274.28,Debit Card
ORD_01148,2025-04-14,CUS_01148,Customer_132,Nizamabad,Telangana,Home & Kitchen,Mixer Grinder,1,3374.44,20,437.33,Debit Card
ORD_01149,2025-04-14,CUS_01149,Customer_017,Warangal,Telangana,Home & Kitchen,Cookware Set,2,6159.56,5,1388.82,UPI
ORD_01150,2025-04-16,CUS_01150,Customer_130,Jaipur,Rajasthan,Electronics,Headphones,4,7722.27,15,1592.21,Cash on Delivery
ORD_01151,2025-04-16,CUS_01151,Customer_019,Jaipur,Rajasthan,Home & Kitchen,Bedsheet,5,6190.58,10,909.26,Net Banking
ORD_01152,2025-04-16,CUS_01152,Customer_018,Gurugram,Delhi,Furniture,Office Chair,2,11060.33,20,1320.74,Net Banking
ORD_01153,2025-04-16,CUS_01153,Customer_144,Chennai,Tamil Nadu,Home & Kitchen,Cookware Set,3,10075.27,15,1590.2,Cash on Delivery
ORD_01154,2025-04-17,CUS_01154,Customer_003,Mangaluru,Karnataka,Electronics,Smartphone,5,90534.29,20,22265.04,UPI
ORD_01155,2025-04-17,CUS_01155,Customer_073,Pune,Maharashtra,Electronics,Headphones,3,6793.43,10,1386.87,UPI
ORD_01156,2025-04-18,CUS_01156,Customer_122,Durgapur,West Bengal,Home & Kitchen,Cookware Set,3,9391.86,20,484.73,Cash on Delivery
ORD_01157,2025-04-18,CUS_01157,Customer_060,Coimbatore,Tamil Nadu,Furniture,Bookshelf,3,15986.13,0,3446.19,Net Banking
ORD_01158,2025-04-19,CUS_01158,Customer_116,Hyderabad,Telangana,Electronics,Smartphone,4,93240.6,15,13940.21,Net Banking
ORD_01159,2025-04-19,CUS_01159,Customer_100,Durgapur,West Bengal,Furniture,Sofa,1,20734.68,10,4066.06,Net Banking
ORD_01160,2025-04-22,CUS_01160,Customer_006,Durgapur,West Bengal,Furniture,Sofa,2,46116.42,5,7047.47,Debit Card
ORD_01161,2025-04-22,CUS_01161,Customer_046,Ahmedabad,Gujarat,Clothing,Jeans,1,1293.28,20,171.0,Net Banking
ORD_01162,2025-04-22,CUS_01162,Customer_147,Hyderabad,Telangana,Furniture,Office Chair,2,11954.61,0,1094.77,Net Banking
ORD_01163,2025-04-23,CUS_01163,Customer_084,Pune,Maharashtra,Electronics,Headphones,4,8646.44,10,1463.53,UPI
ORD_01164,2025-04-23,CUS_01164,Customer_101,Chennai,Tamil Nadu,Furniture,Office Chair,2,15145.16,5,2914.75,UPI
ORD_01165,2025-04-23,CUS_01165,Customer_020,Bengaluru,Karnataka,Home & Kitchen,Mixer Grinder,2,7671.54,10,689.68,Cash on Delivery
ORD_01166,2025-04-24,CUS_01166,Customer_058,Mumbai,Maharashtra,Furniture,Study Table,2,15425.44,10,1640.82,Net Banking
ORD_01167,2025-04-24,CUS_01167,Customer_081,Howrah,West Bengal,Furniture,Study Table,5,32977.98,20,7548.53,Net Banking
ORD_01168,2025-04-26,CUS_01168,Customer_099,Surat,Gujarat,Electronics,Smartphone,2,47608.17,0,2879.26,Credit Card
ORD_01169,2025-04-27,CUS_01169,Customer_148,Nagpur,Maharashtra,Electronics,Smartwatch,1,5391.51,0,954.78,Debit Card
ORD_01170,2025-04-28,CUS_01170,Customer_057,Jaipur,Rajasthan,Furniture,Bookshelf,4,17722.76,15,3493.73,Net Banking
ORD_01171,2025-04-30,CUS_01171,Customer_013,Mysuru,Karnataka,Clothing,Jeans,2,3430.53,10,731.27,Net Banking
ORD_01172,2025-05-04,CUS_01172,Customer_052,Jaipur,Rajasthan,Home & Kitchen,Bedsheet,1,1094.55,15,121.77,Credit Card
ORD_01173,2025-05-04,CUS_01173,Customer_148,Bengaluru,Karnataka,Home & Kitchen,Mixer Grinder,2,7248.61,15,1350.66,UPI
ORD_01174,2025-05-05,CUS_01174,Customer_085,Gurugram,Delhi,Clothing,Sneakers,3,6438.13,10,1126.17,Credit Card
ORD_01175,2025-05-06,CUS_01175,Customer_043,Gurugram,Delhi,Furniture,Sofa,2,40513.13,5,9845.65,Credit Card
ORD_01176,2025-05-06,CUS_01176,Customer_149,Hyderabad,Telangana,Clothing,Jeans,1,1586.08,5,281.08,Cash on Delivery
ORD_01177,2025-05-06,CUS_01177,Customer_012,Nagpur,Maharashtra,Clothing,Jacket,2,5499.31,15,480.55,Net Banking
ORD_01178,2025-05-06,CUS_01178,Customer_129,Bengaluru,Karnataka,Furniture,Study Table,4,24924.78,20,2966.4,Credit Card
ORD_01179,2025-05-06,CUS_01179,Customer_128,Noida,Delhi,Electronics,Laptop,3,139780.72,15,21868.55,Net Banking
ORD_01180,2025-05-07,CUS_01180,Customer_047,Jaipur,Rajasthan,Electronics,Smartphone,4,109186.04,0,18502.19,Credit Card
ORD_01181,2025-05-07,CUS_01181,Customer_098,Durgapur,West Bengal,Clothing,Sneakers,2,5162.71,5,396.32,Debit Card
ORD_01182,2025-05-07,CUS_01182,Customer_085,Warangal,Telangana,Home & Kitchen,Cookware Set,1,3148.15,10,430.4,UPI
ORD_01183,2025-05-08,CUS_01183,Customer_058,Kolkata,West Bengal,Clothing,Jacket,2,5246.49,15,695.87,Net Banking
ORD_01184,2025-05-08,CUS_01184,Customer_039,Mumbai,Maharashtra,Home & Kitchen,Air Fryer,5,27533.69,20,2022.1,Credit Card
ORD_01185,2025-05-08,CUS_01185,Customer_052,Madurai,Tamil Nadu,Home & Kitchen,Air Fryer,2,11742.45,10,1405.96,Credit Card
ORD_01186,2025-05-11,CUS_01186,Customer_101,Mumbai,Maharashtra,Home & Kitchen,Air Fryer,5,31264.79,10,5072.67,UPI
ORD_01187,2025-05-12,CUS_01187,Customer_063,Vadodara,Gujarat,Clothing,Jeans,2,3637.21,0,473.39,UPI
ORD_01188,2025-05-12,CUS_01188,Customer_054,Delhi,Delhi,Furniture,Bookshelf,5,29178.14,5,6533.6,Cash on Delivery
ORD_01189,2025-05-13,CUS_01189,Customer_001,Nagpur,Maharashtra,Furniture,Study Table,2,15064.89,15,3250.65,Cash on Delivery
ORD_01190,2025-05-13,CUS_01190,Customer_126,Udaipur,Rajasthan,Electronics,Laptop,3,166356.28,0,35698.68,Debit Card
ORD_01191,2025-05-14,CUS_01191,Customer_031,Surat,Gujarat,Home & Kitchen,Air Fryer,5,22185.77,20,2279.29,Debit Card
ORD_01192,2025-05-16,CUS_01192,Customer_027,Nizamabad,Telangana,Furniture,Study Table,1,6126.31,20,885.24,Debit Card
ORD_01193,2025-05-16,CUS_01193,Customer_026,Gurugram,Delhi,Clothing,Jeans,3,5412.02,5,534.87,UPI
ORD_01194,2025-05-16,CUS_01194,Customer_073,Nizamabad,Telangana,Electronics,Smartphone,4,87569.75,0,14812.44,UPI
ORD_01195,2025-05-17,CUS_01195,Customer_078,Delhi,Delhi,Electronics,Headphones,3,7159.95,0,1576.23,Credit Card
ORD_01196,2025-05-17,CUS_01196,Customer_107,Nagpur,Maharashtra,Furniture,Bookshelf,3,14545.74,15,2391.06,UPI
ORD_01197,2025-05-18,CUS_01197,Customer_100,Jaipur,Rajasthan,Furniture,Study Table,5,41199.38,5,2219.23,Debit Card
ORD_01198,2025-05-18,CUS_01198,Customer_011,Mysuru,Karnataka,Electronics,Headphones,5,8787.14,20,1567.58,UPI
ORD_01199,2025-05-19,CUS_01199,Customer_009,Ahmedabad,Gujarat,Home & Kitchen,Mixer Grinder,3,12495.92,5,2397.52,Credit Card
ORD_01200,2025-05-19,CUS_01200,Customer_115,Ahmedabad,Gujarat,Electronics,Smartwatch,3,15111.31,0,1610.26,UPI
ORD_01201,2025-05-19,CUS_01201,Customer_063,Jaipur,Rajasthan,Electronics,Laptop,1,50568.23,15,5496.65,Debit Card
ORD_01202,2025-05-21,CUS_01202,Customer_073,Udaipur,Rajasthan,Furniture,Bookshelf,5,33255.22,0,1868.0,Cash on Delivery
ORD_01203,2025-05-21,CUS_01203,Customer_098,Ahmedabad,Gujarat,Clothing,Jacket,2,6474.17,5,546.02,UPI
ORD_01204,2025-05-24,CUS_01204,Customer_026,Ahmedabad,Gujarat,Clothing,T-Shirt,3,2143.32,20,376.55,UPI
ORD_01205,2025-05-24,CUS_01205,Customer_052,Jodhpur,Rajasthan,Electronics,Smartwatch,4,17521.31,10,3109.79,Net Banking
ORD_01206,2025-05-24,CUS_01206,Customer_098,Noida,Delhi,Electronics,Laptop,2,115418.2,0,21214.38,Debit Card
ORD_01207,2025-05-24,CUS_01207,Customer_090,Chennai,Tamil Nadu,Furniture,Study Table,3,23269.07,0,1208.53,UPI
ORD_01208,2025-05-24,CUS_01208,Customer_096,Warangal,Telangana,Clothing,Sneakers,2,4656.45,15,852.47,Net Banking
ORD_01209,2025-05-25,CUS_01209,Customer_070,Howrah,West Bengal,Electronics,Laptop,4,213731.37,0,39011.16,Debit Card
ORD_01210,2025-05-25,CUS_01210,Customer_083,Delhi,Delhi,Clothing,T-Shirt,3,2195.92,20,428.7,Net Banking
ORD_01211,2025-05-26,CUS_01211,Customer_075,Jaipur,Rajasthan,Electronics,Smartphone,2,41195.21,5,5697.55,Cash on Delivery
ORD_01212,2025-05-27,CUS_01212,Customer_122,Pune,Maharashtra,Clothing,Jeans,4,5322.99,20,776.39,Cash on Delivery
ORD_01213,2025-05-27,CUS_01213,Customer_099,Chennai,Tamil Nadu,Furniture,Office Chair,4,25640.7,10,2249.75,Debit Card
ORD_01214,2025-05-28,CUS_01214,Customer_150,Surat,Gujarat,Home & Kitchen,Cookware Set,2,6379.41,15,771.81,Net Banking
ORD_01215,2025-05-29,CUS_01215,Customer_079,Ahmedabad,Gujarat,Furniture,Bookshelf,2,8545.35,20,460.07,Credit Card
ORD_01216,2025-05-31,CUS_01216,Customer_101,Hyderabad,Telangana,Furniture,Sofa,4,69345.24,20,12155.62,Credit Card
ORD_01217,2025-05-31,CUS_01217,Customer_053,Nagpur,Maharashtra,Home & Kitchen,Mixer Grinder,5,21104.17,0,3392.3,UPI
ORD_01218,2025-06-02,CUS_01218,Customer_143,Nizamabad,Telangana,Home & Kitchen,Cookware Set,3,10890.92,0,2172.98,UPI
ORD_01219,2025-06-02,CUS_01219,Customer_023,Mangaluru,Karnataka,Home & Kitchen,Mixer Grinder,1,3606.75,15,500.12,Net Banking
ORD_01220,2025-06-02,CUS_01220,Customer_037,Kolkata,West Bengal,Furniture,Office Chair,3,19754.35,5,2158.39,UPI
ORD_01221,2025-06-02,CUS_01221,Customer_061,Bengaluru,Karnataka,Home & Kitchen,Mixer Grinder,5,21809.64,10,4039.69,Cash on Delivery
ORD_01222,2025-06-03,CUS_01222,Customer_014,Howrah,West Bengal,Clothing,Jacket,3,10256.03,0,1377.27,UPI
ORD_01223,2025-06-05,CUS_01223,Customer_073,Durgapur,West Bengal,Home & Kitchen,Air Fryer,1,6364.16,0,499.27,Debit Card
ORD_01224,2025-06-09,CUS_01224,Customer_059,Chennai,Tamil Nadu,Electronics,Headphones,3,5851.34,20,1102.9,UPI
ORD_01225,2025-06-09,CUS_01225,Customer_127,Nagpur,Maharashtra,Electronics,Laptop,4,187022.26,10,22343.3,Debit Card
ORD_01226,2025-06-09,CUS_01226,Customer_138,Vadodara,Gujarat,Electronics,Headphones,5,12504.97,10,2823.8,Debit Card
ORD_01227,2025-06-09,CUS_01227,Customer_128,Mumbai,Maharashtra,Home & Kitchen,Mixer Grinder,5,19213.57,5,1062.55,Debit Card
ORD_01228,2025-06-10,CUS_01228,Customer_108,Surat,Gujarat,Furniture,Office Chair,3,15115.38,20,2210.88,UPI
ORD_01229,2025-06-10,CUS_01229,Customer_003,Jaipur,Rajasthan,Furniture,Study Table,5,38320.04,15,4373.41,Credit Card
ORD_01230,2025-06-10,CUS_01230,Customer_032,Delhi,Delhi,Furniture,Office Chair,4,27586.21,5,5726.36,Net Banking
ORD_01231,2025-06-10,CUS_01231,Customer_021,Madurai,Tamil Nadu,Furniture,Office Chair,2,14185.78,5,1225.15,Cash on Delivery
ORD_01232,2025-06-10,CUS_01232,Customer_054,Surat,Gujarat,Furniture,Office Chair,2,10142.99,15,974.24,Credit Card
ORD_01233,2025-06-11,CUS_01233,Customer_115,Ahmedabad,Gujarat,Furniture,Bookshelf,2,12705.29,5,1535.49,UPI
ORD_01234,2025-06-11,CUS_01234,Customer_119,Howrah,West Bengal,Electronics,Laptop,3,157811.66,5,10316.53,Credit Card
ORD_01235,2025-06-12,CUS_01235,Customer_091,Madurai,Tamil Nadu,Electronics,Headphones,3,7780.5,5,397.92,Net Banking
ORD_01236,2025-06-12,CUS_01236,Customer_015,Coimbatore,Tamil Nadu,Clothing,Jacket,5,13929.92,10,851.41,Cash on Delivery
ORD_01237,2025-06-14,CUS_01237,Customer_019,Madurai,Tamil Nadu,Electronics,Laptop,3,183825.58,0,38328.42,Net Banking
ORD_01238,2025-06-14,CUS_01238,Customer_017,Mysuru,Karnataka,Furniture,Sofa,5,120396.8,0,12618.91,UPI
ORD_01239,2025-06-16,CUS_01239,Customer_047,Noida,Delhi,Furniture,Sofa,1,18579.14,20,1196.91,Cash on Delivery
ORD_01240,2025-06-16,CUS_01240,Customer_073,Madurai,Tamil Nadu,Home & Kitchen,Bedsheet,1,1088.56,10,202.54,Credit Card
ORD_01241,2025-06-17,CUS_01241,Customer_121,Surat,Gujarat,Electronics,Headphones,4,8141.55,20,1737.62,Debit Card
ORD_01242,2025-06-19,CUS_01242,Customer_037,Pune,Maharashtra,Clothing,T-Shirt,5,3372.38,20,732.13,Cash on Delivery
ORD_01243,2025-06-21,CUS_01243,Customer_108,Delhi,Delhi,Electronics,Headphones,2,4445.57,10,950.55,Debit Card
ORD_01244,2025-06-22,CUS_01244,Customer_082,Jodhpur,Rajasthan,Home & Kitchen,Air Fryer,5,23778.57,20,5156.64,Cash on Delivery
ORD_01245,2025-06-23,CUS_01245,Customer_032,Gurugram,Delhi,Furniture,Sofa,2,38667.18,15,3794.74,UPI
ORD_01246,2025-06-24,CUS_01246,Customer_120,Vadodara,Gujarat,Electronics,Laptop,2,75916.5,20,9681.61,Net Banking
ORD_01247,2025-06-24,CUS_01247,Customer_107,Nizamabad,Telangana,Home & Kitchen,Mixer Grinder,1,3442.93,15,433.37,Net Banking
ORD_01248,2025-06-24,CUS_01248,Customer_069,Nizamabad,Telangana,Home & Kitchen,Bedsheet,2,2754.0,10,481.32,UPI
ORD_01249,2025-06-25,CUS_01249,Customer_089,Noida,Delhi,Furniture,Sofa,2,50592.26,0,11296.63,Net Banking
ORD_01250,2025-06-25,CUS_01250,Customer_038,Jaipur,Rajasthan,Furniture,Study Table,2,19339.23,0,3197.56,Debit Card
ORD_01251,2025-06-25,CUS_01251,Customer_115,Jodhpur,Rajasthan,Electronics,Smartphone,2,37754.26,20,7407.56,Credit Card
ORD_01252,2025-06-26,CUS_01252,Customer_076,Warangal,Telangana,Home & Kitchen,Mixer Grinder,1,4397.06,10,1045.53,Debit Card
ORD_01253,2025-06-26,CUS_01253,Customer_019,Bengaluru,Karnataka,Furniture,Office Chair,1,7011.03,0,799.33,Cash on Delivery
ORD_01254,2025-06-29,CUS_01254,Customer_025,Jodhpur,Rajasthan,Clothing,Jeans,3,4790.33,10,270.99,Net Banking
ORD_01255,2025-06-30,CUS_01255,Customer_027,Ahmedabad,Gujarat,Home & Kitchen,Air Fryer,4,24184.57,0,3730.69,Credit Card
ORD_01256,2025-06-30,CUS_01256,Customer_011,Madurai,Tamil Nadu,Furniture,Office Chair,2,13912.39,10,2304.72,Cash on Delivery
ORD_01257,2025-06-30,CUS_01257,Customer_093,Bengaluru,Karnataka,Clothing,Jacket,2,6364.96,5,1581.62,Debit Card
ORD_01258,2025-06-30,CUS_01258,Customer_034,Nizamabad,Telangana,Electronics,Smartwatch,2,10280.63,5,2209.9,Cash on Delivery
ORD_01259,2025-07-01,CUS_01259,Customer_027,Madurai,Tamil Nadu,Furniture,Bookshelf,2,10100.66,20,777.91,Credit Card
ORD_01260,2025-07-01,CUS_01260,Customer_041,Coimbatore,Tamil Nadu,Clothing,Jacket,2,7859.72,0,404.04,Cash on Delivery
ORD_01261,2025-07-02,CUS_01261,Customer_094,Ahmedabad,Gujarat,Home & Kitchen,Cookware Set,2,6320.71,15,969.94,UPI
ORD_01262,2025-07-02,CUS_01262,Customer_146,Ahmedabad,Gujarat,Electronics,Smartwatch,4,17042.84,5,2005.15,UPI
ORD_01263,2025-07-03,CUS_01263,Customer_147,Durgapur,West Bengal,Furniture,Bookshelf,3,16866.28,10,2905.94,Cash on Delivery
ORD_01264,2025-07-03,CUS_01264,Customer_104,Mumbai,Maharashtra,Electronics,Smartwatch,4,21793.62,5,2301.97,Debit Card
ORD_01265,2025-07-03,CUS_01265,Customer_097,Udaipur,Rajasthan,Furniture,Bookshelf,3,13696.6,15,2692.21,Debit Card
ORD_01266,2025-07-03,CUS_01266,Customer_137,Chennai,Tamil Nadu,Furniture,Study Table,1,9667.02,5,2278.77,Cash on Delivery
ORD_01267,2025-07-05,CUS_01267,Customer_080,Kolkata,West Bengal,Clothing,Jacket,4,12638.21,10,795.84,Cash on Delivery
ORD_01268,2025-07-06,CUS_01268,Customer_056,Durgapur,West Bengal,Clothing,T-Shirt,4,2946.99,5,609.3,Net Banking
ORD_01269,2025-07-07,CUS_01269,Customer_122,Gurugram,Delhi,Clothing,Jeans,1,1716.38,15,89.23,Credit Card
ORD_01270,2025-07-07,CUS_01270,Customer_003,Pune,Maharashtra,Furniture,Sofa,4,76992.85,10,9220.98,Net Banking
ORD_01271,2025-07-07,CUS_01271,Customer_004,Warangal,Telangana,Clothing,Jeans,5,7552.17,20,421.52,UPI
ORD_01272,2025-07-08,CUS_01272,Customer_032,Coimbatore,Tamil Nadu,Home & Kitchen,Cookware Set,1,3459.23,0,521.65,Credit Card
ORD_01273,2025-07-09,CUS_01273,Customer_015,Pune,Maharashtra,Electronics,Smartwatch,1,4218.16,10,548.24,Debit Card
ORD_01274,2025-07-10,CUS_01274,Customer_143,Nizamabad,Telangana,Clothing,Sneakers,3,8889.26,0,827.64,Net Banking
ORD_01275,2025-07-10,CUS_01275,Customer_100,Hyderabad,Telangana,Clothing,Jacket,1,2660.57,20,504.16,Debit Card
ORD_01276,2025-07-10,CUS_01276,Customer_116,Delhi,Delhi,Home & Kitchen,Mixer Grinder,1,4114.11,10,1012.34,Net Banking
ORD_01277,2025-07-11,CUS_01277,Customer_101,Bengaluru,Karnataka,Home & Kitchen,Bedsheet,1,1527.46,0,243.77,Debit Card
ORD_01278,2025-07-11,CUS_01278,Customer_061,Madurai,Tamil Nadu,Furniture,Sofa,3,61023.22,5,7039.57,Net Banking
ORD_01279,2025-07-12,CUS_01279,Customer_012,Howrah,West Bengal,Home & Kitchen,Bedsheet,4,4386.57,10,365.29,Credit Card
ORD_01280,2025-07-12,CUS_01280,Customer_053,Gurugram,Delhi,Electronics,Laptop,2,116904.4,5,17718.15,UPI
ORD_01281,2025-07-14,CUS_01281,Customer_130,Bengaluru,Karnataka,Home & Kitchen,Cookware Set,2,6289.85,20,744.49,Cash on Delivery
ORD_01282,2025-07-14,CUS_01282,Customer_015,Hyderabad,Telangana,Home & Kitchen,Air Fryer,4,24355.02,10,1553.89,Debit Card
ORD_01283,2025-07-15,CUS_01283,Customer_041,Hyderabad,Telangana,Furniture,Bookshelf,5,25357.63,10,4971.34,Debit Card
ORD_01284,2025-07-15,CUS_01284,Customer_007,Bengaluru,Karnataka,Furniture,Sofa,4,88325.2,5,7363.85,Net Banking
ORD_01285,2025-07-16,CUS_01285,Customer_114,Mangaluru,Karnataka,Furniture,Office Chair,1,6222.47,5,702.92,Net Banking
ORD_01286,2025-07-16,CUS_01286,Customer_147,Nagpur,Maharashtra,Furniture,Bookshelf,4,21287.0,10,2683.95,Debit Card
ORD_01287,2025-07-16,CUS_01287,Customer_068,Delhi,Delhi,Electronics,Smartphone,1,21435.96,5,3985.16,Debit Card
ORD_01288,2025-07-17,CUS_01288,Customer_096,Jaipur,Rajasthan,Clothing,Sneakers,1,3005.47,5,569.36,UPI
ORD_01289,2025-07-17,CUS_01289,Customer_118,Jaipur,Rajasthan,Clothing,Sneakers,3,7188.17,20,1450.62,UPI
ORD_01290,2025-07-17,CUS_01290,Customer_134,Surat,Gujarat,Electronics,Headphones,1,2061.01,20,231.58,Debit Card
ORD_01291,2025-07-20,CUS_01291,Customer_073,Mangaluru,Karnataka,Home & Kitchen,Air Fryer,1,5194.33,20,420.4,UPI
ORD_01292,2025-07-20,CUS_01292,Customer_135,Gurugram,Delhi,Clothing,T-Shirt,3,2237.23,5,163.71,Cash on Delivery
ORD_01293,2025-07-21,CUS_01293,Customer_028,Jaipur,Rajasthan,Furniture,Study Table,3,26167.03,0,5167.49,UPI
ORD_01294,2025-07-21,CUS_01294,Customer_023,Bengaluru,Karnataka,Home & Kitchen,Bedsheet,1,1233.91,10,293.31,Debit Card
ORD_01295,2025-07-22,CUS_01295,Customer_079,Madurai,Tamil Nadu,Home & Kitchen,Air Fryer,1,5833.76,10,1249.43,Credit Card
ORD_01296,2025-07-25,CUS_01296,Customer_071,Mysuru,Karnataka,Clothing,Jacket,2,6305.78,15,338.0,UPI
ORD_01297,2025-07-26,CUS_01297,Customer_043,Jaipur,Rajasthan,Electronics,Smartphone,2,42787.17,0,7356.8,Cash on Delivery
ORD_01298,2025-07-27,CUS_01298,Customer_031,Gurugram,Delhi,Clothing,Jeans,3,4253.02,20,1039.04,Credit Card
ORD_01299,2025-07-28,CUS_01299,Customer_038,Delhi,Delhi,Clothing,T-Shirt,1,857.85,5,165.57,Credit Card
ORD_01300,2025-07-29,CUS_01300,Customer_013,Mangaluru,Karnataka,Home & Kitchen,Cookware Set,3,8576.42,15,1902.18,Net Banking
ORD_01301,2025-07-29,CUS_01301,Customer_104,Mysuru,Karnataka,Furniture,Sofa,2,42418.52,15,9856.81,UPI
ORD_01302,2025-07-30,CUS_01302,Customer_099,Chennai,Tamil Nadu,Furniture,Study Table,5,43020.26,5,8677.2,Cash on Delivery
ORD_01303,2025-08-02,CUS_01303,Customer_104,Surat,Gujarat,Furniture,Bookshelf,1,5307.99,15,704.72,Credit Card
ORD_01304,2025-08-02,CUS_01304,Customer_063,Surat,Gujarat,Clothing,T-Shirt,4,3327.34,0,299.81,Net Banking
ORD_01305,2025-08-02,CUS_01305,Customer_116,Ahmedabad,Gujarat,Furniture,Study Table,3,25721.07,0,5726.21,Net Banking
ORD_01306,2025-08-03,CUS_01306,Customer_144,Durgapur,West Bengal,Clothing,Sneakers,1,2137.16,20,174.68,Debit Card
ORD_01307,2025-08-03,CUS_01307,Customer_141,Delhi,Delhi,Home & Kitchen,Cookware Set,4,14147.29,0,1555.06,Debit Card
ORD_01308,2025-08-03,CUS_01308,Customer_035,Noida,Delhi,Clothing,Sneakers,5,11581.75,5,669.34,UPI
ORD_01309,2025-08-03,CUS_01309,Customer_136,Coimbatore,Tamil Nadu,Home & Kitchen,Cookware Set,2,6325.05,15,1408.46,Debit Card
ORD_01310,2025-08-06,CUS_01310,Customer_057,Hyderabad,Telangana,Clothing,Jeans,5,9398.1,5,558.14,UPI
ORD_01311,2025-08-06,CUS_01311,Customer_081,Delhi,Delhi,Clothing,Jeans,4,6916.13,10,605.74,Credit Card
ORD_01312,2025-08-06,CUS_01312,Customer_068,Ahmedabad,Gujarat,Clothing,T-Shirt,1,653.88,15,139.76,Credit Card
ORD_01313,2025-08-07,CUS_01313,Customer_039,Gurugram,Delhi,Home & Kitchen,Cookware Set,4,13497.93,5,2304.47,Net Banking
ORD_01314,2025-08-08,CUS_01314,Customer_028,Hyderabad,Telangana,Home & Kitchen,Cookware Set,4,13885.92,5,1331.37,Net Banking
ORD_01315,2025-08-08,CUS_01315,Customer_086,Chennai,Tamil Nadu,Clothing,Sneakers,1,2706.02,15,159.44,Debit Card
ORD_01316,2025-08-08,CUS_01316,Customer_125,Gurugram,Delhi,Furniture,Bookshelf,4,20905.74,5,4346.27,Credit Card
ORD_01317,2025-08-09,CUS_01317,Customer_062,Howrah,West Bengal,Home & Kitchen,Cookware Set,5,15814.69,5,1402.56,Cash on Delivery
ORD_01318,2025-08-11,CUS_01318,Customer_036,Vadodara,Gujarat,Furniture,Study Table,1,7079.97,10,379.83,Credit Card
ORD_01319,2025-08-11,CUS_01319,Customer_102,Jaipur,Rajasthan,Clothing,T-Shirt,5,4563.8,5,379.67,Debit Card
ORD_01320,2025-08-12,CUS_01320,Customer_130,Hyderabad,Telangana,Clothing,Jacket,4,14199.14,0,1471.53,Credit Card
ORD_01321,2025-08-12,CUS_01321,Customer_039,Howrah,West Bengal,Clothing,Jacket,2,6134.18,20,929.29,Net Banking
ORD_01322,2025-08-16,CUS_01322,Customer_110,Durgapur,West Bengal,Home & Kitchen,Air Fryer,1,5912.14,20,753.91,Debit Card
ORD_01323,2025-08-17,CUS_01323,Customer_014,Jaipur,Rajasthan,Home & Kitchen,Air Fryer,5,27970.92,10,3715.26,Net Banking
ORD_01324,2025-08-17,CUS_01324,Customer_128,Jodhpur,Rajasthan,Clothing,Jacket,5,13062.14,15,2315.37,Credit Card
ORD_01325,2025-08-17,CUS_01325,Customer_090,Pune,Maharashtra,Furniture,Bookshelf,1,5236.09,10,721.5,Credit Card
ORD_01326,2025-08-21,CUS_01326,Customer_118,Ahmedabad,Gujarat,Home & Kitchen,Bedsheet,1,1385.32,0,203.67,Net Banking
ORD_01327,2025-08-21,CUS_01327,Customer_070,Pune,Maharashtra,Clothing,Jeans,3,5685.16,0,1048.41,Debit Card
ORD_01328,2025-08-22,CUS_01328,Customer_107,Howrah,West Bengal,Home & Kitchen,Bedsheet,3,3392.17,20,430.27,Debit Card
ORD_01329,2025-08-22,CUS_01329,Customer_123,Howrah,West Bengal,Furniture,Office Chair,5,34116.27,15,8509.84,Net Banking
ORD_01330,2025-08-24,CUS_01330,Customer_040,Nizamabad,Telangana,Electronics,Smartwatch,3,17183.87,0,4185.17,Debit Card
ORD_01331,2025-08-25,CUS_01331,Customer_131,Jaipur,Rajasthan,Electronics,Smartwatch,3,11377.68,15,945.04,Credit Card
ORD_01332,2025-08-25,CUS_01332,Customer_040,Pune,Maharashtra,Home & Kitchen,Air Fryer,1,6470.32,0,671.2,UPI
ORD_01333,2025-08-25,CUS_01333,Customer_073,Delhi,Delhi,Home & Kitchen,Air Fryer,1,5923.69,10,1430.67,Credit Card
ORD_01334,2025-08-25,CUS_01334,Customer_035,Coimbatore,Tamil Nadu,Electronics,Laptop,5,245493.12,10,21902.78,Cash on Delivery
ORD_01335,2025-08-26,CUS_01335,Customer_054,Delhi,Delhi,Furniture,Office Chair,4,28893.52,0,4948.03,Net Banking
ORD_01336,2025-08-27,CUS_01336,Customer_001,Howrah,West Bengal,Clothing,Jacket,1,3697.92,0,313.06,Credit Card
ORD_01337,2025-08-27,CUS_01337,Customer_036,Hyderabad,Telangana,Clothing,Jacket,3,9532.25,20,1398.87,Cash on Delivery
ORD_01338,2025-08-27,CUS_01338,Customer_045,Warangal,Telangana,Furniture,Office Chair,4,28080.16,10,2590.29,Debit Card
ORD_01339,2025-08-27,CUS_01339,Customer_038,Nagpur,Maharashtra,Furniture,Bookshelf,2,13650.59,0,1424.97,Debit Card
ORD_01340,2025-08-29,CUS_01340,Customer_102,Ahmedabad,Gujarat,Electronics,Smartwatch,4,18713.66,10,3776.44,UPI
ORD_01341,2025-08-29,CUS_01341,Customer_020,Noida,Delhi,Clothing,Sneakers,5,12142.94,0,1865.79,Net Banking
ORD_01342,2025-08-30,CUS_01342,Customer_030,Howrah,West Bengal,Furniture,Bookshelf,5,29469.7,5,1961.2,Debit Card
ORD_01343,2025-09-03,CUS_01343,Customer_150,Gurugram,Delhi,Home & Kitchen,Mixer Grinder,2,7723.19,15,1181.54,UPI
ORD_01344,2025-09-05,CUS_01344,Customer_009,Ahmedabad,Gujarat,Clothing,T-Shirt,5,3579.36,20,179.29,Debit Card
ORD_01345,2025-09-07,CUS_01345,Customer_138,Noida,Delhi,Furniture,Office Chair,2,11589.26,20,2634.66,Debit Card
ORD_01346,2025-09-08,CUS_01346,Customer_011,Howrah,West Bengal,Home & Kitchen,Cookware Set,3,10121.19,15,1279.83,Credit Card
ORD_01347,2025-09-11,CUS_01347,Customer_084,Coimbatore,Tamil Nadu,Home & Kitchen,Mixer Grinder,4,13391.2,15,3076.1,Debit Card
ORD_01348,2025-09-15,CUS_01348,Customer_085,Jaipur,Rajasthan,Home & Kitchen,Bedsheet,1,1566.05,0,89.27,Net Banking
ORD_01349,2025-09-17,CUS_01349,Customer_052,Mysuru,Karnataka,Clothing,Sneakers,3,8946.52,5,746.2,Debit Card
ORD_01350,2025-09-19,CUS_01350,Customer_033,Warangal,Telangana,Electronics,Headphones,2,4851.63,5,770.22,Debit Card
ORD_01351,2025-09-19,CUS_01351,Customer_055,Nagpur,Maharashtra,Electronics,Laptop,1,44022.48,15,4663.77,Debit Card
ORD_01352,2025-09-20,CUS_01352,Customer_084,Nagpur,Maharashtra,Electronics,Headphones,1,2422.96,5,565.88,UPI
ORD_01353,2025-09-20,CUS_01353,Customer_130,Udaipur,Rajasthan,Home & Kitchen,Cookware Set,2,5339.45,15,862.66,Debit Card
ORD_01354,2025-09-21,CUS_01354,Customer_045,Hyderabad,Telangana,Furniture,Bookshelf,3,14894.51,10,1526.22,Cash on Delivery
ORD_01355,2025-09-22,CUS_01355,Customer_030,Mangaluru,Karnataka,Electronics,Smartwatch,3,13341.91,20,2109.89,UPI
ORD_01356,2025-09-23,CUS_01356,Customer_071,Coimbatore,Tamil Nadu,Electronics,Laptop,2,116750.3,0,10611.21,Credit Card
ORD_01357,2025-09-23,CUS_01357,Customer_032,Mumbai,Maharashtra,Home & Kitchen,Air Fryer,3,17882.29,20,3290.05,UPI
ORD_01358,2025-09-24,CUS_01358,Customer_149,Coimbatore,Tamil Nadu,Clothing,T-Shirt,3,2131.36,10,211.15,Debit Card
ORD_01359,2025-09-24,CUS_01359,Customer_136,Vadodara,Gujarat,Clothing,Jeans,3,5715.87,0,1374.84,Debit Card
ORD_01360,2025-09-24,CUS_01360,Customer_013,Howrah,West Bengal,Home & Kitchen,Cookware Set,5,16832.71,5,1874.84,Debit Card
ORD_01361,2025-09-24,CUS_01361,Customer_130,Madurai,Tamil Nadu,Clothing,Jacket,3,10167.84,5,1443.43,Credit Card
ORD_01362,2025-09-26,CUS_01362,Customer_082,Jaipur,Rajasthan,Furniture,Bookshelf,5,25940.03,20,4970.74,Debit Card
ORD_01363,2025-09-26,CUS_01363,Customer_058,Pune,Maharashtra,Clothing,T-Shirt,3,2569.87,5,597.72,Cash on Delivery
ORD_01364,2025-09-26,CUS_01364,Customer_110,Vadodara,Gujarat,Furniture,Office Chair,1,6001.27,15,855.92,Debit Card
ORD_01365,2025-09-30,CUS_01365,Customer_129,Jodhpur,Rajasthan,Furniture,Office Chair,4,26962.85,0,2168.08,Credit Card
ORD_01366,2025-09-30,CUS_01366,Customer_103,Mangaluru,Karnataka,Electronics,Smartphone,4,104819.66,5,16193.27,Debit Card
ORD_01367,2025-09-30,CUS_01367,Customer_092,Madurai,Tamil Nadu,Clothing,Sneakers,5,12648.11,10,655.31,Debit Card
ORD_01368,2025-10-04,CUS_01368,Customer_150,Pune,Maharashtra,Clothing,Sneakers,3,7700.81,20,1823.08,Cash on Delivery
ORD_01369,2025-10-04,CUS_01369,Customer_126,Warangal,Telangana,Electronics,Smartphone,3,79202.53,5,6089.65,Cash on Delivery
ORD_01370,2025-10-04,CUS_01370,Customer_051,Ahmedabad,Gujarat,Clothing,Sneakers,3,8016.48,5,1365.9,Net Banking
ORD_01371,2025-10-05,CUS_01371,Customer_069,Warangal,Telangana,Furniture,Sofa,1,18445.84,20,3276.98,Net Banking
ORD_01372,2025-10-06,CUS_01372,Customer_013,Gurugram,Delhi,Home & Kitchen,Bedsheet,2,2072.01,20,202.48,UPI
ORD_01373,2025-10-07,CUS_01373,Customer_029,Delhi,Delhi,Home & Kitchen,Cookware Set,3,9118.88,20,640.83,Credit Card
ORD_01374,2025-10-07,CUS_01374,Customer_038,Howrah,West Bengal,Home & Kitchen,Cookware Set,4,11015.63,10,1084.29,Net Banking
ORD_01375,2025-10-08,CUS_01375,Customer_064,Delhi,Delhi,Clothing,Jacket,1,3146.19,5,291.4,Cash on Delivery
ORD_01376,2025-10-09,CUS_01376,Customer_117,Gurugram,Delhi,Electronics,Smartwatch,3,12575.49,15,1297.84,Cash on Delivery
ORD_01377,2025-10-09,CUS_01377,Customer_008,Mumbai,Maharashtra,Home & Kitchen,Air Fryer,1,6364.91,10,1588.45,UPI
ORD_01378,2025-10-10,CUS_01378,Customer_129,Coimbatore,Tamil Nadu,Furniture,Bookshelf,2,10639.52,0,1208.66,UPI
ORD_01379,2025-10-10,CUS_01379,Customer_137,Noida,Delhi,Furniture,Sofa,1,15493.93,20,1464.41,Credit Card
ORD_01380,2025-10-11,CUS_01380,Customer_134,Nizamabad,Telangana,Clothing,Jacket,4,12643.78,20,1379.77,Cash on Delivery
ORD_01381,2025-10-11,CUS_01381,Customer_025,Vadodara,Gujarat,Home & Kitchen,Mixer Grinder,3,12412.4,15,2361.18,UPI
ORD_01382,2025-10-11,CUS_01382,Customer_038,Jodhpur,Rajasthan,Electronics,Laptop,1,50314.85,0,9853.39,Net Banking
ORD_01383,2025-10-15,CUS_01383,Customer_113,Ahmedabad,Gujarat,Furniture,Office Chair,3,16643.69,15,1593.28,Credit Card
ORD_01384,2025-10-16,CUS_01384,Customer_068,Warangal,Telangana,Electronics,Headphones,1,2022.36,5,297.53,Net Banking
ORD_01385,2025-10-17,CUS_01385,Customer_044,Pune,Maharashtra,Electronics,Smartwatch,3,13653.53,5,778.09,Net Banking
ORD_01386,2025-10-17,CUS_01386,Customer_019,Madurai,Tamil Nadu,Electronics,Smartwatch,3,12291.28,15,2911.65,Net Banking
ORD_01387,2025-10-18,CUS_01387,Customer_048,Kolkata,West Bengal,Clothing,Sneakers,3,7243.45,10,950.36,Credit Card
ORD_01388,2025-10-19,CUS_01388,Customer_120,Mangaluru,Karnataka,Clothing,Sneakers,4,9856.59,10,2081.02,Net Banking
ORD_01389,2025-10-19,CUS_01389,Customer_049,Vadodara,Gujarat,Home & Kitchen,Bedsheet,4,6270.15,0,1537.43,Cash on Delivery
ORD_01390,2025-10-20,CUS_01390,Customer_048,Pune,Maharashtra,Furniture,Sofa,5,120354.29,0,15169.35,Cash on Delivery
ORD_01391,2025-10-20,CUS_01391,Customer_066,Warangal,Telangana,Home & Kitchen,Cookware Set,3,10391.05,5,1354.76,UPI
ORD_01392,2025-10-20,CUS_01392,Customer_133,Gurugram,Delhi,Home & Kitchen,Bedsheet,3,4032.8,15,942.67,Credit Card
ORD_01393,2025-10-21,CUS_01393,Customer_075,Mumbai,Maharashtra,Electronics,Smartphone,1,18790.95,15,2959.18,Credit Card
ORD_01394,2025-10-24,CUS_01394,Customer_081,Udaipur,Rajasthan,Furniture,Bookshelf,3,17495.65,15,2009.71,Debit Card
ORD_01395,2025-10-24,CUS_01395,Customer_127,Udaipur,Rajasthan,Clothing,Sneakers,4,10951.14,5,1600.85,Cash on Delivery
ORD_01396,2025-10-26,CUS_01396,Customer_107,Pune,Maharashtra,Home & Kitchen,Bedsheet,3,3593.98,20,858.03,Net Banking
ORD_01397,2025-10-29,CUS_01397,Customer_011,Howrah,West Bengal,Furniture,Sofa,2,39826.77,5,8597.12,Net Banking
ORD_01398,2025-10-29,CUS_01398,Customer_035,Surat,Gujarat,Furniture,Office Chair,1,7111.98,10,1693.62,Credit Card
ORD_01399,2025-10-29,CUS_01399,Customer_001,Gurugram,Delhi,Furniture,Office Chair,3,22489.6,0,5287.61,Net Banking
ORD_01400,2025-10-30,CUS_01400,Customer_045,Delhi,Delhi,Home & Kitchen,Cookware Set,3,10993.72,0,2250.36,Debit Card
ORD_01401,2025-10-30,CUS_01401,Customer_109,Hyderabad,Telangana,Electronics,Laptop,2,118373.36,5,26792.4,Cash on Delivery
ORD_01402,2025-10-30,CUS_01402,Customer_061,Jaipur,Rajasthan,Electronics,Smartwatch,1,4356.12,5,228.4,Net Banking
ORD_01403,2025-10-30,CUS_01403,Customer_086,Noida,Delhi,Home & Kitchen,Air Fryer,5,27529.6,10,6236.74,Cash on Delivery
ORD_01404,2025-10-31,CUS_01404,Customer_061,Mysuru,Karnataka,Home & Kitchen,Air Fryer,3,21224.65,0,3510.15,Debit Card
ORD_01405,2025-11-01,CUS_01405,Customer_126,Hyderabad,Telangana,Electronics,Headphones,4,9043.34,5,1620.25,UPI
ORD_01406,2025-11-01,CUS_01406,Customer_037,Kolkata,West Bengal,Home & Kitchen,Cookware Set,2,6566.33,0,849.7,UPI
ORD_01407,2025-11-01,CUS_01407,Customer_093,Durgapur,West Bengal,Electronics,Smartwatch,2,7750.81,20,977.25,UPI
ORD_01408,2025-11-02,CUS_01408,Customer_111,Udaipur,Rajasthan,Home & Kitchen,Mixer Grinder,3,11668.44,15,1991.08,Cash on Delivery
ORD_01409,2025-11-02,CUS_01409,Customer_058,Coimbatore,Tamil Nadu,Clothing,Jacket,4,12012.77,20,2424.34,Net Banking
ORD_01410,2025-11-03,CUS_01410,Customer_111,Noida,Delhi,Home & Kitchen,Bedsheet,3,3524.31,20,862.89,UPI
ORD_01411,2025-11-05,CUS_01411,Customer_010,Madurai,Tamil Nadu,Home & Kitchen,Cookware Set,5,14210.04,10,1011.49,Debit Card
ORD_01412,2025-11-05,CUS_01412,Customer_149,Howrah,West Bengal,Furniture,Sofa,1,18802.95,10,3163.69,UPI
ORD_01413,2025-11-06,CUS_01413,Customer_088,Surat,Gujarat,Furniture,Office Chair,1,5292.89,20,1130.39,UPI
ORD_01414,2025-11-06,CUS_01414,Customer_011,Hyderabad,Telangana,Electronics,Laptop,4,222172.4,10,51519.76,Net Banking
ORD_01415,2025-11-07,CUS_01415,Customer_099,Jaipur,Rajasthan,Furniture,Bookshelf,3,18373.04,0,2640.92,Cash on Delivery
ORD_01416,2025-11-07,CUS_01416,Customer_065,Vadodara,Gujarat,Home & Kitchen,Cookware Set,2,5078.4,15,553.59,Net Banking
ORD_01417,2025-11-07,CUS_01417,Customer_126,Chennai,Tamil Nadu,Furniture,Office Chair,5,29057.49,20,5031.96,Debit Card
ORD_01418,2025-11-07,CUS_01418,Customer_019,Madurai,Tamil Nadu,Furniture,Study Table,1,6593.29,20,905.91,Credit Card
ORD_01419,2025-11-07,CUS_01419,Customer_132,Mysuru,Karnataka,Home & Kitchen,Mixer Grinder,5,19878.38,15,4129.94,Cash on Delivery
ORD_01420,2025-11-09,CUS_01420,Customer_116,Mysuru,Karnataka,Home & Kitchen,Bedsheet,4,4305.5,15,945.43,UPI
ORD_01421,2025-11-09,CUS_01421,Customer_119,Durgapur,West Bengal,Home & Kitchen,Bedsheet,1,1367.51,15,127.51,Net Banking
ORD_01422,2025-11-09,CUS_01422,Customer_142,Madurai,Tamil Nadu,Home & Kitchen,Air Fryer,5,23914.34,15,4963.24,Net Banking
ORD_01423,2025-11-10,CUS_01423,Customer_078,Nagpur,Maharashtra,Home & Kitchen,Bedsheet,4,4865.14,10,1004.33,UPI
ORD_01424,2025-11-10,CUS_01424,Customer_106,Durgapur,West Bengal,Furniture,Sofa,1,19332.46,20,2229.97,UPI
ORD_01425,2025-11-10,CUS_01425,Customer_062,Noida,Delhi,Electronics,Headphones,2,3475.03,20,468.97,UPI
ORD_01426,2025-11-11,CUS_01426,Customer_130,Madurai,Tamil Nadu,Clothing,Jacket,2,5748.43,20,938.39,Debit Card
ORD_01427,2025-11-11,CUS_01427,Customer_010,Mumbai,Maharashtra,Furniture,Office Chair,2,13247.16,15,932.08,Debit Card
ORD_01428,2025-11-12,CUS_01428,Customer_013,Gurugram,Delhi,Furniture,Sofa,5,98120.59,5,20803.79,Credit Card
ORD_01429,2025-11-12,CUS_01429,Customer_014,Madurai,Tamil Nadu,Clothing,T-Shirt,4,3572.26,10,746.79,Debit Card
ORD_01430,2025-11-13,CUS_01430,Customer_124,Udaipur,Rajasthan,Home & Kitchen,Air Fryer,3,21438.5,0,2672.27,UPI
ORD_01431,2025-11-14,CUS_01431,Customer_084,Udaipur,Rajasthan,Home & Kitchen,Mixer Grinder,2,9666.29,5,1692.19,Debit Card
ORD_01432,2025-11-15,CUS_01432,Customer_049,Coimbatore,Tamil Nadu,Home & Kitchen,Cookware Set,2,6132.33,15,1318.51,Debit Card
ORD_01433,2025-11-16,CUS_01433,Customer_018,Howrah,West Bengal,Home & Kitchen,Bedsheet,3,4810.28,0,251.69,Credit Card
ORD_01434,2025-11-17,CUS_01434,Customer_084,Warangal,Telangana,Electronics,Headphones,2,4587.95,20,857.55,Net Banking
ORD_01435,2025-11-17,CUS_01435,Customer_012,Nizamabad,Telangana,Home & Kitchen,Mixer Grinder,5,19878.25,0,1745.86,Debit Card
ORD_01436,2025-11-18,CUS_01436,Customer_111,Jodhpur,Rajasthan,Home & Kitchen,Air Fryer,1,4848.85,15,686.62,Net Banking
ORD_01437,2025-11-18,CUS_01437,Customer_104,Mysuru,Karnataka,Furniture,Office Chair,4,22706.58,5,4697.63,Debit Card
ORD_01438,2025-11-19,CUS_01438,Customer_146,Ahmedabad,Gujarat,Electronics,Laptop,1,56743.61,10,9612.9,Credit Card
ORD_01439,2025-11-19,CUS_01439,Customer_012,Coimbatore,Tamil Nadu,Clothing,Sneakers,1,2488.44,10,532.84,UPI
ORD_01440,2025-11-20,CUS_01440,Customer_137,Warangal,Telangana,Furniture,Office Chair,5,25855.5,15,2431.58,Debit Card
ORD_01441,2025-11-20,CUS_01441,Customer_047,Udaipur,Rajasthan,Home & Kitchen,Mixer Grinder,4,13956.28,20,2204.7,Cash on Delivery
ORD_01442,2025-11-21,CUS_01442,Customer_059,Gurugram,Delhi,Electronics,Smartwatch,2,7756.23,10,1089.28,UPI
ORD_01443,2025-11-22,CUS_01443,Customer_054,Jaipur,Rajasthan,Electronics,Headphones,5,13495.8,0,2268.46,Net Banking
ORD_01444,2025-11-22,CUS_01444,Customer_086,Warangal,Telangana,Home & Kitchen,Cookware Set,3,8483.05,20,1199.26,Credit Card
ORD_01445,2025-11-22,CUS_01445,Customer_119,Madurai,Tamil Nadu,Furniture,Study Table,5,41863.93,15,5957.43,Cash on Delivery
ORD_01446,2025-11-23,CUS_01446,Customer_047,Nizamabad,Telangana,Electronics,Headphones,4,9698.7,10,763.9,Credit Card
ORD_01447,2025-11-23,CUS_01447,Customer_145,Mumbai,Maharashtra,Electronics,Laptop,3,135219.69,20,16784.61,UPI
ORD_01448,2025-11-26,CUS_01448,Customer_012,Noida,Delhi,Clothing,Jacket,1,3270.54,10,752.98,Cash on Delivery
ORD_01449,2025-11-26,CUS_01449,Customer_017,Surat,Gujarat,Furniture,Sofa,3,56096.11,10,13096.35,UPI
ORD_01450,2025-11-27,CUS_01450,Customer_051,Coimbatore,Tamil Nadu,Clothing,Jacket,1,3171.05,20,588.97,Net Banking
ORD_01451,2025-11-27,CUS_01451,Customer_116,Mangaluru,Karnataka,Clothing,Jeans,3,4874.54,15,696.32,Credit Card
ORD_01452,2025-11-28,CUS_01452,Customer_097,Mangaluru,Karnataka,Home & Kitchen,Cookware Set,3,8854.18,20,1183.63,UPI
ORD_01453,2025-11-29,CUS_01453,Customer_139,Delhi,Delhi,Clothing,Jacket,1,2705.54,10,159.55,Net Banking
ORD_01454,2025-11-30,CUS_01454,Customer_148,Chennai,Tamil Nadu,Electronics,Laptop,4,183991.28,15,29067.16,Credit Card
ORD_01455,2025-12-01,CUS_01455,Customer_066,Warangal,Telangana,Electronics,Headphones,1,1963.17,20,253.45,Credit Card
ORD_01456,2025-12-01,CUS_01456,Customer_060,Warangal,Telangana,Clothing,Jeans,2,3350.48,5,396.61,Net Banking
ORD_01457,2025-12-01,CUS_01457,Customer_037,Nagpur,Maharashtra,Clothing,Sneakers,2,5319.09,5,956.72,Cash on Delivery
ORD_01458,2025-12-01,CUS_01458,Customer_149,Gurugram,Delhi,Furniture,Sofa,5,113761.02,0,8825.24,UPI
ORD_01459,2025-12-02,CUS_01459,Customer_107,Madurai,Tamil Nadu,Clothing,Sneakers,2,5365.82,10,287.86,Net Banking
ORD_01460,2025-12-03,CUS_01460,Customer_065,Chennai,Tamil Nadu,Clothing,T-Shirt,1,769.04,20,184.12,Debit Card
ORD_01461,2025-12-03,CUS_01461,Customer_049,Hyderabad,Telangana,Electronics,Laptop,3,145815.02,15,13493.16,Cash on Delivery
ORD_01462,2025-12-03,CUS_01462,Customer_081,Udaipur,Rajasthan,Clothing,Sneakers,5,13901.23,0,860.41,UPI
ORD_01463,2025-12-04,CUS_01463,Customer_084,Mumbai,Maharashtra,Home & Kitchen,Mixer Grinder,3,9186.82,20,1983.59,Credit Card
ORD_01464,2025-12-07,CUS_01464,Customer_011,Kolkata,West Bengal,Clothing,Sneakers,1,2881.53,5,713.05,Credit Card
ORD_01465,2025-12-08,CUS_01465,Customer_058,Nagpur,Maharashtra,Clothing,Jeans,3,4275.42,20,931.13,UPI
ORD_01466,2025-12-08,CUS_01466,Customer_109,Delhi,Delhi,Home & Kitchen,Bedsheet,4,6406.58,0,1029.81,Net Banking
ORD_01467,2025-12-09,CUS_01467,Customer_079,Pune,Maharashtra,Home & Kitchen,Bedsheet,5,7298.64,5,928.9,Net Banking
ORD_01468,2025-12-11,CUS_01468,Customer_052,Ahmedabad,Gujarat,Clothing,Jacket,2,6512.81,5,391.22,Cash on Delivery
ORD_01469,2025-12-11,CUS_01469,Customer_059,Mangaluru,Karnataka,Furniture,Study Table,3,19444.47,20,1183.74,UPI
ORD_01470,2025-12-11,CUS_01470,Customer_147,Mumbai,Maharashtra,Furniture,Office Chair,3,17934.78,20,2924.55,Net Banking
ORD_01471,2025-12-12,CUS_01471,Customer_144,Hyderabad,Telangana,Clothing,Sneakers,1,2351.55,5,238.89,UPI
ORD_01472,2025-12-12,CUS_01472,Customer_132,Nizamabad,Telangana,Clothing,Jeans,4,6223.42,15,1440.41,Cash on Delivery
ORD_01473,2025-12-13,CUS_01473,Customer_079,Jodhpur,Rajasthan,Home & Kitchen,Bedsheet,2,2540.77,5,450.55,Debit Card
ORD_01474,2025-12-13,CUS_01474,Customer_140,Ahmedabad,Gujarat,Electronics,Laptop,2,103818.3,5,11881.29,Credit Card
ORD_01475,2025-12-14,CUS_01475,Customer_001,Kolkata,West Bengal,Furniture,Sofa,2,37744.68,20,8098.43,UPI
ORD_01476,2025-12-15,CUS_01476,Customer_070,Coimbatore,Tamil Nadu,Furniture,Study Table,3,29563.1,0,2369.29,Debit Card
ORD_01477,2025-12-16,CUS_01477,Customer_139,Jodhpur,Rajasthan,Furniture,Bookshelf,1,5883.91,0,1284.4,Debit Card
ORD_01478,2025-12-16,CUS_01478,Customer_056,Noida,Delhi,Furniture,Office Chair,3,18097.67,0,2646.41,Debit Card
ORD_01479,2025-12-16,CUS_01479,Customer_042,Surat,Gujarat,Home & Kitchen,Bedsheet,5,7998.22,0,1470.57,Net Banking
ORD_01480,2025-12-16,CUS_01480,Customer_005,Madurai,Tamil Nadu,Clothing,Jacket,3,8557.53,10,1133.24,Credit Card
ORD_01481,2025-12-17,CUS_01481,Customer_014,Coimbatore,Tamil Nadu,Electronics,Headphones,2,5142.06,5,663.48,Cash on Delivery
ORD_01482,2025-12-17,CUS_01482,Customer_007,Surat,Gujarat,Furniture,Office Chair,5,34092.27,0,5267.13,Cash on Delivery
ORD_01483,2025-12-18,CUS_01483,Customer_037,Kolkata,West Bengal,Clothing,T-Shirt,3,2304.66,5,416.34,UPI
ORD_01484,2025-12-18,CUS_01484,Customer_063,Howrah,West Bengal,Clothing,Jacket,3,10043.03,5,553.21,UPI
ORD_01485,2025-12-19,CUS_01485,Customer_074,Durgapur,West Bengal,Clothing,T-Shirt,4,3491.71,5,519.55,Net Banking
ORD_01486,2025-12-20,CUS_01486,Customer_106,Mumbai,Maharashtra,Home & Kitchen,Mixer Grinder,3,13942.65,10,1816.71,Debit Card
ORD_01487,2025-12-20,CUS_01487,Customer_111,Mangaluru,Karnataka,Home & Kitchen,Air Fryer,1,5325.53,20,739.23,Debit Card
ORD_01488,2025-12-20,CUS_01488,Customer_091,Durgapur,West Bengal,Furniture,Bookshelf,1,6006.25,10,973.54,Cash on Delivery
ORD_01489,2025-12-21,CUS_01489,Customer_137,Bengaluru,Karnataka,Electronics,Laptop,4,211588.9,15,20429.46,Cash on Delivery
ORD_01490,2025-12-22,CUS_01490,Customer_005,Bengaluru,Karnataka,Electronics,Smartwatch,5,19885.44,20,2816.52,Credit Card
ORD_01491,2025-12-25,CUS_01491,Customer_010,Howrah,West Bengal,Electronics,Smartwatch,1,4352.97,15,1074.38,Cash on Delivery
ORD_01492,2025-12-26,CUS_01492,Customer_005,Gurugram,Delhi,Home & Kitchen,Cookware Set,5,13953.69,10,1123.04,Cash on Delivery
ORD_01493,2025-12-26,CUS_01493,Customer_044,Udaipur,Rajasthan,Electronics,Headphones,3,6206.25,10,810.79,Net Banking
ORD_01494,2025-12-27,CUS_01494,Customer_066,Warangal,Telangana,Home & Kitchen,Cookware Set,5,15064.84,0,1438.26,Net Banking
ORD_01495,2025-12-27,CUS_01495,Customer_091,Coimbatore,Tamil Nadu,Home & Kitchen,Mixer Grinder,3,13410.68,5,1398.92,UPI
ORD_01496,2025-12-30,CUS_01496,Customer_139,Kolkata,West Bengal,Electronics,Smartwatch,2,7507.41,15,847.36,Cash on Delivery
ORD_01497,2025-12-30,CUS_01497,Customer_086,Chennai,Tamil Nadu,Electronics,Smartphone,1,20842.81,15,1957.18,UPI
ORD_01498,2025-12-31,CUS_01498,Customer_088,Vadodara,Gujarat,Electronics,Laptop,1,46228.35,5,8173.23,Debit Card
ORD_01499,2025-12-31,CUS_01499,Customer_113,Ahmedabad,Gujarat,Home & Kitchen,Cookware Set,4,14336.93,0,1018.67,Credit Card
ORD_01500,2025-12-31,CUS_01500,Customer_062,Madurai,Tamil Nadu,Electronics,Headphones,2,3769.62,15,502.22,UPI
ORD_01501,2025-01-02,CUS_01501,Customer_078,Jaipur,Rajasthan,Clothing,Jeans,4,7679.33,5,748.8,Net Banking
ORD_01502,2025-01-02,CUS_01502,Customer_132,Jaipur,Rajasthan,Home & Kitchen,Air Fryer,3,18610.35,15,1608.81,Credit Card
ORD_01503,2025-01-02,CUS_01503,Customer_016,Warangal,Telangana,Clothing,T-Shirt,3,2239.11,10,376.15,Credit Card
ORD_01504,2025-01-02,CUS_01504,Customer_117,Pune,Maharashtra,Furniture,Bookshelf,1,5272.24,15,444.82,Net Banking
ORD_01505,2025-01-02,CUS_01505,Customer_097,Hyderabad,Telangana,Electronics,Smartwatch,1,4340.4,15,826.82,UPI
ORD_01506,2025-01-03,CUS_01506,Customer_007,Madurai,Tamil Nadu,Furniture,Sofa,2,42539.95,10,4274.73,Debit Card
ORD_01507,2025-01-03,CUS_01507,Customer_009,Mysuru,Karnataka,Furniture,Bookshelf,3,15399.12,5,3108.6,Net Banking
ORD_01508,2025-01-04,CUS_01508,Customer_029,Bengaluru,Karnataka,Furniture,Bookshelf,3,15830.37,5,1294.73,UPI
ORD_01509,2025-01-06,CUS_01509,Customer_060,Vadodara,Gujarat,Furniture,Study Table,5,36825.9,20,4674.03,Net Banking
ORD_01510,2025-01-07,CUS_01510,Customer_055,Mangaluru,Karnataka,Furniture,Office Chair,2,10130.64,20,1199.07,Cash on Delivery
ORD_01511,2025-01-07,CUS_01511,Customer_072,Gurugram,Delhi,Home & Kitchen,Bedsheet,2,2800.79,10,420.97,Debit Card
ORD_01512,2025-01-07,CUS_01512,Customer_125,Nizamabad,Telangana,Furniture,Study Table,5,39843.39,10,3028.79,Net Banking
ORD_01513,2025-01-08,CUS_01513,Customer_053,Nagpur,Maharashtra,Home & Kitchen,Bedsheet,3,4789.92,0,1071.62,Debit Card
ORD_01514,2025-01-09,CUS_01514,Customer_148,Vadodara,Gujarat,Home & Kitchen,Mixer Grinder,3,11169.66,15,2060.54,Cash on Delivery
ORD_01515,2025-01-09,CUS_01515,Customer_123,Nagpur,Maharashtra,Furniture,Study Table,4,28556.4,10,2137.27,UPI
ORD_01516,2025-01-13,CUS_01516,Customer_125,Ahmedabad,Gujarat,Furniture,Sofa,4,82129.32,15,9942.9,Cash on Delivery
ORD_01517,2025-01-13,CUS_01517,Customer_084,Jaipur,Rajasthan,Clothing,T-Shirt,4,3786.59,0,380.66,Net Banking
ORD_01518,2025-01-15,CUS_01518,Customer_047,Noida,Delhi,Home & Kitchen,Bedsheet,1,1020.48,15,236.89,UPI
ORD_01519,2025-01-16,CUS_01519,Customer_039,Gurugram,Delhi,Clothing,Jeans,1,1557.28,10,389.18,Net Banking
ORD_01520,2025-01-16,CUS_01520,Customer_119,Nizamabad,Telangana,Electronics,Smartwatch,3,14212.74,15,2813.36,UPI
ORD_01521,2025-01-18,CUS_01521,Customer_019,Mangaluru,Karnataka,Furniture,Sofa,5,91299.37,20,13184.85,UPI
ORD_01522,2025-01-18,CUS_01522,Customer_091,Hyderabad,Telangana,Furniture,Office Chair,1,5138.27,15,1010.18,Net Banking
ORD_01523,2025-01-19,CUS_01523,Customer_044,Warangal,Telangana,Furniture,Sofa,1,19860.38,20,1882.69,Debit Card
ORD_01524,2025-01-20,CUS_01524,Customer_121,Pune,Maharashtra,Furniture,Sofa,1,18772.81,0,4535.79,Debit Card
ORD_01525,2025-01-20,CUS_01525,Customer_108,Ahmedabad,Gujarat,Clothing,Jeans,5,7947.89,20,947.29,Cash on Delivery
ORD_01526,2025-01-20,CUS_01526,Customer_132,Nizamabad,Telangana,Clothing,Jacket,3,10253.94,15,1303.02,Credit Card
ORD_01527,2025-01-21,CUS_01527,Customer_085,Mangaluru,Karnataka,Clothing,Jacket,2,6149.05,20,546.8,Cash on Delivery
ORD_01528,2025-01-22,CUS_01528,Customer_084,Bengaluru,Karnataka,Electronics,Headphones,5,11242.36,15,2450.72,Debit Card
ORD_01529,2025-01-22,CUS_01529,Customer_119,Nizamabad,Telangana,Clothing,T-Shirt,1,820.34,10,101.35,Net Banking
ORD_01530,2025-01-23,CUS_01530,Customer_104,Hyderabad,Telangana,Home & Kitchen,Bedsheet,1,1285.0,15,244.16,UPI
ORD_01531,2025-01-25,CUS_01531,Customer_010,Mysuru,Karnataka,Clothing,Jeans,3,4378.08,15,720.67,Credit Card
ORD_01532,2025-01-25,CUS_01532,Customer_112,Durgapur,West Bengal,Electronics,Headphones,4,10139.38,0,831.89,Credit Card
ORD_01533,2025-01-25,CUS_01533,Customer_046,Ahmedabad,Gujarat,Electronics,Smartwatch,5,23698.84,5,1834.71,Net Banking
ORD_01534,2025-01-26,CUS_01534,Customer_137,Chennai,Tamil Nadu,Furniture,Bookshelf,3,12251.16,20,2779.07,UPI
ORD_01535,2025-01-27,CUS_01535,Customer_005,Mysuru,Karnataka,Electronics,Headphones,4,8353.15,15,530.61,Net Banking
ORD_01536,2025-01-28,CUS_01536,Customer_103,Durgapur,West Bengal,Clothing,Sneakers,5,9681.91,20,1449.52,UPI
ORD_01537,2025-01-28,CUS_01537,Customer_149,Howrah,West Bengal,Electronics,Smartwatch,4,18216.85,15,4461.64,UPI
ORD_01538,2025-01-29,CUS_01538,Customer_123,Jaipur,Rajasthan,Electronics,Smartwatch,5,21936.15,0,2812.96,UPI
ORD_01539,2025-01-29,CUS_01539,Customer_046,Pune,Maharashtra,Furniture,Bookshelf,5,27234.39,10,1743.16,UPI
ORD_01540,2025-01-29,CUS_01540,Customer_002,Nizamabad,Telangana,Home & Kitchen,Cookware Set,3,8307.38,15,487.1,Net Banking
ORD_01541,2025-01-30,CUS_01541,Customer_022,Warangal,Telangana,Furniture,Study Table,4,26507.41,20,5587.54,Cash on Delivery
ORD_01542,2025-01-30,CUS_01542,Customer_122,Vadodara,Gujarat,Furniture,Sofa,3,57636.77,0,6412.82,Cash on Delivery
ORD_01543,2025-02-03,CUS_01543,Customer_069,Kolkata,West Bengal,Home & Kitchen,Cookware Set,1,2967.96,15,187.72,Net Banking
ORD_01544,2025-02-04,CUS_01544,Customer_012,Coimbatore,Tamil Nadu,Electronics,Laptop,1,50455.17,20,10980.58,Debit Card
ORD_01545,2025-02-05,CUS_01545,Customer_029,Chennai,Tamil Nadu,Home & Kitchen,Bedsheet,5,5178.81,20,818.09,Net Banking
ORD_01546,2025-02-05,CUS_01546,Customer_044,Jodhpur,Rajasthan,Furniture,Office Chair,3,19085.13,15,1183.82,Net Banking
ORD_01547,2025-02-06,CUS_01547,Customer_143,Nizamabad,Telangana,Furniture,Bookshelf,3,19284.5,0,3405.28,Net Banking
ORD_01548,2025-02-07,CUS_01548,Customer_102,Vadodara,Gujarat,Electronics,Headphones,3,6931.92,5,913.32,Net Banking
ORD_01549,2025-02-07,CUS_01549,Customer_124,Bengaluru,Karnataka,Furniture,Sofa,2,48085.61,0,7701.94,Debit Card
ORD_01550,2025-02-07,CUS_01550,Customer_076,Delhi,Delhi,Home & Kitchen,Bedsheet,2,2416.74,5,348.43,Debit Card
ORD_01551,2025-02-08,CUS_01551,Customer_085,Surat,Gujarat,Furniture,Sofa,5,103690.35,5,21015.22,Cash on Delivery
ORD_01552,2025-02-08,CUS_01552,Customer_019,Howrah,West Bengal,Home & Kitchen,Air Fryer,3,19009.18,10,1896.07,Debit Card
ORD_01553,2025-02-08,CUS_01553,Customer_108,Chennai,Tamil Nadu,Furniture,Bookshelf,5,28758.77,5,5606.62,UPI
ORD_01554,2025-02-08,CUS_01554,Customer_065,Warangal,Telangana,Furniture,Bookshelf,5,28209.8,15,2805.97,UPI
ORD_01555,2025-02-09,CUS_01555,Customer_018,Coimbatore,Tamil Nadu,Clothing,Jeans,3,4439.69,20,409.04,Net Banking
ORD_01556,2025-02-10,CUS_01556,Customer_034,Delhi,Delhi,Home & Kitchen,Cookware Set,3,11111.62,5,1098.58,Debit Card
ORD_01557,2025-02-10,CUS_01557,Customer_124,Noida,Delhi,Home & Kitchen,Mixer Grinder,5,16765.28,20,2805.67,Net Banking
ORD_01558,2025-02-11,CUS_01558,Customer_049,Vadodara,Gujarat,Clothing,Jeans,4,7561.12,5,1135.91,Credit Card
ORD_01559,2025-02-11,CUS_01559,Customer_021,Pune,Maharashtra,Home & Kitchen,Air Fryer,1,5377.97,20,763.08,Net Banking
ORD_01560,2025-02-12,CUS_01560,Customer_080,Kolkata,West Bengal,Electronics,Headphones,5,12807.61,10,3080.15,Credit Card
ORD_01561,2025-02-12,CUS_01561,Customer_087,Bengaluru,Karnataka,Home & Kitchen,Bedsheet,1,1100.94,20,63.42,UPI
ORD_01562,2025-02-12,CUS_01562,Customer_093,Kolkata,West Bengal,Clothing,Jeans,4,6008.94,15,1323.71,Credit Card
ORD_01563,2025-02-13,CUS_01563,Customer_131,Kolkata,West Bengal,Home & Kitchen,Cookware Set,4,14385.33,5,906.86,UPI
ORD_01564,2025-02-15,CUS_01564,Customer_060,Surat,Gujarat,Home & Kitchen,Air Fryer,3,18050.83,15,1019.97,UPI
ORD_01565,2025-02-15,CUS_01565,Customer_020,Jodhpur,Rajasthan,Electronics,Smartphone,3,60887.8,20,12715.94,Credit Card
ORD_01566,2025-02-15,CUS_01566,Customer_141,Gurugram,Delhi,Furniture,Bookshelf,1,4482.86,20,953.77,Debit Card
ORD_01567,2025-02-15,CUS_01567,Customer_090,Pune,Maharashtra,Electronics,Smartphone,5,101461.46,20,14423.33,Credit Card
ORD_01568,2025-02-15,CUS_01568,Customer_122,Warangal,Telangana,Home & Kitchen,Mixer Grinder,1,4267.66,5,993.86,Credit Card
ORD_01569,2025-02-16,CUS_01569,Customer_057,Udaipur,Rajasthan,Home & Kitchen,Air Fryer,3,18115.78,15,2128.02,UPI
ORD_01570,2025-02-16,CUS_01570,Customer_146,Warangal,Telangana,Electronics,Headphones,4,7849.25,10,1484.15,UPI
ORD_01571,2025-02-16,CUS_01571,Customer_069,Udaipur,Rajasthan,Home & Kitchen,Cookware Set,3,11312.22,0,1339.09,UPI
ORD_01572,2025-02-16,CUS_01572,Customer_111,Delhi,Delhi,Furniture,Study Table,4,32803.47,0,7009.25,UPI
ORD_01573,2025-02-18,CUS_01573,Customer_063,Durgapur,West Bengal,Furniture,Sofa,4,75777.93,10,4576.33,Net Banking
ORD_01574,2025-02-19,CUS_01574,Customer_020,Mysuru,Karnataka,Clothing,Jeans,2,3334.04,5,319.64,Credit Card
ORD_01575,2025-02-20,CUS_01575,Customer_106,Jodhpur,Rajasthan,Home & Kitchen,Mixer Grinder,1,4150.49,15,454.86,UPI
ORD_01576,2025-02-20,CUS_01576,Customer_059,Nizamabad,Telangana,Clothing,Sneakers,3,8059.22,15,1253.49,Net Banking
ORD_01577,2025-02-21,CUS_01577,Customer_054,Delhi,Delhi,Furniture,Bookshelf,1,6075.84,5,1015.72,Cash on Delivery
ORD_01578,2025-02-21,CUS_01578,Customer_128,Chennai,Tamil Nadu,Electronics,Headphones,4,8130.01,15,1951.3,Debit Card
ORD_01579,2025-02-22,CUS_01579,Customer_147,Ahmedabad,Gujarat,Clothing,T-Shirt,1,730.58,20,41.45,Debit Card
ORD_01580,2025-02-22,CUS_01580,Customer_108,Howrah,West Bengal,Electronics,Smartwatch,1,4263.49,15,784.51,Cash on Delivery
ORD_01581,2025-02-22,CUS_01581,Customer_142,Madurai,Tamil Nadu,Home & Kitchen,Mixer Grinder,4,17057.86,10,4062.76,Net Banking
ORD_01582,2025-02-22,CUS_01582,Customer_138,Chennai,Tamil Nadu,Home & Kitchen,Air Fryer,3,20476.17,0,1480.48,Cash on Delivery
ORD_01583,2025-02-23,CUS_01583,Customer_072,Warangal,Telangana,Clothing,T-Shirt,1,822.57,10,79.14,UPI
ORD_01584,2025-02-23,CUS_01584,Customer_012,Madurai,Tamil Nadu,Home & Kitchen,Air Fryer,2,11693.56,10,1801.19,Cash on Delivery
ORD_01585,2025-02-24,CUS_01585,Customer_072,Mysuru,Karnataka,Home & Kitchen,Bedsheet,4,5178.2,15,545.2,UPI
ORD_01586,2025-02-24,CUS_01586,Customer_121,Kolkata,West Bengal,Clothing,Jacket,1,2996.3,5,207.75,Cash on Delivery
ORD_01587,2025-02-25,CUS_01587,Customer_085,Warangal,Telangana,Furniture,Bookshelf,3,18369.71,0,1692.88,Credit Card
ORD_01588,2025-02-26,CUS_01588,Customer_030,Mangaluru,Karnataka,Furniture,Office Chair,5,31352.05,10,2042.27,Credit Card
ORD_01589,2025-02-27,CUS_01589,Customer_006,Jodhpur,Rajasthan,Electronics,Laptop,2,102936.15,5,8839.43,Net Banking
ORD_01590,2025-02-27,CUS_01590,Customer_054,Durgapur,West Bengal,Electronics,Smartwatch,3,13512.72,0,1742.31,Debit Card
ORD_01591,2025-02-28,CUS_01591,Customer_077,Durgapur,West Bengal,Clothing,Jeans,4,8268.89,0,2040.78,Cash on Delivery
ORD_01592,2025-02-28,CUS_01592,Customer_017,Jaipur,Rajasthan,Home & Kitchen,Bedsheet,4,4823.52,15,990.68,Credit Card
ORD_01593,2025-02-28,CUS_01593,Customer_073,Mumbai,Maharashtra,Electronics,Headphones,5,8856.13,20,1479.11,Credit Card
ORD_01594,2025-03-02,CUS_01594,Customer_135,Pune,Maharashtra,Clothing,Jeans,3,4448.1,20,490.22,Debit Card
ORD_01595,2025-03-02,CUS_01595,Customer_037,Howrah,West Bengal,Clothing,T-Shirt,1,740.13,15,69.31,Net Banking
ORD_01596,2025-03-05,CUS_01596,Customer_126,Nagpur,Maharashtra,Clothing,Jacket,5,15406.78,20,1708.93,Credit Card
ORD_01597,2025-03-06,CUS_01597,Customer_145,Warangal,Telangana,Furniture,Sofa,3,47737.86,15,7044.53,Credit Card
ORD_01598,2025-03-06,CUS_01598,Customer_121,Hyderabad,Telangana,Furniture,Office Chair,4,24018.88,20,5672.72,Debit Card
ORD_01599,2025-03-08,CUS_01599,Customer_134,Gurugram,Delhi,Clothing,Jeans,5,9087.73,10,1441.04,Debit Card
ORD_01600,2025-03-08,CUS_01600,Customer_068,Gurugram,Delhi,Furniture,Study Table,4,26494.99,20,4470.19,UPI
ORD_01601,2025-03-09,CUS_01601,Customer_037,Jodhpur,Rajasthan,Home & Kitchen,Cookware Set,1,3856.85,0,375.56,Credit Card
ORD_01602,2025-03-09,CUS_01602,Customer_016,Nizamabad,Telangana,Electronics,Smartphone,3,61681.79,15,14934.73,Debit Card
ORD_01603,2025-03-10,CUS_01603,Customer_078,Bengaluru,Karnataka,Clothing,Sneakers,1,2532.32,20,497.7,Debit Card
ORD_01604,2025-03-10,CUS_01604,Customer_027,Howrah,West Bengal,Clothing,Jacket,3,9444.3,15,1824.98,Cash on Delivery
ORD_01605,2025-03-11,CUS_01605,Customer_022,Mumbai,Maharashtra,Home & Kitchen,Bedsheet,1,1371.59,0,195.86,Net Banking
ORD_01606,2025-03-11,CUS_01606,Customer_096,Coimbatore,Tamil Nadu,Electronics,Headphones,3,6399.68,15,938.71,Credit Card
ORD_01607,2025-03-14,CUS_01607,Customer_014,Durgapur,West Bengal,Furniture,Sofa,2,43972.51,10,9146.55,Net Banking
ORD_01608,2025-03-14,CUS_01608,Customer_118,Udaipur,Rajasthan,Furniture,Office Chair,1,7081.01,10,703.37,Credit Card
ORD_01609,2025-03-16,CUS_01609,Customer_104,Coimbatore,Tamil Nadu,Home & Kitchen,Air Fryer,3,21591.74,0,2940.73,Credit Card
ORD_01610,2025-03-16,CUS_01610,Customer_066,Howrah,West Bengal,Furniture,Bookshelf,1,4929.54,20,858.04,Debit Card
ORD_01611,2025-03-17,CUS_01611,Customer_087,Delhi,Delhi,Electronics,Laptop,3,181279.13,0,40201.07,Debit Card
ORD_01612,2025-03-18,CUS_01612,Customer_063,Mysuru,Karnataka,Furniture,Sofa,2,44173.38,10,6568.59,Debit Card
ORD_01613,2025-03-19,CUS_01613,Customer_088,Jaipur,Rajasthan,Clothing,Jacket,1,3381.58,5,713.73,Debit Card
ORD_01614,2025-03-19,CUS_01614,Customer_081,Surat,Gujarat,Clothing,T-Shirt,1,810.93,5,65.85,Net Banking
ORD_01615,2025-03-19,CUS_01615,Customer_047,Delhi,Delhi,Furniture,Sofa,4,85987.08,10,16095.26,Cash on Delivery
ORD_01616,2025-03-20,CUS_01616,Customer_025,Madurai,Tamil Nadu,Clothing,T-Shirt,1,897.66,5,57.12,Cash on Delivery
ORD_01617,2025-03-24,CUS_01617,Customer_141,Bengaluru,Karnataka,Clothing,Jeans,4,6987.35,5,1595.73,UPI
ORD_01618,2025-03-25,CUS_01618,Customer_107,Jodhpur,Rajasthan,Home & Kitchen,Cookware Set,2,6565.45,15,533.62,Credit Card
ORD_01619,2025-03-25,CUS_01619,Customer_101,Mangaluru,Karnataka,Electronics,Smartphone,4,68751.26,20,16412.52,Debit Card
ORD_01620,2025-03-27,CUS_01620,Customer_005,Coimbatore,Tamil Nadu,Furniture,Sofa,2,31908.97,20,4427.37,Credit Card
ORD_01621,2025-03-27,CUS_01621,Customer_062,Vadodara,Gujarat,Furniture,Bookshelf,5,27233.31,20,4743.55,Credit Card
ORD_01622,2025-03-27,CUS_01622,Customer_137,Noida,Delhi,Electronics,Smartwatch,3,13596.11,0,1700.22,Credit Card
ORD_01623,2025-03-27,CUS_01623,Customer_071,Hyderabad,Telangana,Electronics,Laptop,1,41858.74,15,5592.24,UPI
ORD_01624,2025-03-28,CUS_01624,Customer_124,Hyderabad,Telangana,Clothing,Jacket,3,9595.88,5,2202.12,Cash on Delivery
ORD_01625,2025-03-28,CUS_01625,Customer_132,Delhi,Delhi,Home & Kitchen,Cookware Set,2,7360.48,5,1686.38,UPI
ORD_01626,2025-03-29,CUS_01626,Customer_075,Jaipur,Rajasthan,Clothing,Jacket,5,17108.04,5,1389.15,Net Banking
ORD_01627,2025-03-30,CUS_01627,Customer_042,Kolkata,West Bengal,Electronics,Headphones,3,6630.81,15,750.87,Credit Card
ORD_01628,2025-03-31,CUS_01628,Customer_097,Hyderabad,Telangana,Electronics,Laptop,1,42188.81,10,9230.28,Net Banking
ORD_01629,2025-03-31,CUS_01629,Customer_045,Gurugram,Delhi,Home & Kitchen,Bedsheet,5,6332.05,15,1170.93,Cash on Delivery
ORD_01630,2025-03-31,CUS_01630,Customer_004,Kolkata,West Bengal,Electronics,Smartphone,2,42296.98,15,6122.99,UPI
ORD_01631,2025-03-31,CUS_01631,Customer_103,Delhi,Delhi,Electronics,Smartphone,1,26062.16,5,3372.04,Credit Card
ORD_01632,2025-04-02,CUS_01632,Customer_082,Coimbatore,Tamil Nadu,Clothing,T-Shirt,3,2709.13,0,331.74,Debit Card
ORD_01633,2025-04-02,CUS_01633,Customer_084,Chennai,Tamil Nadu,Home & Kitchen,Cookware Set,2,6421.41,5,446.51,Cash on Delivery
ORD_01634,2025-04-02,CUS_01634,Customer_116,Coimbatore,Tamil Nadu,Clothing,Sneakers,4,9012.11,20,1639.54,Debit Card
ORD_01635,2025-04-02,CUS_01635,Customer_143,Jaipur,Rajasthan,Home & Kitchen,Mixer Grinder,4,15988.33,15,3634.52,Credit Card
ORD_01636,2025-04-04,CUS_01636,Customer_025,Durgapur,West Bengal,Electronics,Laptop,1,46209.83,10,11097.5,UPI
ORD_01637,2025-04-05,CUS_01637,Customer_083,Mumbai,Maharashtra,Furniture,Bookshelf,4,24692.77,10,4088.17,Net Banking
ORD_01638,2025-04-05,CUS_01638,Customer_080,Mumbai,Maharashtra,Furniture,Bookshelf,3,14937.11,10,2351.89,Debit Card
ORD_01639,2025-04-07,CUS_01639,Customer_029,Delhi,Delhi,Home & Kitchen,Mixer Grinder,1,4842.93,5,666.0,Credit Card
ORD_01640,2025-04-07,CUS_01640,Customer_038,Warangal,Telangana,Home & Kitchen,Bedsheet,5,6291.35,10,1306.84,Net Banking
ORD_01641,2025-04-08,CUS_01641,Customer_075,Ahmedabad,Gujarat,Electronics,Smartwatch,1,5508.77,0,1152.44,UPI
ORD_01642,2025-04-08,CUS_01642,Customer_017,Delhi,Delhi,Electronics,Smartphone,4,106684.43,0,22226.63,Credit Card
ORD_01643,2025-04-08,CUS_01643,Customer_109,Jaipur,Rajasthan,Furniture,Study Table,3,25047.51,5,3885.82,Net Banking
ORD_01644,2025-04-09,CUS_01644,Customer_006,Madurai,Tamil Nadu,Home & Kitchen,Mixer Grinder,1,4134.11,20,437.85,Cash on Delivery
ORD_01645,2025-04-11,CUS_01645,Customer_042,Howrah,West Bengal,Clothing,Sneakers,2,5697.01,0,928.0,Cash on Delivery
ORD_01646,2025-04-11,CUS_01646,Customer_008,Durgapur,West Bengal,Clothing,Jeans,3,6183.3,0,1048.83,Cash on Delivery
ORD_01647,2025-04-12,CUS_01647,Customer_132,Delhi,Delhi,Electronics,Headphones,1,2096.49,5,274.28,Debit Card
ORD_01648,2025-04-14,CUS_01648,Customer_132,Nizamabad,Telangana,Home & Kitchen,Mixer Grinder,1,3374.44,20,437.33,Debit Card
ORD_01649,2025-04-14,CUS_01649,Customer_017,Warangal,Telangana,Home & Kitchen,Cookware Set,2,6159.56,5,1388.82,UPI
ORD_01650,2025-04-16,CUS_01650,Customer_130,Jaipur,Rajasthan,Electronics,Headphones,4,7722.27,15,1592.21,Cash on Delivery
ORD_01651,2025-04-16,CUS_01651,Customer_019,Jaipur,Rajasthan,Home & Kitchen,Bedsheet,5,6190.58,10,909.26,Net Banking
ORD_01652,2025-04-16,CUS_01652,Customer_018,Gurugram,Delhi,Furniture,Office Chair,2,11060.33,20,1320.74,Net Banking
ORD_01653,2025-04-16,CUS_01653,Customer_144,Chennai,Tamil Nadu,Home & Kitchen,Cookware Set,3,10075.27,15,1590.2,Cash on Delivery
ORD_01654,2025-04-17,CUS_01654,Customer_003,Mangaluru,Karnataka,Electronics,Smartphone,5,90534.29,20,22265.04,UPI
ORD_01655,2025-04-17,CUS_01655,Customer_073,Pune,Maharashtra,Electronics,Headphones,3,6793.43,10,1386.87,UPI
ORD_01656,2025-04-18,CUS_01656,Customer_122,Durgapur,West Bengal,Home & Kitchen,Cookware Set,3,9391.86,20,484.73,Cash on Delivery
ORD_01657,2025-04-18,CUS_01657,Customer_060,Coimbatore,Tamil Nadu,Furniture,Bookshelf,3,15986.13,0,3446.19,Net Banking
ORD_01658,2025-04-19,CUS_01658,Customer_116,Hyderabad,Telangana,Electronics,Smartphone,4,93240.6,15,13940.21,Net Banking
ORD_01659,2025-04-19,CUS_01659,Customer_100,Durgapur,West Bengal,Furniture,Sofa,1,20734.68,10,4066.06,Net Banking
ORD_01660,2025-04-22,CUS_01660,Customer_006,Durgapur,West Bengal,Furniture,Sofa,2,46116.42,5,7047.47,Debit Card
ORD_01661,2025-04-22,CUS_01661,Customer_046,Ahmedabad,Gujarat,Clothing,Jeans,1,1293.28,20,171.0,Net Banking
ORD_01662,2025-04-22,CUS_01662,Customer_147,Hyderabad,Telangana,Furniture,Office Chair,2,11954.61,0,1094.77,Net Banking
ORD_01663,2025-04-23,CUS_01663,Customer_084,Pune,Maharashtra,Electronics,Headphones,4,8646.44,10,1463.53,UPI
ORD_01664,2025-04-23,CUS_01664,Customer_101,Chennai,Tamil Nadu,Furniture,Office Chair,2,15145.16,5,2914.75,UPI
ORD_01665,2025-04-23,CUS_01665,Customer_020,Bengaluru,Karnataka,Home & Kitchen,Mixer Grinder,2,7671.54,10,689.68,Cash on Delivery
ORD_01666,2025-04-24,CUS_01666,Customer_058,Mumbai,Maharashtra,Furniture,Study Table,2,15425.44,10,1640.82,Net Banking
ORD_01667,2025-04-24,CUS_01667,Customer_081,Howrah,West Bengal,Furniture,Study Table,5,32977.98,20,7548.53,Net Banking
ORD_01668,2025-04-26,CUS_01668,Customer_099,Surat,Gujarat,Electronics,Smartphone,2,47608.17,0,2879.26,Credit Card
ORD_01669,2025-04-27,CUS_01669,Customer_148,Nagpur,Maharashtra,Electronics,Smartwatch,1,5391.51,0,954.78,Debit Card
ORD_01670,2025-04-28,CUS_01670,Customer_057,Jaipur,Rajasthan,Furniture,Bookshelf,4,17722.76,15,3493.73,Net Banking
ORD_01671,2025-04-30,CUS_01671,Customer_013,Mysuru,Karnataka,Clothing,Jeans,2,3430.53,10,731.27,Net Banking
ORD_01672,2025-05-04,CUS_01672,Customer_052,Jaipur,Rajasthan,Home & Kitchen,Bedsheet,1,1094.55,15,121.77,Credit Card
ORD_01673,2025-05-04,CUS_01673,Customer_148,Bengaluru,Karnataka,Home & Kitchen,Mixer Grinder,2,7248.61,15,1350.66,UPI
ORD_01674,2025-05-05,CUS_01674,Customer_085,Gurugram,Delhi,Clothing,Sneakers,3,6438.13,10,1126.17,Credit Card
ORD_01675,2025-05-06,CUS_01675,Customer_043,Gurugram,Delhi,Furniture,Sofa,2,40513.13,5,9845.65,Credit Card
ORD_01676,2025-05-06,CUS_01676,Customer_149,Hyderabad,Telangana,Clothing,Jeans,1,1586.08,5,281.08,Cash on Delivery
ORD_01677,2025-05-06,CUS_01677,Customer_012,Nagpur,Maharashtra,Clothing,Jacket,2,5499.31,15,480.55,Net Banking
ORD_01678,2025-05-06,CUS_01678,Customer_129,Bengaluru,Karnataka,Furniture,Study Table,4,24924.78,20,2966.4,Credit Card
ORD_01679,2025-05-06,CUS_01679,Customer_128,Noida,Delhi,Electronics,Laptop,3,139780.72,15,21868.55,Net Banking
ORD_01680,2025-05-07,CUS_01680,Customer_047,Jaipur,Rajasthan,Electronics,Smartphone,4,109186.04,0,18502.19,Credit Card
ORD_01681,2025-05-07,CUS_01681,Customer_098,Durgapur,West Bengal,Clothing,Sneakers,2,5162.71,5,396.32,Debit Card
ORD_01682,2025-05-07,CUS_01682,Customer_085,Warangal,Telangana,Home & Kitchen,Cookware Set,1,3148.15,10,430.4,UPI
ORD_01683,2025-05-08,CUS_01683,Customer_058,Kolkata,West Bengal,Clothing,Jacket,2,5246.49,15,695.87,Net Banking
ORD_01684,2025-05-08,CUS_01684,Customer_039,Mumbai,Maharashtra,Home & Kitchen,Air Fryer,5,27533.69,20,2022.1,Credit Card
ORD_01685,2025-05-08,CUS_01685,Customer_052,Madurai,Tamil Nadu,Home & Kitchen,Air Fryer,2,11742.45,10,1405.96,Credit Card
ORD_01686,2025-05-11,CUS_01686,Customer_101,Mumbai,Maharashtra,Home & Kitchen,Air Fryer,5,31264.79,10,5072.67,UPI
ORD_01687,2025-05-12,CUS_01687,Customer_063,Vadodara,Gujarat,Clothing,Jeans,2,3637.21,0,473.39,UPI
ORD_01688,2025-05-12,CUS_01688,Customer_054,Delhi,Delhi,Furniture,Bookshelf,5,29178.14,5,6533.6,Cash on Delivery
ORD_01689,2025-05-13,CUS_01689,Customer_001,Nagpur,Maharashtra,Furniture,Study Table,2,15064.89,15,3250.65,Cash on Delivery
ORD_01690,2025-05-13,CUS_01690,Customer_126,Udaipur,Rajasthan,Electronics,Laptop,3,166356.28,0,35698.68,Debit Card
ORD_01691,2025-05-14,CUS_01691,Customer_031,Surat,Gujarat,Home & Kitchen,Air Fryer,5,22185.77,20,2279.29,Debit Card
ORD_01692,2025-05-16,CUS_01692,Customer_027,Nizamabad,Telangana,Furniture,Study Table,1,6126.31,20,885.24,Debit Card
ORD_01693,2025-05-16,CUS_01693,Customer_026,Gurugram,Delhi,Clothing,Jeans,3,5412.02,5,534.87,UPI
ORD_01694,2025-05-16,CUS_01694,Customer_073,Nizamabad,Telangana,Electronics,Smartphone,4,87569.75,0,14812.44,UPI
ORD_01695,2025-05-17,CUS_01695,Customer_078,Delhi,Delhi,Electronics,Headphones,3,7159.95,0,1576.23,Credit Card
ORD_01696,2025-05-17,CUS_01696,Customer_107,Nagpur,Maharashtra,Furniture,Bookshelf,3,14545.74,15,2391.06,UPI
ORD_01697,2025-05-18,CUS_01697,Customer_100,Jaipur,Rajasthan,Furniture,Study Table,5,41199.38,5,2219.23,Debit Card
ORD_01698,2025-05-18,CUS_01698,Customer_011,Mysuru,Karnataka,Electronics,Headphones,5,8787.14,20,1567.58,UPI
ORD_01699,2025-05-19,CUS_01699,Customer_009,Ahmedabad,Gujarat,Home & Kitchen,Mixer Grinder,3,12495.92,5,2397.52,Credit Card
ORD_01700,2025-05-19,CUS_01700,Customer_115,Ahmedabad,Gujarat,Electronics,Smartwatch,3,15111.31,0,1610.26,UPI
ORD_01701,2025-05-19,CUS_01701,Customer_063,Jaipur,Rajasthan,Electronics,Laptop,1,50568.23,15,5496.65,Debit Card
ORD_01702,2025-05-21,CUS_01702,Customer_073,Udaipur,Rajasthan,Furniture,Bookshelf,5,33255.22,0,1868.0,Cash on Delivery
ORD_01703,2025-05-21,CUS_01703,Customer_098,Ahmedabad,Gujarat,Clothing,Jacket,2,6474.17,5,546.02,UPI
ORD_01704,2025-05-24,CUS_01704,Customer_026,Ahmedabad,Gujarat,Clothing,T-Shirt,3,2143.32,20,376.55,UPI
ORD_01705,2025-05-24,CUS_01705,Customer_052,Jodhpur,Rajasthan,Electronics,Smartwatch,4,17521.31,10,3109.79,Net Banking
ORD_01706,2025-05-24,CUS_01706,Customer_098,Noida,Delhi,Electronics,Laptop,2,115418.2,0,21214.38,Debit Card
ORD_01707,2025-05-24,CUS_01707,Customer_090,Chennai,Tamil Nadu,Furniture,Study Table,3,23269.07,0,1208.53,UPI
ORD_01708,2025-05-24,CUS_01708,Customer_096,Warangal,Telangana,Clothing,Sneakers,2,4656.45,15,852.47,Net Banking
ORD_01709,2025-05-25,CUS_01709,Customer_070,Howrah,West Bengal,Electronics,Laptop,4,213731.37,0,39011.16,Debit Card
ORD_01710,2025-05-25,CUS_01710,Customer_083,Delhi,Delhi,Clothing,T-Shirt,3,2195.92,20,428.7,Net Banking
ORD_01711,2025-05-26,CUS_01711,Customer_075,Jaipur,Rajasthan,Electronics,Smartphone,2,41195.21,5,5697.55,Cash on Delivery
ORD_01712,2025-05-27,CUS_01712,Customer_122,Pune,Maharashtra,Clothing,Jeans,4,5322.99,20,776.39,Cash on Delivery
ORD_01713,2025-05-27,CUS_01713,Customer_099,Chennai,Tamil Nadu,Furniture,Office Chair,4,25640.7,10,2249.75,Debit Card
ORD_01714,2025-05-28,CUS_01714,Customer_150,Surat,Gujarat,Home & Kitchen,Cookware Set,2,6379.41,15,771.81,Net Banking
ORD_01715,2025-05-29,CUS_01715,Customer_079,Ahmedabad,Gujarat,Furniture,Bookshelf,2,8545.35,20,460.07,Credit Card
ORD_01716,2025-05-31,CUS_01716,Customer_101,Hyderabad,Telangana,Furniture,Sofa,4,69345.24,20,12155.62,Credit Card
ORD_01717,2025-05-31,CUS_01717,Customer_053,Nagpur,Maharashtra,Home & Kitchen,Mixer Grinder,5,21104.17,0,3392.3,UPI
ORD_01718,2025-06-02,CUS_01718,Customer_143,Nizamabad,Telangana,Home & Kitchen,Cookware Set,3,10890.92,0,2172.98,UPI
ORD_01719,2025-06-02,CUS_01719,Customer_023,Mangaluru,Karnataka,Home & Kitchen,Mixer Grinder,1,3606.75,15,500.12,Net Banking
ORD_01720,2025-06-02,CUS_01720,Customer_037,Kolkata,West Bengal,Furniture,Office Chair,3,19754.35,5,2158.39,UPI
ORD_01721,2025-06-02,CUS_01721,Customer_061,Bengaluru,Karnataka,Home & Kitchen,Mixer Grinder,5,21809.64,10,4039.69,Cash on Delivery
ORD_01722,2025-06-03,CUS_01722,Customer_014,Howrah,West Bengal,Clothing,Jacket,3,10256.03,0,1377.27,UPI
ORD_01723,2025-06-05,CUS_01723,Customer_073,Durgapur,West Bengal,Home & Kitchen,Air Fryer,1,6364.16,0,499.27,Debit Card
ORD_01724,2025-06-09,CUS_01724,Customer_059,Chennai,Tamil Nadu,Electronics,Headphones,3,5851.34,20,1102.9,UPI
ORD_01725,2025-06-09,CUS_01725,Customer_127,Nagpur,Maharashtra,Electronics,Laptop,4,187022.26,10,22343.3,Debit Card
ORD_01726,2025-06-09,CUS_01726,Customer_138,Vadodara,Gujarat,Electronics,Headphones,5,12504.97,10,2823.8,Debit Card
ORD_01727,2025-06-09,CUS_01727,Customer_128,Mumbai,Maharashtra,Home & Kitchen,Mixer Grinder,5,19213.57,5,1062.55,Debit Card
ORD_01728,2025-06-10,CUS_01728,Customer_108,Surat,Gujarat,Furniture,Office Chair,3,15115.38,20,2210.88,UPI
ORD_01729,2025-06-10,CUS_01729,Customer_003,Jaipur,Rajasthan,Furniture,Study Table,5,38320.04,15,4373.41,Credit Card
ORD_01730,2025-06-10,CUS_01730,Customer_032,Delhi,Delhi,Furniture,Office Chair,4,27586.21,5,5726.36,Net Banking
ORD_01731,2025-06-10,CUS_01731,Customer_021,Madurai,Tamil Nadu,Furniture,Office Chair,2,14185.78,5,1225.15,Cash on Delivery
ORD_01732,2025-06-10,CUS_01732,Customer_054,Surat,Gujarat,Furniture,Office Chair,2,10142.99,15,974.24,Credit Card
ORD_01733,2025-06-11,CUS_01733,Customer_115,Ahmedabad,Gujarat,Furniture,Bookshelf,2,12705.29,5,1535.49,UPI
ORD_01734,2025-06-11,CUS_01734,Customer_119,Howrah,West Bengal,Electronics,Laptop,3,157811.66,5,10316.53,Credit Card
ORD_01735,2025-06-12,CUS_01735,Customer_091,Madurai,Tamil Nadu,Electronics,Headphones,3,7780.5,5,397.92,Net Banking
ORD_01736,2025-06-12,CUS_01736,Customer_015,Coimbatore,Tamil Nadu,Clothing,Jacket,5,13929.92,10,851.41,Cash on Delivery
ORD_01737,2025-06-14,CUS_01737,Customer_019,Madurai,Tamil Nadu,Electronics,Laptop,3,183825.58,0,38328.42,Net Banking
ORD_01738,2025-06-14,CUS_01738,Customer_017,Mysuru,Karnataka,Furniture,Sofa,5,120396.8,0,12618.91,UPI
ORD_01739,2025-06-16,CUS_01739,Customer_047,Noida,Delhi,Furniture,Sofa,1,18579.14,20,1196.91,Cash on Delivery
ORD_01740,2025-06-16,CUS_01740,Customer_073,Madurai,Tamil Nadu,Home & Kitchen,Bedsheet,1,1088.56,10,202.54,Credit Card
ORD_01741,2025-06-17,CUS_01741,Customer_121,Surat,Gujarat,Electronics,Headphones,4,8141.55,20,1737.62,Debit Card
ORD_01742,2025-06-19,CUS_01742,Customer_037,Pune,Maharashtra,Clothing,T-Shirt,5,3372.38,20,732.13,Cash on Delivery
ORD_01743,2025-06-21,CUS_01743,Customer_108,Delhi,Delhi,Electronics,Headphones,2,4445.57,10,950.55,Debit Card
ORD_01744,2025-06-22,CUS_01744,Customer_082,Jodhpur,Rajasthan,Home & Kitchen,Air Fryer,5,23778.57,20,5156.64,Cash on Delivery
ORD_01745,2025-06-23,CUS_01745,Customer_032,Gurugram,Delhi,Furniture,Sofa,2,38667.18,15,3794.74,UPI
ORD_01746,2025-06-24,CUS_01746,Customer_120,Vadodara,Gujarat,Electronics,Laptop,2,75916.5,20,9681.61,Net Banking
ORD_01747,2025-06-24,CUS_01747,Customer_107,Nizamabad,Telangana,Home & Kitchen,Mixer Grinder,1,3442.93,15,433.37,Net Banking
ORD_01748,2025-06-24,CUS_01748,Customer_069,Nizamabad,Telangana,Home & Kitchen,Bedsheet,2,2754.0,10,481.32,UPI
ORD_01749,2025-06-25,CUS_01749,Customer_089,Noida,Delhi,Furniture,Sofa,2,50592.26,0,11296.63,Net Banking
ORD_01750,2025-06-25,CUS_01750,Customer_038,Jaipur,Rajasthan,Furniture,Study Table,2,19339.23,0,3197.56,Debit Card
ORD_01751,2025-06-25,CUS_01751,Customer_115,Jodhpur,Rajasthan,Electronics,Smartphone,2,37754.26,20,7407.56,Credit Card
ORD_01752,2025-06-26,CUS_01752,Customer_076,Warangal,Telangana,Home & Kitchen,Mixer Grinder,1,4397.06,10,1045.53,Debit Card
ORD_01753,2025-06-26,CUS_01753,Customer_019,Bengaluru,Karnataka,Furniture,Office Chair,1,7011.03,0,799.33,Cash on Delivery
ORD_01754,2025-06-29,CUS_01754,Customer_025,Jodhpur,Rajasthan,Clothing,Jeans,3,4790.33,10,270.99,Net Banking
ORD_01755,2025-06-30,CUS_01755,Customer_027,Ahmedabad,Gujarat,Home & Kitchen,Air Fryer,4,24184.57,0,3730.69,Credit Card
ORD_01756,2025-06-30,CUS_01756,Customer_011,Madurai,Tamil Nadu,Furniture,Office Chair,2,13912.39,10,2304.72,Cash on Delivery
ORD_01757,2025-06-30,CUS_01757,Customer_093,Bengaluru,Karnataka,Clothing,Jacket,2,6364.96,5,1581.62,Debit Card
ORD_01758,2025-06-30,CUS_01758,Customer_034,Nizamabad,Telangana,Electronics,Smartwatch,2,10280.63,5,2209.9,Cash on Delivery
ORD_01759,2025-07-01,CUS_01759,Customer_027,Madurai,Tamil Nadu,Furniture,Bookshelf,2,10100.66,20,777.91,Credit Card
ORD_01760,2025-07-01,CUS_01760,Customer_041,Coimbatore,Tamil Nadu,Clothing,Jacket,2,7859.72,0,404.04,Cash on Delivery
ORD_01761,2025-07-02,CUS_01761,Customer_094,Ahmedabad,Gujarat,Home & Kitchen,Cookware Set,2,6320.71,15,969.94,UPI
ORD_01762,2025-07-02,CUS_01762,Customer_146,Ahmedabad,Gujarat,Electronics,Smartwatch,4,17042.84,5,2005.15,UPI
ORD_01763,2025-07-03,CUS_01763,Customer_147,Durgapur,West Bengal,Furniture,Bookshelf,3,16866.28,10,2905.94,Cash on Delivery
ORD_01764,2025-07-03,CUS_01764,Customer_104,Mumbai,Maharashtra,Electronics,Smartwatch,4,21793.62,5,2301.97,Debit Card
ORD_01765,2025-07-03,CUS_01765,Customer_097,Udaipur,Rajasthan,Furniture,Bookshelf,3,13696.6,15,2692.21,Debit Card
ORD_01766,2025-07-03,CUS_01766,Customer_137,Chennai,Tamil Nadu,Furniture,Study Table,1,9667.02,5,2278.77,Cash on Delivery
ORD_01767,2025-07-05,CUS_01767,Customer_080,Kolkata,West Bengal,Clothing,Jacket,4,12638.21,10,795.84,Cash on Delivery
ORD_01768,2025-07-06,CUS_01768,Customer_056,Durgapur,West Bengal,Clothing,T-Shirt,4,2946.99,5,609.3,Net Banking
ORD_01769,2025-07-07,CUS_01769,Customer_122,Gurugram,Delhi,Clothing,Jeans,1,1716.38,15,89.23,Credit Card
ORD_01770,2025-07-07,CUS_01770,Customer_003,Pune,Maharashtra,Furniture,Sofa,4,76992.85,10,9220.98,Net Banking
ORD_01771,2025-07-07,CUS_01771,Customer_004,Warangal,Telangana,Clothing,Jeans,5,7552.17,20,421.52,UPI
ORD_01772,2025-07-08,CUS_01772,Customer_032,Coimbatore,Tamil Nadu,Home & Kitchen,Cookware Set,1,3459.23,0,521.65,Credit Card
ORD_01773,2025-07-09,CUS_01773,Customer_015,Pune,Maharashtra,Electronics,Smartwatch,1,4218.16,10,548.24,Debit Card
ORD_01774,2025-07-10,CUS_01774,Customer_143,Nizamabad,Telangana,Clothing,Sneakers,3,8889.26,0,827.64,Net Banking
ORD_01775,2025-07-10,CUS_01775,Customer_100,Hyderabad,Telangana,Clothing,Jacket,1,2660.57,20,504.16,Debit Card
ORD_01776,2025-07-10,CUS_01776,Customer_116,Delhi,Delhi,Home & Kitchen,Mixer Grinder,1,4114.11,10,1012.34,Net Banking
ORD_01777,2025-07-11,CUS_01777,Customer_101,Bengaluru,Karnataka,Home & Kitchen,Bedsheet,1,1527.46,0,243.77,Debit Card
ORD_01778,2025-07-11,CUS_01778,Customer_061,Madurai,Tamil Nadu,Furniture,Sofa,3,61023.22,5,7039.57,Net Banking
ORD_01779,2025-07-12,CUS_01779,Customer_012,Howrah,West Bengal,Home & Kitchen,Bedsheet,4,4386.57,10,365.29,Credit Card
ORD_01780,2025-07-12,CUS_01780,Customer_053,Gurugram,Delhi,Electronics,Laptop,2,116904.4,5,17718.15,UPI
ORD_01781,2025-07-14,CUS_01781,Customer_130,Bengaluru,Karnataka,Home & Kitchen,Cookware Set,2,6289.85,20,744.49,Cash on Delivery
ORD_01782,2025-07-14,CUS_01782,Customer_015,Hyderabad,Telangana,Home & Kitchen,Air Fryer,4,24355.02,10,1553.89,Debit Card
ORD_01783,2025-07-15,CUS_01783,Customer_041,Hyderabad,Telangana,Furniture,Bookshelf,5,25357.63,10,4971.34,Debit Card
ORD_01784,2025-07-15,CUS_01784,Customer_007,Bengaluru,Karnataka,Furniture,Sofa,4,88325.2,5,7363.85,Net Banking
ORD_01785,2025-07-16,CUS_01785,Customer_114,Mangaluru,Karnataka,Furniture,Office Chair,1,6222.47,5,702.92,Net Banking
ORD_01786,2025-07-16,CUS_01786,Customer_147,Nagpur,Maharashtra,Furniture,Bookshelf,4,21287.0,10,2683.95,Debit Card
ORD_01787,2025-07-16,CUS_01787,Customer_068,Delhi,Delhi,Electronics,Smartphone,1,21435.96,5,3985.16,Debit Card
ORD_01788,2025-07-17,CUS_01788,Customer_096,Jaipur,Rajasthan,Clothing,Sneakers,1,3005.47,5,569.36,UPI
ORD_01789,2025-07-17,CUS_01789,Customer_118,Jaipur,Rajasthan,Clothing,Sneakers,3,7188.17,20,1450.62,UPI
ORD_01790,2025-07-17,CUS_01790,Customer_134,Surat,Gujarat,Electronics,Headphones,1,2061.01,20,231.58,Debit Card
ORD_01791,2025-07-20,CUS_01791,Customer_073,Mangaluru,Karnataka,Home & Kitchen,Air Fryer,1,5194.33,20,420.4,UPI
ORD_01792,2025-07-20,CUS_01792,Customer_135,Gurugram,Delhi,Clothing,T-Shirt,3,2237.23,5,163.71,Cash on Delivery
ORD_01793,2025-07-21,CUS_01793,Customer_028,Jaipur,Rajasthan,Furniture,Study Table,3,26167.03,0,5167.49,UPI
ORD_01794,2025-07-21,CUS_01794,Customer_023,Bengaluru,Karnataka,Home & Kitchen,Bedsheet,1,1233.91,10,293.31,Debit Card
ORD_01795,2025-07-22,CUS_01795,Customer_079,Madurai,Tamil Nadu,Home & Kitchen,Air Fryer,1,5833.76,10,1249.43,Credit Card
ORD_01796,2025-07-25,CUS_01796,Customer_071,Mysuru,Karnataka,Clothing,Jacket,2,6305.78,15,338.0,UPI
ORD_01797,2025-07-26,CUS_01797,Customer_043,Jaipur,Rajasthan,Electronics,Smartphone,2,42787.17,0,7356.8,Cash on Delivery
ORD_01798,2025-07-27,CUS_01798,Customer_031,Gurugram,Delhi,Clothing,Jeans,3,4253.02,20,1039.04,Credit Card
ORD_01799,2025-07-28,CUS_01799,Customer_038,Delhi,Delhi,Clothing,T-Shirt,1,857.85,5,165.57,Credit Card
ORD_01800,2025-07-29,CUS_01800,Customer_013,Mangaluru,Karnataka,Home & Kitchen,Cookware Set,3,8576.42,15,1902.18,Net Banking
ORD_01801,2025-07-29,CUS_01801,Customer_104,Mysuru,Karnataka,Furniture,Sofa,2,42418.52,15,9856.81,UPI
ORD_01802,2025-07-30,CUS_01802,Customer_099,Chennai,Tamil Nadu,Furniture,Study Table,5,43020.26,5,8677.2,Cash on Delivery
ORD_01803,2025-08-02,CUS_01803,Customer_104,Surat,Gujarat,Furniture,Bookshelf,1,5307.99,15,704.72,Credit Card
ORD_01804,2025-08-02,CUS_01804,Customer_063,Surat,Gujarat,Clothing,T-Shirt,4,3327.34,0,299.81,Net Banking
ORD_01805,2025-08-02,CUS_01805,Customer_116,Ahmedabad,Gujarat,Furniture,Study Table,3,25721.07,0,5726.21,Net Banking
ORD_01806,2025-08-03,CUS_01806,Customer_144,Durgapur,West Bengal,Clothing,Sneakers,1,2137.16,20,174.68,Debit Card
ORD_01807,2025-08-03,CUS_01807,Customer_141,Delhi,Delhi,Home & Kitchen,Cookware Set,4,14147.29,0,1555.06,Debit Card
ORD_01808,2025-08-03,CUS_01808,Customer_035,Noida,Delhi,Clothing,Sneakers,5,11581.75,5,669.34,UPI
ORD_01809,2025-08-03,CUS_01809,Customer_136,Coimbatore,Tamil Nadu,Home & Kitchen,Cookware Set,2,6325.05,15,1408.46,Debit Card
ORD_01810,2025-08-06,CUS_01810,Customer_057,Hyderabad,Telangana,Clothing,Jeans,5,9398.1,5,558.14,UPI
ORD_01811,2025-08-06,CUS_01811,Customer_081,Delhi,Delhi,Clothing,Jeans,4,6916.13,10,605.74,Credit Card
ORD_01812,2025-08-06,CUS_01812,Customer_068,Ahmedabad,Gujarat,Clothing,T-Shirt,1,653.88,15,139.76,Credit Card
ORD_01813,2025-08-07,CUS_01813,Customer_039,Gurugram,Delhi,Home & Kitchen,Cookware Set,4,13497.93,5,2304.47,Net Banking
ORD_01814,2025-08-08,CUS_01814,Customer_028,Hyderabad,Telangana,Home & Kitchen,Cookware Set,4,13885.92,5,1331.37,Net Banking
ORD_01815,2025-08-08,CUS_01815,Customer_086,Chennai,Tamil Nadu,Clothing,Sneakers,1,2706.02,15,159.44,Debit Card
ORD_01816,2025-08-08,CUS_01816,Customer_125,Gurugram,Delhi,Furniture,Bookshelf,4,20905.74,5,4346.27,Credit Card
ORD_01817,2025-08-09,CUS_01817,Customer_062,Howrah,West Bengal,Home & Kitchen,Cookware Set,5,15814.69,5,1402.56,Cash on Delivery
ORD_01818,2025-08-11,CUS_01818,Customer_036,Vadodara,Gujarat,Furniture,Study Table,1,7079.97,10,379.83,Credit Card
ORD_01819,2025-08-11,CUS_01819,Customer_102,Jaipur,Rajasthan,Clothing,T-Shirt,5,4563.8,5,379.67,Debit Card
ORD_01820,2025-08-12,CUS_01820,Customer_130,Hyderabad,Telangana,Clothing,Jacket,4,14199.14,0,1471.53,Credit Card
ORD_01821,2025-08-12,CUS_01821,Customer_039,Howrah,West Bengal,Clothing,Jacket,2,6134.18,20,929.29,Net Banking
ORD_01822,2025-08-16,CUS_01822,Customer_110,Durgapur,West Bengal,Home & Kitchen,Air Fryer,1,5912.14,20,753.91,Debit Card
ORD_01823,2025-08-17,CUS_01823,Customer_014,Jaipur,Rajasthan,Home & Kitchen,Air Fryer,5,27970.92,10,3715.26,Net Banking
ORD_01824,2025-08-17,CUS_01824,Customer_128,Jodhpur,Rajasthan,Clothing,Jacket,5,13062.14,15,2315.37,Credit Card
ORD_01825,2025-08-17,CUS_01825,Customer_090,Pune,Maharashtra,Furniture,Bookshelf,1,5236.09,10,721.5,Credit Card
ORD_01826,2025-08-21,CUS_01826,Customer_118,Ahmedabad,Gujarat,Home & Kitchen,Bedsheet,1,1385.32,0,203.67,Net Banking
ORD_01827,2025-08-21,CUS_01827,Customer_070,Pune,Maharashtra,Clothing,Jeans,3,5685.16,0,1048.41,Debit Card
ORD_01828,2025-08-22,CUS_01828,Customer_107,Howrah,West Bengal,Home & Kitchen,Bedsheet,3,3392.17,20,430.27,Debit Card
ORD_01829,2025-08-22,CUS_01829,Customer_123,Howrah,West Bengal,Furniture,Office Chair,5,34116.27,15,8509.84,Net Banking
ORD_01830,2025-08-24,CUS_01830,Customer_040,Nizamabad,Telangana,Electronics,Smartwatch,3,17183.87,0,4185.17,Debit Card
ORD_01831,2025-08-25,CUS_01831,Customer_131,Jaipur,Rajasthan,Electronics,Smartwatch,3,11377.68,15,945.04,Credit Card
ORD_01832,2025-08-25,CUS_01832,Customer_040,Pune,Maharashtra,Home & Kitchen,Air Fryer,1,6470.32,0,671.2,UPI
ORD_01833,2025-08-25,CUS_01833,Customer_073,Delhi,Delhi,Home & Kitchen,Air Fryer,1,5923.69,10,1430.67,Credit Card
ORD_01834,2025-08-25,CUS_01834,Customer_035,Coimbatore,Tamil Nadu,Electronics,Laptop,5,245493.12,10,21902.78,Cash on Delivery
ORD_01835,2025-08-26,CUS_01835,Customer_054,Delhi,Delhi,Furniture,Office Chair,4,28893.52,0,4948.03,Net Banking
ORD_01836,2025-08-27,CUS_01836,Customer_001,Howrah,West Bengal,Clothing,Jacket,1,3697.92,0,313.06,Credit Card
ORD_01837,2025-08-27,CUS_01837,Customer_036,Hyderabad,Telangana,Clothing,Jacket,3,9532.25,20,1398.87,Cash on Delivery
ORD_01838,2025-08-27,CUS_01838,Customer_045,Warangal,Telangana,Furniture,Office Chair,4,28080.16,10,2590.29,Debit Card
ORD_01839,2025-08-27,CUS_01839,Customer_038,Nagpur,Maharashtra,Furniture,Bookshelf,2,13650.59,0,1424.97,Debit Card
ORD_01840,2025-08-29,CUS_01840,Customer_102,Ahmedabad,Gujarat,Electronics,Smartwatch,4,18713.66,10,3776.44,UPI
ORD_01841,2025-08-29,CUS_01841,Customer_020,Noida,Delhi,Clothing,Sneakers,5,12142.94,0,1865.79,Net Banking
ORD_01842,2025-08-30,CUS_01842,Customer_030,Howrah,West Bengal,Furniture,Bookshelf,5,29469.7,5,1961.2,Debit Card
ORD_01843,2025-09-03,CUS_01843,Customer_150,Gurugram,Delhi,Home & Kitchen,Mixer Grinder,2,7723.19,15,1181.54,UPI
ORD_01844,2025-09-05,CUS_01844,Customer_009,Ahmedabad,Gujarat,Clothing,T-Shirt,5,3579.36,20,179.29,Debit Card
ORD_01845,2025-09-07,CUS_01845,Customer_138,Noida,Delhi,Furniture,Office Chair,2,11589.26,20,2634.66,Debit Card
ORD_01846,2025-09-08,CUS_01846,Customer_011,Howrah,West Bengal,Home & Kitchen,Cookware Set,3,10121.19,15,1279.83,Credit Card
ORD_01847,2025-09-11,CUS_01847,Customer_084,Coimbatore,Tamil Nadu,Home & Kitchen,Mixer Grinder,4,13391.2,15,3076.1,Debit Card
ORD_01848,2025-09-15,CUS_01848,Customer_085,Jaipur,Rajasthan,Home & Kitchen,Bedsheet,1,1566.05,0,89.27,Net Banking
ORD_01849,2025-09-17,CUS_01849,Customer_052,Mysuru,Karnataka,Clothing,Sneakers,3,8946.52,5,746.2,Debit Card
ORD_01850,2025-09-19,CUS_01850,Customer_033,Warangal,Telangana,Electronics,Headphones,2,4851.63,5,770.22,Debit Card
ORD_01851,2025-09-19,CUS_01851,Customer_055,Nagpur,Maharashtra,Electronics,Laptop,1,44022.48,15,4663.77,Debit Card
ORD_01852,2025-09-20,CUS_01852,Customer_084,Nagpur,Maharashtra,Electronics,Headphones,1,2422.96,5,565.88,UPI
ORD_01853,2025-09-20,CUS_01853,Customer_130,Udaipur,Rajasthan,Home & Kitchen,Cookware Set,2,5339.45,15,862.66,Debit Card
ORD_01854,2025-09-21,CUS_01854,Customer_045,Hyderabad,Telangana,Furniture,Bookshelf,3,14894.51,10,1526.22,Cash on Delivery
ORD_01855,2025-09-22,CUS_01855,Customer_030,Mangaluru,Karnataka,Electronics,Smartwatch,3,13341.91,20,2109.89,UPI
ORD_01856,2025-09-23,CUS_01856,Customer_071,Coimbatore,Tamil Nadu,Electronics,Laptop,2,116750.3,0,10611.21,Credit Card
ORD_01857,2025-09-23,CUS_01857,Customer_032,Mumbai,Maharashtra,Home & Kitchen,Air Fryer,3,17882.29,20,3290.05,UPI
ORD_01858,2025-09-24,CUS_01858,Customer_149,Coimbatore,Tamil Nadu,Clothing,T-Shirt,3,2131.36,10,211.15,Debit Card
ORD_01859,2025-09-24,CUS_01859,Customer_136,Vadodara,Gujarat,Clothing,Jeans,3,5715.87,0,1374.84,Debit Card
ORD_01860,2025-09-24,CUS_01860,Customer_013,Howrah,West Bengal,Home & Kitchen,Cookware Set,5,16832.71,5,1874.84,Debit Card
ORD_01861,2025-09-24,CUS_01861,Customer_130,Madurai,Tamil Nadu,Clothing,Jacket,3,10167.84,5,1443.43,Credit Card
ORD_01862,2025-09-26,CUS_01862,Customer_082,Jaipur,Rajasthan,Furniture,Bookshelf,5,25940.03,20,4970.74,Debit Card
ORD_01863,2025-09-26,CUS_01863,Customer_058,Pune,Maharashtra,Clothing,T-Shirt,3,2569.87,5,597.72,Cash on Delivery
ORD_01864,2025-09-26,CUS_01864,Customer_110,Vadodara,Gujarat,Furniture,Office Chair,1,6001.27,15,855.92,Debit Card
ORD_01865,2025-09-30,CUS_01865,Customer_129,Jodhpur,Rajasthan,Furniture,Office Chair,4,26962.85,0,2168.08,Credit Card
ORD_01866,2025-09-30,CUS_01866,Customer_103,Mangaluru,Karnataka,Electronics,Smartphone,4,104819.66,5,16193.27,Debit Card
ORD_01867,2025-09-30,CUS_01867,Customer_092,Madurai,Tamil Nadu,Clothing,Sneakers,5,12648.11,10,655.31,Debit Card
ORD_01868,2025-10-04,CUS_01868,Customer_150,Pune,Maharashtra,Clothing,Sneakers,3,7700.81,20,1823.08,Cash on Delivery
ORD_01869,2025-10-04,CUS_01869,Customer_126,Warangal,Telangana,Electronics,Smartphone,3,79202.53,5,6089.65,Cash on Delivery
ORD_01870,2025-10-04,CUS_01870,Customer_051,Ahmedabad,Gujarat,Clothing,Sneakers,3,8016.48,5,1365.9,Net Banking
ORD_01871,2025-10-05,CUS_01871,Customer_069,Warangal,Telangana,Furniture,Sofa,1,18445.84,20,3276.98,Net Banking
ORD_01872,2025-10-06,CUS_01872,Customer_013,Gurugram,Delhi,Home & Kitchen,Bedsheet,2,2072.01,20,202.48,UPI
ORD_01873,2025-10-07,CUS_01873,Customer_029,Delhi,Delhi,Home & Kitchen,Cookware Set,3,9118.88,20,640.83,Credit Card
ORD_01874,2025-10-07,CUS_01874,Customer_038,Howrah,West Bengal,Home & Kitchen,Cookware Set,4,11015.63,10,1084.29,Net Banking
ORD_01875,2025-10-08,CUS_01875,Customer_064,Delhi,Delhi,Clothing,Jacket,1,3146.19,5,291.4,Cash on Delivery
ORD_01876,2025-10-09,CUS_01876,Customer_117,Gurugram,Delhi,Electronics,Smartwatch,3,12575.49,15,1297.84,Cash on Delivery
ORD_01877,2025-10-09,CUS_01877,Customer_008,Mumbai,Maharashtra,Home & Kitchen,Air Fryer,1,6364.91,10,1588.45,UPI
ORD_01878,2025-10-10,CUS_01878,Customer_129,Coimbatore,Tamil Nadu,Furniture,Bookshelf,2,10639.52,0,1208.66,UPI
ORD_01879,2025-10-10,CUS_01879,Customer_137,Noida,Delhi,Furniture,Sofa,1,15493.93,20,1464.41,Credit Card
ORD_01880,2025-10-11,CUS_01880,Customer_134,Nizamabad,Telangana,Clothing,Jacket,4,12643.78,20,1379.77,Cash on Delivery
ORD_01881,2025-10-11,CUS_01881,Customer_025,Vadodara,Gujarat,Home & Kitchen,Mixer Grinder,3,12412.4,15,2361.18,UPI
ORD_01882,2025-10-11,CUS_01882,Customer_038,Jodhpur,Rajasthan,Electronics,Laptop,1,50314.85,0,9853.39,Net Banking
ORD_01883,2025-10-15,CUS_01883,Customer_113,Ahmedabad,Gujarat,Furniture,Office Chair,3,16643.69,15,1593.28,Credit Card
ORD_01884,2025-10-16,CUS_01884,Customer_068,Warangal,Telangana,Electronics,Headphones,1,2022.36,5,297.53,Net Banking
ORD_01885,2025-10-17,CUS_01885,Customer_044,Pune,Maharashtra,Electronics,Smartwatch,3,13653.53,5,778.09,Net Banking
ORD_01886,2025-10-17,CUS_01886,Customer_019,Madurai,Tamil Nadu,Electronics,Smartwatch,3,12291.28,15,2911.65,Net Banking
ORD_01887,2025-10-18,CUS_01887,Customer_048,Kolkata,West Bengal,Clothing,Sneakers,3,7243.45,10,950.36,Credit Card
ORD_01888,2025-10-19,CUS_01888,Customer_120,Mangaluru,Karnataka,Clothing,Sneakers,4,9856.59,10,2081.02,Net Banking
ORD_01889,2025-10-19,CUS_01889,Customer_049,Vadodara,Gujarat,Home & Kitchen,Bedsheet,4,6270.15,0,1537.43,Cash on Delivery
ORD_01890,2025-10-20,CUS_01890,Customer_048,Pune,Maharashtra,Furniture,Sofa,5,120354.29,0,15169.35,Cash on Delivery
ORD_01891,2025-10-20,CUS_01891,Customer_066,Warangal,Telangana,Home & Kitchen,Cookware Set,3,10391.05,5,1354.76,UPI
ORD_01892,2025-10-20,CUS_01892,Customer_133,Gurugram,Delhi,Home & Kitchen,Bedsheet,3,4032.8,15,942.67,Credit Card
ORD_01893,2025-10-21,CUS_01893,Customer_075,Mumbai,Maharashtra,Electronics,Smartphone,1,18790.95,15,2959.18,Credit Card
ORD_01894,2025-10-24,CUS_01894,Customer_081,Udaipur,Rajasthan,Furniture,Bookshelf,3,17495.65,15,2009.71,Debit Card
ORD_01895,2025-10-24,CUS_01895,Customer_127,Udaipur,Rajasthan,Clothing,Sneakers,4,10951.14,5,1600.85,Cash on Delivery
ORD_01896,2025-10-26,CUS_01896,Customer_107,Pune,Maharashtra,Home & Kitchen,Bedsheet,3,3593.98,20,858.03,Net Banking
ORD_01897,2025-10-29,CUS_01897,Customer_011,Howrah,West Bengal,Furniture,Sofa,2,39826.77,5,8597.12,Net Banking
ORD_01898,2025-10-29,CUS_01898,Customer_035,Surat,Gujarat,Furniture,Office Chair,1,7111.98,10,1693.62,Credit Card
ORD_01899,2025-10-29,CUS_01899,Customer_001,Gurugram,Delhi,Furniture,Office Chair,3,22489.6,0,5287.61,Net Banking
ORD_01900,2025-10-30,CUS_01900,Customer_045,Delhi,Delhi,Home & Kitchen,Cookware Set,3,10993.72,0,2250.36,Debit Card
ORD_01901,2025-10-30,CUS_01901,Customer_109,Hyderabad,Telangana,Electronics,Laptop,2,118373.36,5,26792.4,Cash on Delivery
ORD_01902,2025-10-30,CUS_01902,Customer_061,Jaipur,Rajasthan,Electronics,Smartwatch,1,4356.12,5,228.4,Net Banking
ORD_01903,2025-10-30,CUS_01903,Customer_086,Noida,Delhi,Home & Kitchen,Air Fryer,5,27529.6,10,6236.74,Cash on Delivery
ORD_01904,2025-10-31,CUS_01904,Customer_061,Mysuru,Karnataka,Home & Kitchen,Air Fryer,3,21224.65,0,3510.15,Debit Card
ORD_01905,2025-11-01,CUS_01905,Customer_126,Hyderabad,Telangana,Electronics,Headphones,4,9043.34,5,1620.25,UPI
ORD_01906,2025-11-01,CUS_01906,Customer_037,Kolkata,West Bengal,Home & Kitchen,Cookware Set,2,6566.33,0,849.7,UPI
ORD_01907,2025-11-01,CUS_01907,Customer_093,Durgapur,West Bengal,Electronics,Smartwatch,2,7750.81,20,977.25,UPI
ORD_01908,2025-11-02,CUS_01908,Customer_111,Udaipur,Rajasthan,Home & Kitchen,Mixer Grinder,3,11668.44,15,1991.08,Cash on Delivery
ORD_01909,2025-11-02,CUS_01909,Customer_058,Coimbatore,Tamil Nadu,Clothing,Jacket,4,12012.77,20,2424.34,Net Banking
ORD_01910,2025-11-03,CUS_01910,Customer_111,Noida,Delhi,Home & Kitchen,Bedsheet,3,3524.31,20,862.89,UPI
ORD_01911,2025-11-05,CUS_01911,Customer_010,Madurai,Tamil Nadu,Home & Kitchen,Cookware Set,5,14210.04,10,1011.49,Debit Card
ORD_01912,2025-11-05,CUS_01912,Customer_149,Howrah,West Bengal,Furniture,Sofa,1,18802.95,10,3163.69,UPI
ORD_01913,2025-11-06,CUS_01913,Customer_088,Surat,Gujarat,Furniture,Office Chair,1,5292.89,20,1130.39,UPI
ORD_01914,2025-11-06,CUS_01914,Customer_011,Hyderabad,Telangana,Electronics,Laptop,4,222172.4,10,51519.76,Net Banking
ORD_01915,2025-11-07,CUS_01915,Customer_099,Jaipur,Rajasthan,Furniture,Bookshelf,3,18373.04,0,2640.92,Cash on Delivery
ORD_01916,2025-11-07,CUS_01916,Customer_065,Vadodara,Gujarat,Home & Kitchen,Cookware Set,2,5078.4,15,553.59,Net Banking
ORD_01917,2025-11-07,CUS_01917,Customer_126,Chennai,Tamil Nadu,Furniture,Office Chair,5,29057.49,20,5031.96,Debit Card
ORD_01918,2025-11-07,CUS_01918,Customer_019,Madurai,Tamil Nadu,Furniture,Study Table,1,6593.29,20,905.91,Credit Card
ORD_01919,2025-11-07,CUS_01919,Customer_132,Mysuru,Karnataka,Home & Kitchen,Mixer Grinder,5,19878.38,15,4129.94,Cash on Delivery
ORD_01920,2025-11-09,CUS_01920,Customer_116,Mysuru,Karnataka,Home & Kitchen,Bedsheet,4,4305.5,15,945.43,UPI
ORD_01921,2025-11-09,CUS_01921,Customer_119,Durgapur,West Bengal,Home & Kitchen,Bedsheet,1,1367.51,15,127.51,Net Banking
ORD_01922,2025-11-09,CUS_01922,Customer_142,Madurai,Tamil Nadu,Home & Kitchen,Air Fryer,5,23914.34,15,4963.24,Net Banking
ORD_01923,2025-11-10,CUS_01923,Customer_078,Nagpur,Maharashtra,Home & Kitchen,Bedsheet,4,4865.14,10,1004.33,UPI
ORD_01924,2025-11-10,CUS_01924,Customer_106,Durgapur,West Bengal,Furniture,Sofa,1,19332.46,20,2229.97,UPI
ORD_01925,2025-11-10,CUS_01925,Customer_062,Noida,Delhi,Electronics,Headphones,2,3475.03,20,468.97,UPI
ORD_01926,2025-11-11,CUS_01926,Customer_130,Madurai,Tamil Nadu,Clothing,Jacket,2,5748.43,20,938.39,Debit Card
ORD_01927,2025-11-11,CUS_01927,Customer_010,Mumbai,Maharashtra,Furniture,Office Chair,2,13247.16,15,932.08,Debit Card
ORD_01928,2025-11-12,CUS_01928,Customer_013,Gurugram,Delhi,Furniture,Sofa,5,98120.59,5,20803.79,Credit Card
ORD_01929,2025-11-12,CUS_01929,Customer_014,Madurai,Tamil Nadu,Clothing,T-Shirt,4,3572.26,10,746.79,Debit Card
ORD_01930,2025-11-13,CUS_01930,Customer_124,Udaipur,Rajasthan,Home & Kitchen,Air Fryer,3,21438.5,0,2672.27,UPI
ORD_01931,2025-11-14,CUS_01931,Customer_084,Udaipur,Rajasthan,Home & Kitchen,Mixer Grinder,2,9666.29,5,1692.19,Debit Card
ORD_01932,2025-11-15,CUS_01932,Customer_049,Coimbatore,Tamil Nadu,Home & Kitchen,Cookware Set,2,6132.33,15,1318.51,Debit Card
ORD_01933,2025-11-16,CUS_01933,Customer_018,Howrah,West Bengal,Home & Kitchen,Bedsheet,3,4810.28,0,251.69,Credit Card
ORD_01934,2025-11-17,CUS_01934,Customer_084,Warangal,Telangana,Electronics,Headphones,2,4587.95,20,857.55,Net Banking
ORD_01935,2025-11-17,CUS_01935,Customer_012,Nizamabad,Telangana,Home & Kitchen,Mixer Grinder,5,19878.25,0,1745.86,Debit Card
ORD_01936,2025-11-18,CUS_01936,Customer_111,Jodhpur,Rajasthan,Home & Kitchen,Air Fryer,1,4848.85,15,686.62,Net Banking
ORD_01937,2025-11-18,CUS_01937,Customer_104,Mysuru,Karnataka,Furniture,Office Chair,4,22706.58,5,4697.63,Debit Card
ORD_01938,2025-11-19,CUS_01938,Customer_146,Ahmedabad,Gujarat,Electronics,Laptop,1,56743.61,10,9612.9,Credit Card
ORD_01939,2025-11-19,CUS_01939,Customer_012,Coimbatore,Tamil Nadu,Clothing,Sneakers,1,2488.44,10,532.84,UPI
ORD_01940,2025-11-20,CUS_01940,Customer_137,Warangal,Telangana,Furniture,Office Chair,5,25855.5,15,2431.58,Debit Card
ORD_01941,2025-11-20,CUS_01941,Customer_047,Udaipur,Rajasthan,Home & Kitchen,Mixer Grinder,4,13956.28,20,2204.7,Cash on Delivery
ORD_01942,2025-11-21,CUS_01942,Customer_059,Gurugram,Delhi,Electronics,Smartwatch,2,7756.23,10,1089.28,UPI
ORD_01943,2025-11-22,CUS_01943,Customer_054,Jaipur,Rajasthan,Electronics,Headphones,5,13495.8,0,2268.46,Net Banking
ORD_01944,2025-11-22,CUS_01944,Customer_086,Warangal,Telangana,Home & Kitchen,Cookware Set,3,8483.05,20,1199.26,Credit Card
ORD_01945,2025-11-22,CUS_01945,Customer_119,Madurai,Tamil Nadu,Furniture,Study Table,5,41863.93,15,5957.43,Cash on Delivery
ORD_01946,2025-11-23,CUS_01946,Customer_047,Nizamabad,Telangana,Electronics,Headphones,4,9698.7,10,763.9,Credit Card
ORD_01947,2025-11-23,CUS_01947,Customer_145,Mumbai,Maharashtra,Electronics,Laptop,3,135219.69,20,16784.61,UPI
ORD_01948,2025-11-26,CUS_01948,Customer_012,Noida,Delhi,Clothing,Jacket,1,3270.54,10,752.98,Cash on Delivery
ORD_01949,2025-11-26,CUS_01949,Customer_017,Surat,Gujarat,Furniture,Sofa,3,56096.11,10,13096.35,UPI
ORD_01950,2025-11-27,CUS_01950,Customer_051,Coimbatore,Tamil Nadu,Clothing,Jacket,1,3171.05,20,588.97,Net Banking
ORD_01951,2025-11-27,CUS_01951,Customer_116,Mangaluru,Karnataka,Clothing,Jeans,3,4874.54,15,696.32,Credit Card
ORD_01952,2025-11-28,CUS_01952,Customer_097,Mangaluru,Karnataka,Home & Kitchen,Cookware Set,3,8854.18,20,1183.63,UPI
ORD_01953,2025-11-29,CUS_01953,Customer_139,Delhi,Delhi,Clothing,Jacket,1,2705.54,10,159.55,Net Banking
ORD_01954,2025-11-30,CUS_01954,Customer_148,Chennai,Tamil Nadu,Electronics,Laptop,4,183991.28,15,29067.16,Credit Card
ORD_01955,2025-12-01,CUS_01955,Customer_066,Warangal,Telangana,Electronics,Headphones,1,1963.17,20,253.45,Credit Card
ORD_01956,2025-12-01,CUS_01956,Customer_060,Warangal,Telangana,Clothing,Jeans,2,3350.48,5,396.61,Net Banking
ORD_01957,2025-12-01,CUS_01957,Customer_037,Nagpur,Maharashtra,Clothing,Sneakers,2,5319.09,5,956.72,Cash on Delivery
ORD_01958,2025-12-01,CUS_01958,Customer_149,Gurugram,Delhi,Furniture,Sofa,5,113761.02,0,8825.24,UPI
ORD_01959,2025-12-02,CUS_01959,Customer_107,Madurai,Tamil Nadu,Clothing,Sneakers,2,5365.82,10,287.86,Net Banking
ORD_01960,2025-12-03,CUS_01960,Customer_065,Chennai,Tamil Nadu,Clothing,T-Shirt,1,769.04,20,184.12,Debit Card
ORD_01961,2025-12-03,CUS_01961,Customer_049,Hyderabad,Telangana,Electronics,Laptop,3,145815.02,15,13493.16,Cash on Delivery
ORD_01962,2025-12-03,CUS_01962,Customer_081,Udaipur,Rajasthan,Clothing,Sneakers,5,13901.23,0,860.41,UPI
ORD_01963,2025-12-04,CUS_01963,Customer_084,Mumbai,Maharashtra,Home & Kitchen,Mixer Grinder,3,9186.82,20,1983.59,Credit Card
ORD_01964,2025-12-07,CUS_01964,Customer_011,Kolkata,West Bengal,Clothing,Sneakers,1,2881.53,5,713.05,Credit Card
ORD_01965,2025-12-08,CUS_01965,Customer_058,Nagpur,Maharashtra,Clothing,Jeans,3,4275.42,20,931.13,UPI
ORD_01966,2025-12-08,CUS_01966,Customer_109,Delhi,Delhi,Home & Kitchen,Bedsheet,4,6406.58,0,1029.81,Net Banking
ORD_01967,2025-12-09,CUS_01967,Customer_079,Pune,Maharashtra,Home & Kitchen,Bedsheet,5,7298.64,5,928.9,Net Banking
ORD_01968,2025-12-11,CUS_01968,Customer_052,Ahmedabad,Gujarat,Clothing,Jacket,2,6512.81,5,391.22,Cash on Delivery
ORD_01969,2025-12-11,CUS_01969,Customer_059,Mangaluru,Karnataka,Furniture,Study Table,3,19444.47,20,1183.74,UPI
ORD_01970,2025-12-11,CUS_01970,Customer_147,Mumbai,Maharashtra,Furniture,Office Chair,3,17934.78,20,2924.55,Net Banking
ORD_01971,2025-12-12,CUS_01971,Customer_144,Hyderabad,Telangana,Clothing,Sneakers,1,2351.55,5,238.89,UPI
ORD_01972,2025-12-12,CUS_01972,Customer_132,Nizamabad,Telangana,Clothing,Jeans,4,6223.42,15,1440.41,Cash on Delivery
ORD_01973,2025-12-13,CUS_01973,Customer_079,Jodhpur,Rajasthan,Home & Kitchen,Bedsheet,2,2540.77,5,450.55,Debit Card
ORD_01974,2025-12-13,CUS_01974,Customer_140,Ahmedabad,Gujarat,Electronics,Laptop,2,103818.3,5,11881.29,Credit Card
ORD_01975,2025-12-14,CUS_01975,Customer_001,Kolkata,West Bengal,Furniture,Sofa,2,37744.68,20,8098.43,UPI
ORD_01976,2025-12-15,CUS_01976,Customer_070,Coimbatore,Tamil Nadu,Furniture,Study Table,3,29563.1,0,2369.29,Debit Card
ORD_01977,2025-12-16,CUS_01977,Customer_139,Jodhpur,Rajasthan,Furniture,Bookshelf,1,5883.91,0,1284.4,Debit Card
ORD_01978,2025-12-16,CUS_01978,Customer_056,Noida,Delhi,Furniture,Office Chair,3,18097.67,0,2646.41,Debit Card
ORD_01979,2025-12-16,CUS_01979,Customer_042,Surat,Gujarat,Home & Kitchen,Bedsheet,5,7998.22,0,1470.57,Net Banking
ORD_01980,2025-12-16,CUS_01980,Customer_005,Madurai,Tamil Nadu,Clothing,Jacket,3,8557.53,10,1133.24,Credit Card
ORD_01981,2025-12-17,CUS_01981,Customer_014,Coimbatore,Tamil Nadu,Electronics,Headphones,2,5142.06,5,663.48,Cash on Delivery
ORD_01982,2025-12-17,CUS_01982,Customer_007,Surat,Gujarat,Furniture,Office Chair,5,34092.27,0,5267.13,Cash on Delivery
ORD_01983,2025-12-18,CUS_01983,Customer_037,Kolkata,West Bengal,Clothing,T-Shirt,3,2304.66,5,416.34,UPI
ORD_01984,2025-12-18,CUS_01984,Customer_063,Howrah,West Bengal,Clothing,Jacket,3,10043.03,5,553.21,UPI
ORD_01985,2025-12-19,CUS_01985,Customer_074,Durgapur,West Bengal,Clothing,T-Shirt,4,3491.71,5,519.55,Net Banking
ORD_01986,2025-12-20,CUS_01986,Customer_106,Mumbai,Maharashtra,Home & Kitchen,Mixer Grinder,3,13942.65,10,1816.71,Debit Card
ORD_01987,2025-12-20,CUS_01987,Customer_111,Mangaluru,Karnataka,Home & Kitchen,Air Fryer,1,5325.53,20,739.23,Debit Card
ORD_01988,2025-12-20,CUS_01988,Customer_091,Durgapur,West Bengal,Furniture,Bookshelf,1,6006.25,10,973.54,Cash on Delivery
ORD_01989,2025-12-21,CUS_01989,Customer_137,Bengaluru,Karnataka,Electronics,Laptop,4,211588.9,15,20429.46,Cash on Delivery
ORD_01990,2025-12-22,CUS_01990,Customer_005,Bengaluru,Karnataka,Electronics,Smartwatch,5,19885.44,20,2816.52,Credit Card
ORD_01991,2025-12-25,CUS_01991,Customer_010,Howrah,West Bengal,Electronics,Smartwatch,1,4352.97,15,1074.38,Cash on Delivery
ORD_01992,2025-12-26,CUS_01992,Customer_005,Gurugram,Delhi,Home & Kitchen,Cookware Set,5,13953.69,10,1123.04,Cash on Delivery
ORD_01993,2025-12-26,CUS_01993,Customer_044,Udaipur,Rajasthan,Electronics,Headphones,3,6206.25,10,810.79,Net Banking
ORD_01994,2025-12-27,CUS_01994,Customer_066,Warangal,Telangana,Home & Kitchen,Cookware Set,5,15064.84,0,1438.26,Net Banking
ORD_01995,2025-12-27,CUS_01995,Customer_091,Coimbatore,Tamil Nadu,Home & Kitchen,Mixer Grinder,3,13410.68,5,1398.92,UPI
ORD_01996,2025-12-30,CUS_01996,Customer_139,Kolkata,West Bengal,Electronics,Smartwatch,2,7507.41,15,847.36,Cash on Delivery
ORD_01997,2025-12-30,CUS_01997,Customer_086,Chennai,Tamil Nadu,Electronics,Smartphone,1,20842.81,15,1957.18,UPI
ORD_01998,2025-12-31,CUS_01998,Customer_088,Vadodara,Gujarat,Electronics,Laptop,1,46228.35,5,8173.23,Debit Card
ORD_01999,2025-12-31,CUS_01999,Customer_113,Ahmedabad,Gujarat,Home & Kitchen,Cookware Set,4,14336.93,0,1018.67,Credit Card
ORD_02000,2025-12-31,CUS_02000,Customer_062,Madurai,Tamil Nadu,Electronics,Headphones,2,3769.62,15,502.22,UPI
ORD_02001,2025-01-02,CUS_02001,Customer_078,Jaipur,Rajasthan,Clothing,Jeans,4,7679.33,5,748.8,Net Banking
ORD_02002,2025-01-02,CUS_02002,Customer_132,Jaipur,Rajasthan,Home & Kitchen,Air Fryer,3,18610.35,15,1608.81,Credit Card
ORD_02003,2025-01-02,CUS_02003,Customer_016,Warangal,Telangana,Clothing,T-Shirt,3,2239.11,10,376.15,Credit Card
ORD_02004,2025-01-02,CUS_02004,Customer_117,Pune,Maharashtra,Furniture,Bookshelf,1,5272.24,15,444.82,Net Banking
ORD_02005,2025-01-02,CUS_02005,Customer_097,Hyderabad,Telangana,Electronics,Smartwatch,1,4340.4,15,826.82,UPI
ORD_02006,2025-01-03,CUS_02006,Customer_007,Madurai,Tamil Nadu,Furniture,Sofa,2,42539.95,10,4274.73,Debit Card
ORD_02007,2025-01-03,CUS_02007,Customer_009,Mysuru,Karnataka,Furniture,Bookshelf,3,15399.12,5,3108.6,Net Banking
ORD_02008,2025-01-04,CUS_02008,Customer_029,Bengaluru,Karnataka,Furniture,Bookshelf,3,15830.37,5,1294.73,UPI
ORD_02009,2025-01-06,CUS_02009,Customer_060,Vadodara,Gujarat,Furniture,Study Table,5,36825.9,20,4674.03,Net Banking
ORD_02010,2025-01-07,CUS_02010,Customer_055,Mangaluru,Karnataka,Furniture,Office Chair,2,10130.64,20,1199.07,Cash on Delivery
ORD_02011,2025-01-07,CUS_02011,Customer_072,Gurugram,Delhi,Home & Kitchen,Bedsheet,2,2800.79,10,420.97,Debit Card
ORD_02012,2025-01-07,CUS_02012,Customer_125,Nizamabad,Telangana,Furniture,Study Table,5,39843.39,10,3028.79,Net Banking
ORD_02013,2025-01-08,CUS_02013,Customer_053,Nagpur,Maharashtra,Home & Kitchen,Bedsheet,3,4789.92,0,1071.62,Debit Card
ORD_02014,2025-01-09,CUS_02014,Customer_148,Vadodara,Gujarat,Home & Kitchen,Mixer Grinder,3,11169.66,15,2060.54,Cash on Delivery
ORD_02015,2025-01-09,CUS_02015,Customer_123,Nagpur,Maharashtra,Furniture,Study Table,4,28556.4,10,2137.27,UPI
ORD_02016,2025-01-13,CUS_02016,Customer_125,Ahmedabad,Gujarat,Furniture,Sofa,4,82129.32,15,9942.9,Cash on Delivery
ORD_02017,2025-01-13,CUS_02017,Customer_084,Jaipur,Rajasthan,Clothing,T-Shirt,4,3786.59,0,380.66,Net Banking
ORD_02018,2025-01-15,CUS_02018,Customer_047,Noida,Delhi,Home & Kitchen,Bedsheet,1,1020.48,15,236.89,UPI
ORD_02019,2025-01-16,CUS_02019,Customer_039,Gurugram,Delhi,Clothing,Jeans,1,1557.28,10,389.18,Net Banking
ORD_02020,2025-01-16,CUS_02020,Customer_119,Nizamabad,Telangana,Electronics,Smartwatch,3,14212.74,15,2813.36,UPI
ORD_02021,2025-01-18,CUS_02021,Customer_019,Mangaluru,Karnataka,Furniture,Sofa,5,91299.37,20,13184.85,UPI
ORD_02022,2025-01-18,CUS_02022,Customer_091,Hyderabad,Telangana,Furniture,Office Chair,1,5138.27,15,1010.18,Net Banking
ORD_02023,2025-01-19,CUS_02023,Customer_044,Warangal,Telangana,Furniture,Sofa,1,19860.38,20,1882.69,Debit Card
ORD_02024,2025-01-20,CUS_02024,Customer_121,Pune,Maharashtra,Furniture,Sofa,1,18772.81,0,4535.79,Debit Card
ORD_02025,2025-01-20,CUS_02025,Customer_108,Ahmedabad,Gujarat,Clothing,Jeans,5,7947.89,20,947.29,Cash on Delivery
ORD_02026,2025-01-20,CUS_02026,Customer_132,Nizamabad,Telangana,Clothing,Jacket,3,10253.94,15,1303.02,Credit Card
ORD_02027,2025-01-21,CUS_02027,Customer_085,Mangaluru,Karnataka,Clothing,Jacket,2,6149.05,20,546.8,Cash on Delivery
ORD_02028,2025-01-22,CUS_02028,Customer_084,Bengaluru,Karnataka,Electronics,Headphones,5,11242.36,15,2450.72,Debit Card
ORD_02029,2025-01-22,CUS_02029,Customer_119,Nizamabad,Telangana,Clothing,T-Shirt,1,820.34,10,101.35,Net Banking
ORD_02030,2025-01-23,CUS_02030,Customer_104,Hyderabad,Telangana,Home & Kitchen,Bedsheet,1,1285.0,15,244.16,UPI
ORD_02031,2025-01-25,CUS_02031,Customer_010,Mysuru,Karnataka,Clothing,Jeans,3,4378.08,15,720.67,Credit Card
ORD_02032,2025-01-25,CUS_02032,Customer_112,Durgapur,West Bengal,Electronics,Headphones,4,10139.38,0,831.89,Credit Card
ORD_02033,2025-01-25,CUS_02033,Customer_046,Ahmedabad,Gujarat,Electronics,Smartwatch,5,23698.84,5,1834.71,Net Banking
ORD_02034,2025-01-26,CUS_02034,Customer_137,Chennai,Tamil Nadu,Furniture,Bookshelf,3,12251.16,20,2779.07,UPI
ORD_02035,2025-01-27,CUS_02035,Customer_005,Mysuru,Karnataka,Electronics,Headphones,4,8353.15,15,530.61,Net Banking
ORD_02036,2025-01-28,CUS_02036,Customer_103,Durgapur,West Bengal,Clothing,Sneakers,5,9681.91,20,1449.52,UPI
ORD_02037,2025-01-28,CUS_02037,Customer_149,Howrah,West Bengal,Electronics,Smartwatch,4,18216.85,15,4461.64,UPI
ORD_02038,2025-01-29,CUS_02038,Customer_123,Jaipur,Rajasthan,Electronics,Smartwatch,5,21936.15,0,2812.96,UPI
ORD_02039,2025-01-29,CUS_02039,Customer_046,Pune,Maharashtra,Furniture,Bookshelf,5,27234.39,10,1743.16,UPI
ORD_02040,2025-01-29,CUS_02040,Customer_002,Nizamabad,Telangana,Home & Kitchen,Cookware Set,3,8307.38,15,487.1,Net Banking
ORD_02041,2025-01-30,CUS_02041,Customer_022,Warangal,Telangana,Furniture,Study Table,4,26507.41,20,5587.54,Cash on Delivery
ORD_02042,2025-01-30,CUS_02042,Customer_122,Vadodara,Gujarat,Furniture,Sofa,3,57636.77,0,6412.82,Cash on Delivery
ORD_02043,2025-02-03,CUS_02043,Customer_069,Kolkata,West Bengal,Home & Kitchen,Cookware Set,1,2967.96,15,187.72,Net Banking
ORD_02044,2025-02-04,CUS_02044,Customer_012,Coimbatore,Tamil Nadu,Electronics,Laptop,1,50455.17,20,10980.58,Debit Card
ORD_02045,2025-02-05,CUS_02045,Customer_029,Chennai,Tamil Nadu,Home & Kitchen,Bedsheet,5,5178.81,20,818.09,Net Banking
ORD_02046,2025-02-05,CUS_02046,Customer_044,Jodhpur,Rajasthan,Furniture,Office Chair,3,19085.13,15,1183.82,Net Banking
ORD_02047,2025-02-06,CUS_02047,Customer_143,Nizamabad,Telangana,Furniture,Bookshelf,3,19284.5,0,3405.28,Net Banking
ORD_02048,2025-02-07,CUS_02048,Customer_102,Vadodara,Gujarat,Electronics,Headphones,3,6931.92,5,913.32,Net Banking
ORD_02049,2025-02-07,CUS_02049,Customer_124,Bengaluru,Karnataka,Furniture,Sofa,2,48085.61,0,7701.94,Debit Card
ORD_02050,2025-02-07,CUS_02050,Customer_076,Delhi,Delhi,Home & Kitchen,Bedsheet,2,2416.74,5,348.43,Debit Card
ORD_02051,2025-02-08,CUS_02051,Customer_085,Surat,Gujarat,Furniture,Sofa,5,103690.35,5,21015.22,Cash on Delivery
ORD_02052,2025-02-08,CUS_02052,Customer_019,Howrah,West Bengal,Home & Kitchen,Air Fryer,3,19009.18,10,1896.07,Debit Card
ORD_02053,2025-02-08,CUS_02053,Customer_108,Chennai,Tamil Nadu,Furniture,Bookshelf,5,28758.77,5,5606.62,UPI
ORD_02054,2025-02-08,CUS_02054,Customer_065,Warangal,Telangana,Furniture,Bookshelf,5,28209.8,15,2805.97,UPI
ORD_02055,2025-02-09,CUS_02055,Customer_018,Coimbatore,Tamil Nadu,Clothing,Jeans,3,4439.69,20,409.04,Net Banking
ORD_02056,2025-02-10,CUS_02056,Customer_034,Delhi,Delhi,Home & Kitchen,Cookware Set,3,11111.62,5,1098.58,Debit Card
ORD_02057,2025-02-10,CUS_02057,Customer_124,Noida,Delhi,Home & Kitchen,Mixer Grinder,5,16765.28,20,2805.67,Net Banking
ORD_02058,2025-02-11,CUS_02058,Customer_049,Vadodara,Gujarat,Clothing,Jeans,4,7561.12,5,1135.91,Credit Card
ORD_02059,2025-02-11,CUS_02059,Customer_021,Pune,Maharashtra,Home & Kitchen,Air Fryer,1,5377.97,20,763.08,Net Banking
ORD_02060,2025-02-12,CUS_02060,Customer_080,Kolkata,West Bengal,Electronics,Headphones,5,12807.61,10,3080.15,Credit Card
ORD_02061,2025-02-12,CUS_02061,Customer_087,Bengaluru,Karnataka,Home & Kitchen,Bedsheet,1,1100.94,20,63.42,UPI
ORD_02062,2025-02-12,CUS_02062,Customer_093,Kolkata,West Bengal,Clothing,Jeans,4,6008.94,15,1323.71,Credit Card
ORD_02063,2025-02-13,CUS_02063,Customer_131,Kolkata,West Bengal,Home & Kitchen,Cookware Set,4,14385.33,5,906.86,UPI
ORD_02064,2025-02-15,CUS_02064,Customer_060,Surat,Gujarat,Home & Kitchen,Air Fryer,3,18050.83,15,1019.97,UPI
ORD_02065,2025-02-15,CUS_02065,Customer_020,Jodhpur,Rajasthan,Electronics,Smartphone,3,60887.8,20,12715.94,Credit Card
ORD_02066,2025-02-15,CUS_02066,Customer_141,Gurugram,Delhi,Furniture,Bookshelf,1,4482.86,20,953.77,Debit Card
ORD_02067,2025-02-15,CUS_02067,Customer_090,Pune,Maharashtra,Electronics,Smartphone,5,101461.46,20,14423.33,Credit Card
ORD_02068,2025-02-15,CUS_02068,Customer_122,Warangal,Telangana,Home & Kitchen,Mixer Grinder,1,4267.66,5,993.86,Credit Card
ORD_02069,2025-02-16,CUS_02069,Customer_057,Udaipur,Rajasthan,Home & Kitchen,Air Fryer,3,18115.78,15,2128.02,UPI
ORD_02070,2025-02-16,CUS_02070,Customer_146,Warangal,Telangana,Electronics,Headphones,4,7849.25,10,1484.15,UPI
ORD_02071,2025-02-16,CUS_02071,Customer_069,Udaipur,Rajasthan,Home & Kitchen,Cookware Set,3,11312.22,0,1339.09,UPI
ORD_02072,2025-02-16,CUS_02072,Customer_111,Delhi,Delhi,Furniture,Study Table,4,32803.47,0,7009.25,UPI
ORD_02073,2025-02-18,CUS_02073,Customer_063,Durgapur,West Bengal,Furniture,Sofa,4,75777.93,10,4576.33,Net Banking
ORD_02074,2025-02-19,CUS_02074,Customer_020,Mysuru,Karnataka,Clothing,Jeans,2,3334.04,5,319.64,Credit Card
ORD_02075,2025-02-20,CUS_02075,Customer_106,Jodhpur,Rajasthan,Home & Kitchen,Mixer Grinder,1,4150.49,15,454.86,UPI
ORD_02076,2025-02-20,CUS_02076,Customer_059,Nizamabad,Telangana,Clothing,Sneakers,3,8059.22,15,1253.49,Net Banking
ORD_02077,2025-02-21,CUS_02077,Customer_054,Delhi,Delhi,Furniture,Bookshelf,1,6075.84,5,1015.72,Cash on Delivery
ORD_02078,2025-02-21,CUS_02078,Customer_128,Chennai,Tamil Nadu,Electronics,Headphones,4,8130.01,15,1951.3,Debit Card
ORD_02079,2025-02-22,CUS_02079,Customer_147,Ahmedabad,Gujarat,Clothing,T-Shirt,1,730.58,20,41.45,Debit Card
ORD_02080,2025-02-22,CUS_02080,Customer_108,Howrah,West Bengal,Electronics,Smartwatch,1,4263.49,15,784.51,Cash on Delivery
ORD_02081,2025-02-22,CUS_02081,Customer_142,Madurai,Tamil Nadu,Home & Kitchen,Mixer Grinder,4,17057.86,10,4062.76,Net Banking
ORD_02082,2025-02-22,CUS_02082,Customer_138,Chennai,Tamil Nadu,Home & Kitchen,Air Fryer,3,20476.17,0,1480.48,Cash on Delivery
ORD_02083,2025-02-23,CUS_02083,Customer_072,Warangal,Telangana,Clothing,T-Shirt,1,822.57,10,79.14,UPI
ORD_02084,2025-02-23,CUS_02084,Customer_012,Madurai,Tamil Nadu,Home & Kitchen,Air Fryer,2,11693.56,10,1801.19,Cash on Delivery
ORD_02085,2025-02-24,CUS_02085,Customer_072,Mysuru,Karnataka,Home & Kitchen,Bedsheet,4,5178.2,15,545.2,UPI
ORD_02086,2025-02-24,CUS_02086,Customer_121,Kolkata,West Bengal,Clothing,Jacket,1,2996.3,5,207.75,Cash on Delivery
ORD_02087,2025-02-25,CUS_02087,Customer_085,Warangal,Telangana,Furniture,Bookshelf,3,18369.71,0,1692.88,Credit Card
ORD_02088,2025-02-26,CUS_02088,Customer_030,Mangaluru,Karnataka,Furniture,Office Chair,5,31352.05,10,2042.27,Credit Card
ORD_02089,2025-02-27,CUS_02089,Customer_006,Jodhpur,Rajasthan,Electronics,Laptop,2,102936.15,5,8839.43,Net Banking
ORD_02090,2025-02-27,CUS_02090,Customer_054,Durgapur,West Bengal,Electronics,Smartwatch,3,13512.72,0,1742.31,Debit Card
ORD_02091,2025-02-28,CUS_02091,Customer_077,Durgapur,West Bengal,Clothing,Jeans,4,8268.89,0,2040.78,Cash on Delivery
ORD_02092,2025-02-28,CUS_02092,Customer_017,Jaipur,Rajasthan,Home & Kitchen,Bedsheet,4,4823.52,15,990.68,Credit Card
ORD_02093,2025-02-28,CUS_02093,Customer_073,Mumbai,Maharashtra,Electronics,Headphones,5,8856.13,20,1479.11,Credit Card
ORD_02094,2025-03-02,CUS_02094,Customer_135,Pune,Maharashtra,Clothing,Jeans,3,4448.1,20,490.22,Debit Card
ORD_02095,2025-03-02,CUS_02095,Customer_037,Howrah,West Bengal,Clothing,T-Shirt,1,740.13,15,69.31,Net Banking
ORD_02096,2025-03-05,CUS_02096,Customer_126,Nagpur,Maharashtra,Clothing,Jacket,5,15406.78,20,1708.93,Credit Card
ORD_02097,2025-03-06,CUS_02097,Customer_145,Warangal,Telangana,Furniture,Sofa,3,47737.86,15,7044.53,Credit Card
ORD_02098,2025-03-06,CUS_02098,Customer_121,Hyderabad,Telangana,Furniture,Office Chair,4,24018.88,20,5672.72,Debit Card
ORD_02099,2025-03-08,CUS_02099,Customer_134,Gurugram,Delhi,Clothing,Jeans,5,9087.73,10,1441.04,Debit Card
ORD_02100,2025-03-08,CUS_02100,Customer_068,Gurugram,Delhi,Furniture,Study Table,4,26494.99,20,4470.19,UPI
ORD_02101,2025-03-09,CUS_02101,Customer_037,Jodhpur,Rajasthan,Home & Kitchen,Cookware Set,1,3856.85,0,375.56,Credit Card
ORD_02102,2025-03-09,CUS_02102,Customer_016,Nizamabad,Telangana,Electronics,Smartphone,3,61681.79,15,14934.73,Debit Card
ORD_02103,2025-03-10,CUS_02103,Customer_078,Bengaluru,Karnataka,Clothing,Sneakers,1,2532.32,20,497.7,Debit Card
ORD_02104,2025-03-10,CUS_02104,Customer_027,Howrah,West Bengal,Clothing,Jacket,3,9444.3,15,1824.98,Cash on Delivery
ORD_02105,2025-03-11,CUS_02105,Customer_022,Mumbai,Maharashtra,Home & Kitchen,Bedsheet,1,1371.59,0,195.86,Net Banking
ORD_02106,2025-03-11,CUS_02106,Customer_096,Coimbatore,Tamil Nadu,Electronics,Headphones,3,6399.68,15,938.71,Credit Card
ORD_02107,2025-03-14,CUS_02107,Customer_014,Durgapur,West Bengal,Furniture,Sofa,2,43972.51,10,9146.55,Net Banking
ORD_02108,2025-03-14,CUS_02108,Customer_118,Udaipur,Rajasthan,Furniture,Office Chair,1,7081.01,10,703.37,Credit Card
ORD_02109,2025-03-16,CUS_02109,Customer_104,Coimbatore,Tamil Nadu,Home & Kitchen,Air Fryer,3,21591.74,0,2940.73,Credit Card
ORD_02110,2025-03-16,CUS_02110,Customer_066,Howrah,West Bengal,Furniture,Bookshelf,1,4929.54,20,858.04,Debit Card
ORD_02111,2025-03-17,CUS_02111,Customer_087,Delhi,Delhi,Electronics,Laptop,3,181279.13,0,40201.07,Debit Card
ORD_02112,2025-03-18,CUS_02112,Customer_063,Mysuru,Karnataka,Furniture,Sofa,2,44173.38,10,6568.59,Debit Card
ORD_02113,2025-03-19,CUS_02113,Customer_088,Jaipur,Rajasthan,Clothing,Jacket,1,3381.58,5,713.73,Debit Card
ORD_02114,2025-03-19,CUS_02114,Customer_081,Surat,Gujarat,Clothing,T-Shirt,1,810.93,5,65.85,Net Banking
ORD_02115,2025-03-19,CUS_02115,Customer_047,Delhi,Delhi,Furniture,Sofa,4,85987.08,10,16095.26,Cash on Delivery
ORD_02116,2025-03-20,CUS_02116,Customer_025,Madurai,Tamil Nadu,Clothing,T-Shirt,1,897.66,5,57.12,Cash on Delivery
ORD_02117,2025-03-24,CUS_02117,Customer_141,Bengaluru,Karnataka,Clothing,Jeans,4,6987.35,5,1595.73,UPI
ORD_02118,2025-03-25,CUS_02118,Customer_107,Jodhpur,Rajasthan,Home & Kitchen,Cookware Set,2,6565.45,15,533.62,Credit Card
ORD_02119,2025-03-25,CUS_02119,Customer_101,Mangaluru,Karnataka,Electronics,Smartphone,4,68751.26,20,16412.52,Debit Card
ORD_02120,2025-03-27,CUS_02120,Customer_005,Coimbatore,Tamil Nadu,Furniture,Sofa,2,31908.97,20,4427.37,Credit Card
ORD_02121,2025-03-27,CUS_02121,Customer_062,Vadodara,Gujarat,Furniture,Bookshelf,5,27233.31,20,4743.55,Credit Card
ORD_02122,2025-03-27,CUS_02122,Customer_137,Noida,Delhi,Electronics,Smartwatch,3,13596.11,0,1700.22,Credit Card
ORD_02123,2025-03-27,CUS_02123,Customer_071,Hyderabad,Telangana,Electronics,Laptop,1,41858.74,15,5592.24,UPI
ORD_02124,2025-03-28,CUS_02124,Customer_124,Hyderabad,Telangana,Clothing,Jacket,3,9595.88,5,2202.12,Cash on Delivery
ORD_02125,2025-03-28,CUS_02125,Customer_132,Delhi,Delhi,Home & Kitchen,Cookware Set,2,7360.48,5,1686.38,UPI
ORD_02126,2025-03-29,CUS_02126,Customer_075,Jaipur,Rajasthan,Clothing,Jacket,5,17108.04,5,1389.15,Net Banking
ORD_02127,2025-03-30,CUS_02127,Customer_042,Kolkata,West Bengal,Electronics,Headphones,3,6630.81,15,750.87,Credit Card
ORD_02128,2025-03-31,CUS_02128,Customer_097,Hyderabad,Telangana,Electronics,Laptop,1,42188.81,10,9230.28,Net Banking
ORD_02129,2025-03-31,CUS_02129,Customer_045,Gurugram,Delhi,Home & Kitchen,Bedsheet,5,6332.05,15,1170.93,Cash on Delivery
ORD_02130,2025-03-31,CUS_02130,Customer_004,Kolkata,West Bengal,Electronics,Smartphone,2,42296.98,15,6122.99,UPI
ORD_02131,2025-03-31,CUS_02131,Customer_103,Delhi,Delhi,Electronics,Smartphone,1,26062.16,5,3372.04,Credit Card
ORD_02132,2025-04-02,CUS_02132,Customer_082,Coimbatore,Tamil Nadu,Clothing,T-Shirt,3,2709.13,0,331.74,Debit Card
ORD_02133,2025-04-02,CUS_02133,Customer_084,Chennai,Tamil Nadu,Home & Kitchen,Cookware Set,2,6421.41,5,446.51,Cash on Delivery
ORD_02134,2025-04-02,CUS_02134,Customer_116,Coimbatore,Tamil Nadu,Clothing,Sneakers,4,9012.11,20,1639.54,Debit Card
ORD_02135,2025-04-02,CUS_02135,Customer_143,Jaipur,Rajasthan,Home & Kitchen,Mixer Grinder,4,15988.33,15,3634.52,Credit Card
ORD_02136,2025-04-04,CUS_02136,Customer_025,Durgapur,West Bengal,Electronics,Laptop,1,46209.83,10,11097.5,UPI
ORD_02137,2025-04-05,CUS_02137,Customer_083,Mumbai,Maharashtra,Furniture,Bookshelf,4,24692.77,10,4088.17,Net Banking
ORD_02138,2025-04-05,CUS_02138,Customer_080,Mumbai,Maharashtra,Furniture,Bookshelf,3,14937.11,10,2351.89,Debit Card
ORD_02139,2025-04-07,CUS_02139,Customer_029,Delhi,Delhi,Home & Kitchen,Mixer Grinder,1,4842.93,5,666.0,Credit Card
ORD_02140,2025-04-07,CUS_02140,Customer_038,Warangal,Telangana,Home & Kitchen,Bedsheet,5,6291.35,10,1306.84,Net Banking
ORD_02141,2025-04-08,CUS_02141,Customer_075,Ahmedabad,Gujarat,Electronics,Smartwatch,1,5508.77,0,1152.44,UPI
ORD_02142,2025-04-08,CUS_02142,Customer_017,Delhi,Delhi,Electronics,Smartphone,4,106684.43,0,22226.63,Credit Card
ORD_02143,2025-04-08,CUS_02143,Customer_109,Jaipur,Rajasthan,Furniture,Study Table,3,25047.51,5,3885.82,Net Banking
ORD_02144,2025-04-09,CUS_02144,Customer_006,Madurai,Tamil Nadu,Home & Kitchen,Mixer Grinder,1,4134.11,20,437.85,Cash on Delivery
ORD_02145,2025-04-11,CUS_02145,Customer_042,Howrah,West Bengal,Clothing,Sneakers,2,5697.01,0,928.0,Cash on Delivery
ORD_02146,2025-04-11,CUS_02146,Customer_008,Durgapur,West Bengal,Clothing,Jeans,3,6183.3,0,1048.83,Cash on Delivery
ORD_02147,2025-04-12,CUS_02147,Customer_132,Delhi,Delhi,Electronics,Headphones,1,2096.49,5,274.28,Debit Card
ORD_02148,2025-04-14,CUS_02148,Customer_132,Nizamabad,Telangana,Home & Kitchen,Mixer Grinder,1,3374.44,20,437.33,Debit Card
ORD_02149,2025-04-14,CUS_02149,Customer_017,Warangal,Telangana,Home & Kitchen,Cookware Set,2,6159.56,5,1388.82,UPI
ORD_02150,2025-04-16,CUS_02150,Customer_130,Jaipur,Rajasthan,Electronics,Headphones,4,7722.27,15,1592.21,Cash on Delivery
ORD_02151,2025-04-16,CUS_02151,Customer_019,Jaipur,Rajasthan,Home & Kitchen,Bedsheet,5,6190.58,10,909.26,Net Banking
ORD_02152,2025-04-16,CUS_02152,Customer_018,Gurugram,Delhi,Furniture,Office Chair,2,11060.33,20,1320.74,Net Banking
ORD_02153,2025-04-16,CUS_02153,Customer_144,Chennai,Tamil Nadu,Home & Kitchen,Cookware Set,3,10075.27,15,1590.2,Cash on Delivery
ORD_02154,2025-04-17,CUS_02154,Customer_003,Mangaluru,Karnataka,Electronics,Smartphone,5,90534.29,20,22265.04,UPI
ORD_02155,2025-04-17,CUS_02155,Customer_073,Pune,Maharashtra,Electronics,Headphones,3,6793.43,10,1386.87,UPI
ORD_02156,2025-04-18,CUS_02156,Customer_122,Durgapur,West Bengal,Home & Kitchen,Cookware Set,3,9391.86,20,484.73,Cash on Delivery
ORD_02157,2025-04-18,CUS_02157,Customer_060,Coimbatore,Tamil Nadu,Furniture,Bookshelf,3,15986.13,0,3446.19,Net Banking
ORD_02158,2025-04-19,CUS_02158,Customer_116,Hyderabad,Telangana,Electronics,Smartphone,4,93240.6,15,13940.21,Net Banking
ORD_02159,2025-04-19,CUS_02159,Customer_100,Durgapur,West Bengal,Furniture,Sofa,1,20734.68,10,4066.06,Net Banking
ORD_02160,2025-04-22,CUS_02160,Customer_006,Durgapur,West Bengal,Furniture,Sofa,2,46116.42,5,7047.47,Debit Card
ORD_02161,2025-04-22,CUS_02161,Customer_046,Ahmedabad,Gujarat,Clothing,Jeans,1,1293.28,20,171.0,Net Banking
ORD_02162,2025-04-22,CUS_02162,Customer_147,Hyderabad,Telangana,Furniture,Office Chair,2,11954.61,0,1094.77,Net Banking
ORD_02163,2025-04-23,CUS_02163,Customer_084,Pune,Maharashtra,Electronics,Headphones,4,8646.44,10,1463.53,UPI
ORD_02164,2025-04-23,CUS_02164,Customer_101,Chennai,Tamil Nadu,Furniture,Office Chair,2,15145.16,5,2914.75,UPI
ORD_02165,2025-04-23,CUS_02165,Customer_020,Bengaluru,Karnataka,Home & Kitchen,Mixer Grinder,2,7671.54,10,689.68,Cash on Delivery
ORD_02166,2025-04-24,CUS_02166,Customer_058,Mumbai,Maharashtra,Furniture,Study Table,2,15425.44,10,1640.82,Net Banking
ORD_02167,2025-04-24,CUS_02167,Customer_081,Howrah,West Bengal,Furniture,Study Table,5,32977.98,20,7548.53,Net Banking
ORD_02168,2025-04-26,CUS_02168,Customer_099,Surat,Gujarat,Electronics,Smartphone,2,47608.17,0,2879.26,Credit Card
ORD_02169,2025-04-27,CUS_02169,Customer_148,Nagpur,Maharashtra,Electronics,Smartwatch,1,5391.51,0,954.78,Debit Card
ORD_02170,2025-04-28,CUS_02170,Customer_057,Jaipur,Rajasthan,Furniture,Bookshelf,4,17722.76,15,3493.73,Net Banking
ORD_02171,2025-04-30,CUS_02171,Customer_013,Mysuru,Karnataka,Clothing,Jeans,2,3430.53,10,731.27,Net Banking
ORD_02172,2025-05-04,CUS_02172,Customer_052,Jaipur,Rajasthan,Home & Kitchen,Bedsheet,1,1094.55,15,121.77,Credit Card
ORD_02173,2025-05-04,CUS_02173,Customer_148,Bengaluru,Karnataka,Home & Kitchen,Mixer Grinder,2,7248.61,15,1350.66,UPI
ORD_02174,2025-05-05,CUS_02174,Customer_085,Gurugram,Delhi,Clothing,Sneakers,3,6438.13,10,1126.17,Credit Card
ORD_02175,2025-05-06,CUS_02175,Customer_043,Gurugram,Delhi,Furniture,Sofa,2,40513.13,5,9845.65,Credit Card
ORD_02176,2025-05-06,CUS_02176,Customer_149,Hyderabad,Telangana,Clothing,Jeans,1,1586.08,5,281.08,Cash on Delivery
ORD_02177,2025-05-06,CUS_02177,Customer_012,Nagpur,Maharashtra,Clothing,Jacket,2,5499.31,15,480.55,Net Banking
ORD_02178,2025-05-06,CUS_02178,Customer_129,Bengaluru,Karnataka,Furniture,Study Table,4,24924.78,20,2966.4,Credit Card
ORD_02179,2025-05-06,CUS_02179,Customer_128,Noida,Delhi,Electronics,Laptop,3,139780.72,15,21868.55,Net Banking
ORD_02180,2025-05-07,CUS_02180,Customer_047,Jaipur,Rajasthan,Electronics,Smartphone,4,109186.04,0,18502.19,Credit Card
ORD_02181,2025-05-07,CUS_02181,Customer_098,Durgapur,West Bengal,Clothing,Sneakers,2,5162.71,5,396.32,Debit Card
ORD_02182,2025-05-07,CUS_02182,Customer_085,Warangal,Telangana,Home & Kitchen,Cookware Set,1,3148.15,10,430.4,UPI
ORD_02183,2025-05-08,CUS_02183,Customer_058,Kolkata,West Bengal,Clothing,Jacket,2,5246.49,15,695.87,Net Banking
ORD_02184,2025-05-08,CUS_02184,Customer_039,Mumbai,Maharashtra,Home & Kitchen,Air Fryer,5,27533.69,20,2022.1,Credit Card
ORD_02185,2025-05-08,CUS_02185,Customer_052,Madurai,Tamil Nadu,Home & Kitchen,Air Fryer,2,11742.45,10,1405.96,Credit Card
ORD_02186,2025-05-11,CUS_02186,Customer_101,Mumbai,Maharashtra,Home & Kitchen,Air Fryer,5,31264.79,10,5072.67,UPI
ORD_02187,2025-05-12,CUS_02187,Customer_063,Vadodara,Gujarat,Clothing,Jeans,2,3637.21,0,473.39,UPI
ORD_02188,2025-05-12,CUS_02188,Customer_054,Delhi,Delhi,Furniture,Bookshelf,5,29178.14,5,6533.6,Cash on Delivery
ORD_02189,2025-05-13,CUS_02189,Customer_001,Nagpur,Maharashtra,Furniture,Study Table,2,15064.89,15,3250.65,Cash on Delivery
ORD_02190,2025-05-13,CUS_02190,Customer_126,Udaipur,Rajasthan,Electronics,Laptop,3,166356.28,0,35698.68,Debit Card
ORD_02191,2025-05-14,CUS_02191,Customer_031,Surat,Gujarat,Home & Kitchen,Air Fryer,5,22185.77,20,2279.29,Debit Card
ORD_02192,2025-05-16,CUS_02192,Customer_027,Nizamabad,Telangana,Furniture,Study Table,1,6126.31,20,885.24,Debit Card
ORD_02193,2025-05-16,CUS_02193,Customer_026,Gurugram,Delhi,Clothing,Jeans,3,5412.02,5,534.87,UPI
ORD_02194,2025-05-16,CUS_02194,Customer_073,Nizamabad,Telangana,Electronics,Smartphone,4,87569.75,0,14812.44,UPI
ORD_02195,2025-05-17,CUS_02195,Customer_078,Delhi,Delhi,Electronics,Headphones,3,7159.95,0,1576.23,Credit Card
ORD_02196,2025-05-17,CUS_02196,Customer_107,Nagpur,Maharashtra,Furniture,Bookshelf,3,14545.74,15,2391.06,UPI
ORD_02197,2025-05-18,CUS_02197,Customer_100,Jaipur,Rajasthan,Furniture,Study Table,5,41199.38,5,2219.23,Debit Card
ORD_02198,2025-05-18,CUS_02198,Customer_011,Mysuru,Karnataka,Electronics,Headphones,5,8787.14,20,1567.58,UPI
ORD_02199,2025-05-19,CUS_02199,Customer_009,Ahmedabad,Gujarat,Home & Kitchen,Mixer Grinder,3,12495.92,5,2397.52,Credit Card
ORD_02200,2025-05-19,CUS_02200,Customer_115,Ahmedabad,Gujarat,Electronics,Smartwatch,3,15111.31,0,1610.26,UPI
ORD_02201,2025-05-19,CUS_02201,Customer_063,Jaipur,Rajasthan,Electronics,Laptop,1,50568.23,15,5496.65,Debit Card
ORD_02202,2025-05-21,CUS_02202,Customer_073,Udaipur,Rajasthan,Furniture,Bookshelf,5,33255.22,0,1868.0,Cash on Delivery
ORD_02203,2025-05-21,CUS_02203,Customer_098,Ahmedabad,Gujarat,Clothing,Jacket,2,6474.17,5,546.02,UPI
ORD_02204,2025-05-24,CUS_02204,Customer_026,Ahmedabad,Gujarat,Clothing,T-Shirt,3,2143.32,20,376.55,UPI
ORD_02205,2025-05-24,CUS_02205,Customer_052,Jodhpur,Rajasthan,Electronics,Smartwatch,4,17521.31,10,3109.79,Net Banking
ORD_02206,2025-05-24,CUS_02206,Customer_098,Noida,Delhi,Electronics,Laptop,2,115418.2,0,21214.38,Debit Card
ORD_02207,2025-05-24,CUS_02207,Customer_090,Chennai,Tamil Nadu,Furniture,Study Table,3,23269.07,0,1208.53,UPI
ORD_02208,2025-05-24,CUS_02208,Customer_096,Warangal,Telangana,Clothing,Sneakers,2,4656.45,15,852.47,Net Banking
ORD_02209,2025-05-25,CUS_02209,Customer_070,Howrah,West Bengal,Electronics,Laptop,4,213731.37,0,39011.16,Debit Card
ORD_02210,2025-05-25,CUS_02210,Customer_083,Delhi,Delhi,Clothing,T-Shirt,3,2195.92,20,428.7,Net Banking
ORD_02211,2025-05-26,CUS_02211,Customer_075,Jaipur,Rajasthan,Electronics,Smartphone,2,41195.21,5,5697.55,Cash on Delivery
ORD_02212,2025-05-27,CUS_02212,Customer_122,Pune,Maharashtra,Clothing,Jeans,4,5322.99,20,776.39,Cash on Delivery
ORD_02213,2025-05-27,CUS_02213,Customer_099,Chennai,Tamil Nadu,Furniture,Office Chair,4,25640.7,10,2249.75,Debit Card
ORD_02214,2025-05-28,CUS_02214,Customer_150,Surat,Gujarat,Home & Kitchen,Cookware Set,2,6379.41,15,771.81,Net Banking
ORD_02215,2025-05-29,CUS_02215,Customer_079,Ahmedabad,Gujarat,Furniture,Bookshelf,2,8545.35,20,460.07,Credit Card
ORD_02216,2025-05-31,CUS_02216,Customer_101,Hyderabad,Telangana,Furniture,Sofa,4,69345.24,20,12155.62,Credit Card
ORD_02217,2025-05-31,CUS_02217,Customer_053,Nagpur,Maharashtra,Home & Kitchen,Mixer Grinder,5,21104.17,0,3392.3,UPI
ORD_02218,2025-06-02,CUS_02218,Customer_143,Nizamabad,Telangana,Home & Kitchen,Cookware Set,3,10890.92,0,2172.98,UPI
ORD_02219,2025-06-02,CUS_02219,Customer_023,Mangaluru,Karnataka,Home & Kitchen,Mixer Grinder,1,3606.75,15,500.12,Net Banking
ORD_02220,2025-06-02,CUS_02220,Customer_037,Kolkata,West Bengal,Furniture,Office Chair,3,19754.35,5,2158.39,UPI
ORD_02221,2025-06-02,CUS_02221,Customer_061,Bengaluru,Karnataka,Home & Kitchen,Mixer Grinder,5,21809.64,10,4039.69,Cash on Delivery
ORD_02222,2025-06-03,CUS_02222,Customer_014,Howrah,West Bengal,Clothing,Jacket,3,10256.03,0,1377.27,UPI
ORD_02223,2025-06-05,CUS_02223,Customer_073,Durgapur,West Bengal,Home & Kitchen,Air Fryer,1,6364.16,0,499.27,Debit Card
ORD_02224,2025-06-09,CUS_02224,Customer_059,Chennai,Tamil Nadu,Electronics,Headphones,3,5851.34,20,1102.9,UPI
ORD_02225,2025-06-09,CUS_02225,Customer_127,Nagpur,Maharashtra,Electronics,Laptop,4,187022.26,10,22343.3,Debit Card
ORD_02226,2025-06-09,CUS_02226,Customer_138,Vadodara,Gujarat,Electronics,Headphones,5,12504.97,10,2823.8,Debit Card
ORD_02227,2025-06-09,CUS_02227,Customer_128,Mumbai,Maharashtra,Home & Kitchen,Mixer Grinder,5,19213.57,5,1062.55,Debit Card
ORD_02228,2025-06-10,CUS_02228,Customer_108,Surat,Gujarat,Furniture,Office Chair,3,15115.38,20,2210.88,UPI
ORD_02229,2025-06-10,CUS_02229,Customer_003,Jaipur,Rajasthan,Furniture,Study Table,5,38320.04,15,4373.41,Credit Card
ORD_02230,2025-06-10,CUS_02230,Customer_032,Delhi,Delhi,Furniture,Office Chair,4,27586.21,5,5726.36,Net Banking
ORD_02231,2025-06-10,CUS_02231,Customer_021,Madurai,Tamil Nadu,Furniture,Office Chair,2,14185.78,5,1225.15,Cash on Delivery
ORD_02232,2025-06-10,CUS_02232,Customer_054,Surat,Gujarat,Furniture,Office Chair,2,10142.99,15,974.24,Credit Card
ORD_02233,2025-06-11,CUS_02233,Customer_115,Ahmedabad,Gujarat,Furniture,Bookshelf,2,12705.29,5,1535.49,UPI
ORD_02234,2025-06-11,CUS_02234,Customer_119,Howrah,West Bengal,Electronics,Laptop,3,157811.66,5,10316.53,Credit Card
ORD_02235,2025-06-12,CUS_02235,Customer_091,Madurai,Tamil Nadu,Electronics,Headphones,3,7780.5,5,397.92,Net Banking
ORD_02236,2025-06-12,CUS_02236,Customer_015,Coimbatore,Tamil Nadu,Clothing,Jacket,5,13929.92,10,851.41,Cash on Delivery
ORD_02237,2025-06-14,CUS_02237,Customer_019,Madurai,Tamil Nadu,Electronics,Laptop,3,183825.58,0,38328.42,Net Banking
ORD_02238,2025-06-14,CUS_02238,Customer_017,Mysuru,Karnataka,Furniture,Sofa,5,120396.8,0,12618.91,UPI
ORD_02239,2025-06-16,CUS_02239,Customer_047,Noida,Delhi,Furniture,Sofa,1,18579.14,20,1196.91,Cash on Delivery
ORD_02240,2025-06-16,CUS_02240,Customer_073,Madurai,Tamil Nadu,Home & Kitchen,Bedsheet,1,1088.56,10,202.54,Credit Card
ORD_02241,2025-06-17,CUS_02241,Customer_121,Surat,Gujarat,Electronics,Headphones,4,8141.55,20,1737.62,Debit Card
ORD_02242,2025-06-19,CUS_02242,Customer_037,Pune,Maharashtra,Clothing,T-Shirt,5,3372.38,20,732.13,Cash on Delivery
ORD_02243,2025-06-21,CUS_02243,Customer_108,Delhi,Delhi,Electronics,Headphones,2,4445.57,10,950.55,Debit Card
ORD_02244,2025-06-22,CUS_02244,Customer_082,Jodhpur,Rajasthan,Home & Kitchen,Air Fryer,5,23778.57,20,5156.64,Cash on Delivery
ORD_02245,2025-06-23,CUS_02245,Customer_032,Gurugram,Delhi,Furniture,Sofa,2,38667.18,15,3794.74,UPI
ORD_02246,2025-06-24,CUS_02246,Customer_120,Vadodara,Gujarat,Electronics,Laptop,2,75916.5,20,9681.61,Net Banking
ORD_02247,2025-06-24,CUS_02247,Customer_107,Nizamabad,Telangana,Home & Kitchen,Mixer Grinder,1,3442.93,15,433.37,Net Banking
ORD_02248,2025-06-24,CUS_02248,Customer_069,Nizamabad,Telangana,Home & Kitchen,Bedsheet,2,2754.0,10,481.32,UPI
ORD_02249,2025-06-25,CUS_02249,Customer_089,Noida,Delhi,Furniture,Sofa,2,50592.26,0,11296.63,Net Banking
ORD_02250,2025-06-25,CUS_02250,Customer_038,Jaipur,Rajasthan,Furniture,Study Table,2,19339.23,0,3197.56,Debit Card
ORD_02251,2025-06-25,CUS_02251,Customer_115,Jodhpur,Rajasthan,Electronics,Smartphone,2,37754.26,20,7407.56,Credit Card
ORD_02252,2025-06-26,CUS_02252,Customer_076,Warangal,Telangana,Home & Kitchen,Mixer Grinder,1,4397.06,10,1045.53,Debit Card
ORD_02253,2025-06-26,CUS_02253,Customer_019,Bengaluru,Karnataka,Furniture,Office Chair,1,7011.03,0,799.33,Cash on Delivery
ORD_02254,2025-06-29,CUS_02254,Customer_025,Jodhpur,Rajasthan,Clothing,Jeans,3,4790.33,10,270.99,Net Banking
ORD_02255,2025-06-30,CUS_02255,Customer_027,Ahmedabad,Gujarat,Home & Kitchen,Air Fryer,4,24184.57,0,3730.69,Credit Card
ORD_02256,2025-06-30,CUS_02256,Customer_011,Madurai,Tamil Nadu,Furniture,Office Chair,2,13912.39,10,2304.72,Cash on Delivery
ORD_02257,2025-06-30,CUS_02257,Customer_093,Bengaluru,Karnataka,Clothing,Jacket,2,6364.96,5,1581.62,Debit Card
ORD_02258,2025-06-30,CUS_02258,Customer_034,Nizamabad,Telangana,Electronics,Smartwatch,2,10280.63,5,2209.9,Cash on Delivery
ORD_02259,2025-07-01,CUS_02259,Customer_027,Madurai,Tamil Nadu,Furniture,Bookshelf,2,10100.66,20,777.91,Credit Card
ORD_02260,2025-07-01,CUS_02260,Customer_041,Coimbatore,Tamil Nadu,Clothing,Jacket,2,7859.72,0,404.04,Cash on Delivery
ORD_02261,2025-07-02,CUS_02261,Customer_094,Ahmedabad,Gujarat,Home & Kitchen,Cookware Set,2,6320.71,15,969.94,UPI
ORD_02262,2025-07-02,CUS_02262,Customer_146,Ahmedabad,Gujarat,Electronics,Smartwatch,4,17042.84,5,2005.15,UPI
ORD_02263,2025-07-03,CUS_02263,Customer_147,Durgapur,West Bengal,Furniture,Bookshelf,3,16866.28,10,2905.94,Cash on Delivery
ORD_02264,2025-07-03,CUS_02264,Customer_104,Mumbai,Maharashtra,Electronics,Smartwatch,4,21793.62,5,2301.97,Debit Card
ORD_02265,2025-07-03,CUS_02265,Customer_097,Udaipur,Rajasthan,Furniture,Bookshelf,3,13696.6,15,2692.21,Debit Card
ORD_02266,2025-07-03,CUS_02266,Customer_137,Chennai,Tamil Nadu,Furniture,Study Table,1,9667.02,5,2278.77,Cash on Delivery
ORD_02267,2025-07-05,CUS_02267,Customer_080,Kolkata,West Bengal,Clothing,Jacket,4,12638.21,10,795.84,Cash on Delivery
ORD_02268,2025-07-06,CUS_02268,Customer_056,Durgapur,West Bengal,Clothing,T-Shirt,4,2946.99,5,609.3,Net Banking
ORD_02269,2025-07-07,CUS_02269,Customer_122,Gurugram,Delhi,Clothing,Jeans,1,1716.38,15,89.23,Credit Card
ORD_02270,2025-07-07,CUS_02270,Customer_003,Pune,Maharashtra,Furniture,Sofa,4,76992.85,10,9220.98,Net Banking
ORD_02271,2025-07-07,CUS_02271,Customer_004,Warangal,Telangana,Clothing,Jeans,5,7552.17,20,421.52,UPI
ORD_02272,2025-07-08,CUS_02272,Customer_032,Coimbatore,Tamil Nadu,Home & Kitchen,Cookware Set,1,3459.23,0,521.65,Credit Card
ORD_02273,2025-07-09,CUS_02273,Customer_015,Pune,Maharashtra,Electronics,Smartwatch,1,4218.16,10,548.24,Debit Card
ORD_02274,2025-07-10,CUS_02274,Customer_143,Nizamabad,Telangana,Clothing,Sneakers,3,8889.26,0,827.64,Net Banking
ORD_02275,2025-07-10,CUS_02275,Customer_100,Hyderabad,Telangana,Clothing,Jacket,1,2660.57,20,504.16,Debit Card
ORD_02276,2025-07-10,CUS_02276,Customer_116,Delhi,Delhi,Home & Kitchen,Mixer Grinder,1,4114.11,10,1012.34,Net Banking
ORD_02277,2025-07-11,CUS_02277,Customer_101,Bengaluru,Karnataka,Home & Kitchen,Bedsheet,1,1527.46,0,243.77,Debit Card
ORD_02278,2025-07-11,CUS_02278,Customer_061,Madurai,Tamil Nadu,Furniture,Sofa,3,61023.22,5,7039.57,Net Banking
ORD_02279,2025-07-12,CUS_02279,Customer_012,Howrah,West Bengal,Home & Kitchen,Bedsheet,4,4386.57,10,365.29,Credit Card
ORD_02280,2025-07-12,CUS_02280,Customer_053,Gurugram,Delhi,Electronics,Laptop,2,116904.4,5,17718.15,UPI
ORD_02281,2025-07-14,CUS_02281,Customer_130,Bengaluru,Karnataka,Home & Kitchen,Cookware Set,2,6289.85,20,744.49,Cash on Delivery
ORD_02282,2025-07-14,CUS_02282,Customer_015,Hyderabad,Telangana,Home & Kitchen,Air Fryer,4,24355.02,10,1553.89,Debit Card
ORD_02283,2025-07-15,CUS_02283,Customer_041,Hyderabad,Telangana,Furniture,Bookshelf,5,25357.63,10,4971.34,Debit Card
ORD_02284,2025-07-15,CUS_02284,Customer_007,Bengaluru,Karnataka,Furniture,Sofa,4,88325.2,5,7363.85,Net Banking
ORD_02285,2025-07-16,CUS_02285,Customer_114,Mangaluru,Karnataka,Furniture,Office Chair,1,6222.47,5,702.92,Net Banking
ORD_02286,2025-07-16,CUS_02286,Customer_147,Nagpur,Maharashtra,Furniture,Bookshelf,4,21287.0,10,2683.95,Debit Card
ORD_02287,2025-07-16,CUS_02287,Customer_068,Delhi,Delhi,Electronics,Smartphone,1,21435.96,5,3985.16,Debit Card
ORD_02288,2025-07-17,CUS_02288,Customer_096,Jaipur,Rajasthan,Clothing,Sneakers,1,3005.47,5,569.36,UPI
ORD_02289,2025-07-17,CUS_02289,Customer_118,Jaipur,Rajasthan,Clothing,Sneakers,3,7188.17,20,1450.62,UPI
ORD_02290,2025-07-17,CUS_02290,Customer_134,Surat,Gujarat,Electronics,Headphones,1,2061.01,20,231.58,Debit Card
ORD_02291,2025-07-20,CUS_02291,Customer_073,Mangaluru,Karnataka,Home & Kitchen,Air Fryer,1,5194.33,20,420.4,UPI
ORD_02292,2025-07-20,CUS_02292,Customer_135,Gurugram,Delhi,Clothing,T-Shirt,3,2237.23,5,163.71,Cash on Delivery
ORD_02293,2025-07-21,CUS_02293,Customer_028,Jaipur,Rajasthan,Furniture,Study Table,3,26167.03,0,5167.49,UPI
ORD_02294,2025-07-21,CUS_02294,Customer_023,Bengaluru,Karnataka,Home & Kitchen,Bedsheet,1,1233.91,10,293.31,Debit Card
ORD_02295,2025-07-22,CUS_02295,Customer_079,Madurai,Tamil Nadu,Home & Kitchen,Air Fryer,1,5833.76,10,1249.43,Credit Card
ORD_02296,2025-07-25,CUS_02296,Customer_071,Mysuru,Karnataka,Clothing,Jacket,2,6305.78,15,338.0,UPI
ORD_02297,2025-07-26,CUS_02297,Customer_043,Jaipur,Rajasthan,Electronics,Smartphone,2,42787.17,0,7356.8,Cash on Delivery
ORD_02298,2025-07-27,CUS_02298,Customer_031,Gurugram,Delhi,Clothing,Jeans,3,4253.02,20,1039.04,Credit Card
ORD_02299,2025-07-28,CUS_02299,Customer_038,Delhi,Delhi,Clothing,T-Shirt,1,857.85,5,165.57,Credit Card
ORD_02300,2025-07-29,CUS_02300,Customer_013,Mangaluru,Karnataka,Home & Kitchen,Cookware Set,3,8576.42,15,1902.18,Net Banking
ORD_02301,2025-07-29,CUS_02301,Customer_104,Mysuru,Karnataka,Furniture,Sofa,2,42418.52,15,9856.81,UPI
ORD_02302,2025-07-30,CUS_02302,Customer_099,Chennai,Tamil Nadu,Furniture,Study Table,5,43020.26,5,8677.2,Cash on Delivery
ORD_02303,2025-08-02,CUS_02303,Customer_104,Surat,Gujarat,Furniture,Bookshelf,1,5307.99,15,704.72,Credit Card
ORD_02304,2025-08-02,CUS_02304,Customer_063,Surat,Gujarat,Clothing,T-Shirt,4,3327.34,0,299.81,Net Banking
ORD_02305,2025-08-02,CUS_02305,Customer_116,Ahmedabad,Gujarat,Furniture,Study Table,3,25721.07,0,5726.21,Net Banking
ORD_02306,2025-08-03,CUS_02306,Customer_144,Durgapur,West Bengal,Clothing,Sneakers,1,2137.16,20,174.68,Debit Card
ORD_02307,2025-08-03,CUS_02307,Customer_141,Delhi,Delhi,Home & Kitchen,Cookware Set,4,14147.29,0,1555.06,Debit Card
ORD_02308,2025-08-03,CUS_02308,Customer_035,Noida,Delhi,Clothing,Sneakers,5,11581.75,5,669.34,UPI
ORD_02309,2025-08-03,CUS_02309,Customer_136,Coimbatore,Tamil Nadu,Home & Kitchen,Cookware Set,2,6325.05,15,1408.46,Debit Card
ORD_02310,2025-08-06,CUS_02310,Customer_057,Hyderabad,Telangana,Clothing,Jeans,5,9398.1,5,558.14,UPI
ORD_02311,2025-08-06,CUS_02311,Customer_081,Delhi,Delhi,Clothing,Jeans,4,6916.13,10,605.74,Credit Card
ORD_02312,2025-08-06,CUS_02312,Customer_068,Ahmedabad,Gujarat,Clothing,T-Shirt,1,653.88,15,139.76,Credit Card
ORD_02313,2025-08-07,CUS_02313,Customer_039,Gurugram,Delhi,Home & Kitchen,Cookware Set,4,13497.93,5,2304.47,Net Banking
ORD_02314,2025-08-08,CUS_02314,Customer_028,Hyderabad,Telangana,Home & Kitchen,Cookware Set,4,13885.92,5,1331.37,Net Banking
ORD_02315,2025-08-08,CUS_02315,Customer_086,Chennai,Tamil Nadu,Clothing,Sneakers,1,2706.02,15,159.44,Debit Card
ORD_02316,2025-08-08,CUS_02316,Customer_125,Gurugram,Delhi,Furniture,Bookshelf,4,20905.74,5,4346.27,Credit Card
ORD_02317,2025-08-09,CUS_02317,Customer_062,Howrah,West Bengal,Home & Kitchen,Cookware Set,5,15814.69,5,1402.56,Cash on Delivery
ORD_02318,2025-08-11,CUS_02318,Customer_036,Vadodara,Gujarat,Furniture,Study Table,1,7079.97,10,379.83,Credit Card
ORD_02319,2025-08-11,CUS_02319,Customer_102,Jaipur,Rajasthan,Clothing,T-Shirt,5,4563.8,5,379.67,Debit Card
ORD_02320,2025-08-12,CUS_02320,Customer_130,Hyderabad,Telangana,Clothing,Jacket,4,14199.14,0,1471.53,Credit Card
ORD_02321,2025-08-12,CUS_02321,Customer_039,Howrah,West Bengal,Clothing,Jacket,2,6134.18,20,929.29,Net Banking
ORD_02322,2025-08-16,CUS_02322,Customer_110,Durgapur,West Bengal,Home & Kitchen,Air Fryer,1,5912.14,20,753.91,Debit Card
ORD_02323,2025-08-17,CUS_02323,Customer_014,Jaipur,Rajasthan,Home & Kitchen,Air Fryer,5,27970.92,10,3715.26,Net Banking
ORD_02324,2025-08-17,CUS_02324,Customer_128,Jodhpur,Rajasthan,Clothing,Jacket,5,13062.14,15,2315.37,Credit Card
ORD_02325,2025-08-17,CUS_02325,Customer_090,Pune,Maharashtra,Furniture,Bookshelf,1,5236.09,10,721.5,Credit Card
ORD_02326,2025-08-21,CUS_02326,Customer_118,Ahmedabad,Gujarat,Home & Kitchen,Bedsheet,1,1385.32,0,203.67,Net Banking
ORD_02327,2025-08-21,CUS_02327,Customer_070,Pune,Maharashtra,Clothing,Jeans,3,5685.16,0,1048.41,Debit Card
ORD_02328,2025-08-22,CUS_02328,Customer_107,Howrah,West Bengal,Home & Kitchen,Bedsheet,3,3392.17,20,430.27,Debit Card
ORD_02329,2025-08-22,CUS_02329,Customer_123,Howrah,West Bengal,Furniture,Office Chair,5,34116.27,15,8509.84,Net Banking
ORD_02330,2025-08-24,CUS_02330,Customer_040,Nizamabad,Telangana,Electronics,Smartwatch,3,17183.87,0,4185.17,Debit Card
ORD_02331,2025-08-25,CUS_02331,Customer_131,Jaipur,Rajasthan,Electronics,Smartwatch,3,11377.68,15,945.04,Credit Card
ORD_02332,2025-08-25,CUS_02332,Customer_040,Pune,Maharashtra,Home & Kitchen,Air Fryer,1,6470.32,0,671.2,UPI
ORD_02333,2025-08-25,CUS_02333,Customer_073,Delhi,Delhi,Home & Kitchen,Air Fryer,1,5923.69,10,1430.67,Credit Card
ORD_02334,2025-08-25,CUS_02334,Customer_035,Coimbatore,Tamil Nadu,Electronics,Laptop,5,245493.12,10,21902.78,Cash on Delivery
ORD_02335,2025-08-26,CUS_02335,Customer_054,Delhi,Delhi,Furniture,Office Chair,4,28893.52,0,4948.03,Net Banking
ORD_02336,2025-08-27,CUS_02336,Customer_001,Howrah,West Bengal,Clothing,Jacket,1,3697.92,0,313.06,Credit Card
ORD_02337,2025-08-27,CUS_02337,Customer_036,Hyderabad,Telangana,Clothing,Jacket,3,9532.25,20,1398.87,Cash on Delivery
ORD_02338,2025-08-27,CUS_02338,Customer_045,Warangal,Telangana,Furniture,Office Chair,4,28080.16,10,2590.29,Debit Card
ORD_02339,2025-08-27,CUS_02339,Customer_038,Nagpur,Maharashtra,Furniture,Bookshelf,2,13650.59,0,1424.97,Debit Card
ORD_02340,2025-08-29,CUS_02340,Customer_102,Ahmedabad,Gujarat,Electronics,Smartwatch,4,18713.66,10,3776.44,UPI
ORD_02341,2025-08-29,CUS_02341,Customer_020,Noida,Delhi,Clothing,Sneakers,5,12142.94,0,1865.79,Net Banking
ORD_02342,2025-08-30,CUS_02342,Customer_030,Howrah,West Bengal,Furniture,Bookshelf,5,29469.7,5,1961.2,Debit Card
ORD_02343,2025-09-03,CUS_02343,Customer_150,Gurugram,Delhi,Home & Kitchen,Mixer Grinder,2,7723.19,15,1181.54,UPI
ORD_02344,2025-09-05,CUS_02344,Customer_009,Ahmedabad,Gujarat,Clothing,T-Shirt,5,3579.36,20,179.29,Debit Card
ORD_02345,2025-09-07,CUS_02345,Customer_138,Noida,Delhi,Furniture,Office Chair,2,11589.26,20,2634.66,Debit Card
ORD_02346,2025-09-08,CUS_02346,Customer_011,Howrah,West Bengal,Home & Kitchen,Cookware Set,3,10121.19,15,1279.83,Credit Card
ORD_02347,2025-09-11,CUS_02347,Customer_084,Coimbatore,Tamil Nadu,Home & Kitchen,Mixer Grinder,4,13391.2,15,3076.1,Debit Card
ORD_02348,2025-09-15,CUS_02348,Customer_085,Jaipur,Rajasthan,Home & Kitchen,Bedsheet,1,1566.05,0,89.27,Net Banking
ORD_02349,2025-09-17,CUS_02349,Customer_052,Mysuru,Karnataka,Clothing,Sneakers,3,8946.52,5,746.2,Debit Card
ORD_02350,2025-09-19,CUS_02350,Customer_033,Warangal,Telangana,Electronics,Headphones,2,4851.63,5,770.22,Debit Card
ORD_02351,2025-09-19,CUS_02351,Customer_055,Nagpur,Maharashtra,Electronics,Laptop,1,44022.48,15,4663.77,Debit Card
ORD_02352,2025-09-20,CUS_02352,Customer_084,Nagpur,Maharashtra,Electronics,Headphones,1,2422.96,5,565.88,UPI
ORD_02353,2025-09-20,CUS_02353,Customer_130,Udaipur,Rajasthan,Home & Kitchen,Cookware Set,2,5339.45,15,862.66,Debit Card
ORD_02354,2025-09-21,CUS_02354,Customer_045,Hyderabad,Telangana,Furniture,Bookshelf,3,14894.51,10,1526.22,Cash on Delivery
ORD_02355,2025-09-22,CUS_02355,Customer_030,Mangaluru,Karnataka,Electronics,Smartwatch,3,13341.91,20,2109.89,UPI
ORD_02356,2025-09-23,CUS_02356,Customer_071,Coimbatore,Tamil Nadu,Electronics,Laptop,2,116750.3,0,10611.21,Credit Card
ORD_02357,2025-09-23,CUS_02357,Customer_032,Mumbai,Maharashtra,Home & Kitchen,Air Fryer,3,17882.29,20,3290.05,UPI
ORD_02358,2025-09-24,CUS_02358,Customer_149,Coimbatore,Tamil Nadu,Clothing,T-Shirt,3,2131.36,10,211.15,Debit Card
ORD_02359,2025-09-24,CUS_02359,Customer_136,Vadodara,Gujarat,Clothing,Jeans,3,5715.87,0,1374.84,Debit Card
ORD_02360,2025-09-24,CUS_02360,Customer_013,Howrah,West Bengal,Home & Kitchen,Cookware Set,5,16832.71,5,1874.84,Debit Card
ORD_02361,2025-09-24,CUS_02361,Customer_130,Madurai,Tamil Nadu,Clothing,Jacket,3,10167.84,5,1443.43,Credit Card
ORD_02362,2025-09-26,CUS_02362,Customer_082,Jaipur,Rajasthan,Furniture,Bookshelf,5,25940.03,20,4970.74,Debit Card
ORD_02363,2025-09-26,CUS_02363,Customer_058,Pune,Maharashtra,Clothing,T-Shirt,3,2569.87,5,597.72,Cash on Delivery
ORD_02364,2025-09-26,CUS_02364,Customer_110,Vadodara,Gujarat,Furniture,Office Chair,1,6001.27,15,855.92,Debit Card
ORD_02365,2025-09-30,CUS_02365,Customer_129,Jodhpur,Rajasthan,Furniture,Office Chair,4,26962.85,0,2168.08,Credit Card
ORD_02366,2025-09-30,CUS_02366,Customer_103,Mangaluru,Karnataka,Electronics,Smartphone,4,104819.66,5,16193.27,Debit Card
ORD_02367,2025-09-30,CUS_02367,Customer_092,Madurai,Tamil Nadu,Clothing,Sneakers,5,12648.11,10,655.31,Debit Card
ORD_02368,2025-10-04,CUS_02368,Customer_150,Pune,Maharashtra,Clothing,Sneakers,3,7700.81,20,1823.08,Cash on Delivery
ORD_02369,2025-10-04,CUS_02369,Customer_126,Warangal,Telangana,Electronics,Smartphone,3,79202.53,5,6089.65,Cash on Delivery
ORD_02370,2025-10-04,CUS_02370,Customer_051,Ahmedabad,Gujarat,Clothing,Sneakers,3,8016.48,5,1365.9,Net Banking
ORD_02371,2025-10-05,CUS_02371,Customer_069,Warangal,Telangana,Furniture,Sofa,1,18445.84,20,3276.98,Net Banking
ORD_02372,2025-10-06,CUS_02372,Customer_013,Gurugram,Delhi,Home & Kitchen,Bedsheet,2,2072.01,20,202.48,UPI
ORD_02373,2025-10-07,CUS_02373,Customer_029,Delhi,Delhi,Home & Kitchen,Cookware Set,3,9118.88,20,640.83,Credit Card
ORD_02374,2025-10-07,CUS_02374,Customer_038,Howrah,West Bengal,Home & Kitchen,Cookware Set,4,11015.63,10,1084.29,Net Banking
ORD_02375,2025-10-08,CUS_02375,Customer_064,Delhi,Delhi,Clothing,Jacket,1,3146.19,5,291.4,Cash on Delivery
ORD_02376,2025-10-09,CUS_02376,Customer_117,Gurugram,Delhi,Electronics,Smartwatch,3,12575.49,15,1297.84,Cash on Delivery
ORD_02377,2025-10-09,CUS_02377,Customer_008,Mumbai,Maharashtra,Home & Kitchen,Air Fryer,1,6364.91,10,1588.45,UPI
ORD_02378,2025-10-10,CUS_02378,Customer_129,Coimbatore,Tamil Nadu,Furniture,Bookshelf,2,10639.52,0,1208.66,UPI
ORD_02379,2025-10-10,CUS_02379,Customer_137,Noida,Delhi,Furniture,Sofa,1,15493.93,20,1464.41,Credit Card
ORD_02380,2025-10-11,CUS_02380,Customer_134,Nizamabad,Telangana,Clothing,Jacket,4,12643.78,20,1379.77,Cash on Delivery
ORD_02381,2025-10-11,CUS_02381,Customer_025,Vadodara,Gujarat,Home & Kitchen,Mixer Grinder,3,12412.4,15,2361.18,UPI
ORD_02382,2025-10-11,CUS_02382,Customer_038,Jodhpur,Rajasthan,Electronics,Laptop,1,50314.85,0,9853.39,Net Banking
ORD_02383,2025-10-15,CUS_02383,Customer_113,Ahmedabad,Gujarat,Furniture,Office Chair,3,16643.69,15,1593.28,Credit Card
ORD_02384,2025-10-16,CUS_02384,Customer_068,Warangal,Telangana,Electronics,Headphones,1,2022.36,5,297.53,Net Banking
ORD_02385,2025-10-17,CUS_02385,Customer_044,Pune,Maharashtra,Electronics,Smartwatch,3,13653.53,5,778.09,Net Banking
ORD_02386,2025-10-17,CUS_02386,Customer_019,Madurai,Tamil Nadu,Electronics,Smartwatch,3,12291.28,15,2911.65,Net Banking
ORD_02387,2025-10-18,CUS_02387,Customer_048,Kolkata,West Bengal,Clothing,Sneakers,3,7243.45,10,950.36,Credit Card
ORD_02388,2025-10-19,CUS_02388,Customer_120,Mangaluru,Karnataka,Clothing,Sneakers,4,9856.59,10,2081.02,Net Banking
ORD_02389,2025-10-19,CUS_02389,Customer_049,Vadodara,Gujarat,Home & Kitchen,Bedsheet,4,6270.15,0,1537.43,Cash on Delivery
ORD_02390,2025-10-20,CUS_02390,Customer_048,Pune,Maharashtra,Furniture,Sofa,5,120354.29,0,15169.35,Cash on Delivery
ORD_02391,2025-10-20,CUS_02391,Customer_066,Warangal,Telangana,Home & Kitchen,Cookware Set,3,10391.05,5,1354.76,UPI
ORD_02392,2025-10-20,CUS_02392,Customer_133,Gurugram,Delhi,Home & Kitchen,Bedsheet,3,4032.8,15,942.67,Credit Card
ORD_02393,2025-10-21,CUS_02393,Customer_075,Mumbai,Maharashtra,Electronics,Smartphone,1,18790.95,15,2959.18,Credit Card
ORD_02394,2025-10-24,CUS_02394,Customer_081,Udaipur,Rajasthan,Furniture,Bookshelf,3,17495.65,15,2009.71,Debit Card
ORD_02395,2025-10-24,CUS_02395,Customer_127,Udaipur,Rajasthan,Clothing,Sneakers,4,10951.14,5,1600.85,Cash on Delivery
ORD_02396,2025-10-26,CUS_02396,Customer_107,Pune,Maharashtra,Home & Kitchen,Bedsheet,3,3593.98,20,858.03,Net Banking
ORD_02397,2025-10-29,CUS_02397,Customer_011,Howrah,West Bengal,Furniture,Sofa,2,39826.77,5,8597.12,Net Banking
ORD_02398,2025-10-29,CUS_02398,Customer_035,Surat,Gujarat,Furniture,Office Chair,1,7111.98,10,1693.62,Credit Card
ORD_02399,2025-10-29,CUS_02399,Customer_001,Gurugram,Delhi,Furniture,Office Chair,3,22489.6,0,5287.61,Net Banking
ORD_02400,2025-10-30,CUS_02400,Customer_045,Delhi,Delhi,Home & Kitchen,Cookware Set,3,10993.72,0,2250.36,Debit Card
ORD_02401,2025-10-30,CUS_02401,Customer_109,Hyderabad,Telangana,Electronics,Laptop,2,118373.36,5,26792.4,Cash on Delivery
ORD_02402,2025-10-30,CUS_02402,Customer_061,Jaipur,Rajasthan,Electronics,Smartwatch,1,4356.12,5,228.4,Net Banking
ORD_02403,2025-10-30,CUS_02403,Customer_086,Noida,Delhi,Home & Kitchen,Air Fryer,5,27529.6,10,6236.74,Cash on Delivery
ORD_02404,2025-10-31,CUS_02404,Customer_061,Mysuru,Karnataka,Home & Kitchen,Air Fryer,3,21224.65,0,3510.15,Debit Card
ORD_02405,2025-11-01,CUS_02405,Customer_126,Hyderabad,Telangana,Electronics,Headphones,4,9043.34,5,1620.25,UPI
ORD_02406,2025-11-01,CUS_02406,Customer_037,Kolkata,West Bengal,Home & Kitchen,Cookware Set,2,6566.33,0,849.7,UPI
ORD_02407,2025-11-01,CUS_02407,Customer_093,Durgapur,West Bengal,Electronics,Smartwatch,2,7750.81,20,977.25,UPI
ORD_02408,2025-11-02,CUS_02408,Customer_111,Udaipur,Rajasthan,Home & Kitchen,Mixer Grinder,3,11668.44,15,1991.08,Cash on Delivery
ORD_02409,2025-11-02,CUS_02409,Customer_058,Coimbatore,Tamil Nadu,Clothing,Jacket,4,12012.77,20,2424.34,Net Banking
ORD_02410,2025-11-03,CUS_02410,Customer_111,Noida,Delhi,Home & Kitchen,Bedsheet,3,3524.31,20,862.89,UPI
ORD_02411,2025-11-05,CUS_02411,Customer_010,Madurai,Tamil Nadu,Home & Kitchen,Cookware Set,5,14210.04,10,1011.49,Debit Card
ORD_02412,2025-11-05,CUS_02412,Customer_149,Howrah,West Bengal,Furniture,Sofa,1,18802.95,10,3163.69,UPI
ORD_02413,2025-11-06,CUS_02413,Customer_088,Surat,Gujarat,Furniture,Office Chair,1,5292.89,20,1130.39,UPI
ORD_02414,2025-11-06,CUS_02414,Customer_011,Hyderabad,Telangana,Electronics,Laptop,4,222172.4,10,51519.76,Net Banking
ORD_02415,2025-11-07,CUS_02415,Customer_099,Jaipur,Rajasthan,Furniture,Bookshelf,3,18373.04,0,2640.92,Cash on Delivery
ORD_02416,2025-11-07,CUS_02416,Customer_065,Vadodara,Gujarat,Home & Kitchen,Cookware Set,2,5078.4,15,553.59,Net Banking
ORD_02417,2025-11-07,CUS_02417,Customer_126,Chennai,Tamil Nadu,Furniture,Office Chair,5,29057.49,20,5031.96,Debit Card
ORD_02418,2025-11-07,CUS_02418,Customer_019,Madurai,Tamil Nadu,Furniture,Study Table,1,6593.29,20,905.91,Credit Card
ORD_02419,2025-11-07,CUS_02419,Customer_132,Mysuru,Karnataka,Home & Kitchen,Mixer Grinder,5,19878.38,15,4129.94,Cash on Delivery
ORD_02420,2025-11-09,CUS_02420,Customer_116,Mysuru,Karnataka,Home & Kitchen,Bedsheet,4,4305.5,15,945.43,UPI
ORD_02421,2025-11-09,CUS_02421,Customer_119,Durgapur,West Bengal,Home & Kitchen,Bedsheet,1,1367.51,15,127.51,Net Banking
ORD_02422,2025-11-09,CUS_02422,Customer_142,Madurai,Tamil Nadu,Home & Kitchen,Air Fryer,5,23914.34,15,4963.24,Net Banking
ORD_02423,2025-11-10,CUS_02423,Customer_078,Nagpur,Maharashtra,Home & Kitchen,Bedsheet,4,4865.14,10,1004.33,UPI
ORD_02424,2025-11-10,CUS_02424,Customer_106,Durgapur,West Bengal,Furniture,Sofa,1,19332.46,20,2229.97,UPI
ORD_02425,2025-11-10,CUS_02425,Customer_062,Noida,Delhi,Electronics,Headphones,2,3475.03,20,468.97,UPI
ORD_02426,2025-11-11,CUS_02426,Customer_130,Madurai,Tamil Nadu,Clothing,Jacket,2,5748.43,20,938.39,Debit Card
ORD_02427,2025-11-11,CUS_02427,Customer_010,Mumbai,Maharashtra,Furniture,Office Chair,2,13247.16,15,932.08,Debit Card
ORD_02428,2025-11-12,CUS_02428,Customer_013,Gurugram,Delhi,Furniture,Sofa,5,98120.59,5,20803.79,Credit Card
ORD_02429,2025-11-12,CUS_02429,Customer_014,Madurai,Tamil Nadu,Clothing,T-Shirt,4,3572.26,10,746.79,Debit Card
ORD_02430,2025-11-13,CUS_02430,Customer_124,Udaipur,Rajasthan,Home & Kitchen,Air Fryer,3,21438.5,0,2672.27,UPI
ORD_02431,2025-11-14,CUS_02431,Customer_084,Udaipur,Rajasthan,Home & Kitchen,Mixer Grinder,2,9666.29,5,1692.19,Debit Card
ORD_02432,2025-11-15,CUS_02432,Customer_049,Coimbatore,Tamil Nadu,Home & Kitchen,Cookware Set,2,6132.33,15,1318.51,Debit Card
ORD_02433,2025-11-16,CUS_02433,Customer_018,Howrah,West Bengal,Home & Kitchen,Bedsheet,3,4810.28,0,251.69,Credit Card
ORD_02434,2025-11-17,CUS_02434,Customer_084,Warangal,Telangana,Electronics,Headphones,2,4587.95,20,857.55,Net Banking
ORD_02435,2025-11-17,CUS_02435,Customer_012,Nizamabad,Telangana,Home & Kitchen,Mixer Grinder,5,19878.25,0,1745.86,Debit Card
ORD_02436,2025-11-18,CUS_02436,Customer_111,Jodhpur,Rajasthan,Home & Kitchen,Air Fryer,1,4848.85,15,686.62,Net Banking
ORD_02437,2025-11-18,CUS_02437,Customer_104,Mysuru,Karnataka,Furniture,Office Chair,4,22706.58,5,4697.63,Debit Card
ORD_02438,2025-11-19,CUS_02438,Customer_146,Ahmedabad,Gujarat,Electronics,Laptop,1,56743.61,10,9612.9,Credit Card
ORD_02439,2025-11-19,CUS_02439,Customer_012,Coimbatore,Tamil Nadu,Clothing,Sneakers,1,2488.44,10,532.84,UPI
ORD_02440,2025-11-20,CUS_02440,Customer_137,Warangal,Telangana,Furniture,Office Chair,5,25855.5,15,2431.58,Debit Card
ORD_02441,2025-11-20,CUS_02441,Customer_047,Udaipur,Rajasthan,Home & Kitchen,Mixer Grinder,4,13956.28,20,2204.7,Cash on Delivery
ORD_02442,2025-11-21,CUS_02442,Customer_059,Gurugram,Delhi,Electronics,Smartwatch,2,7756.23,10,1089.28,UPI
ORD_02443,2025-11-22,CUS_02443,Customer_054,Jaipur,Rajasthan,Electronics,Headphones,5,13495.8,0,2268.46,Net Banking
ORD_02444,2025-11-22,CUS_02444,Customer_086,Warangal,Telangana,Home & Kitchen,Cookware Set,3,8483.05,20,1199.26,Credit Card
ORD_02445,2025-11-22,CUS_02445,Customer_119,Madurai,Tamil Nadu,Furniture,Study Table,5,41863.93,15,5957.43,Cash on Delivery
ORD_02446,2025-11-23,CUS_02446,Customer_047,Nizamabad,Telangana,Electronics,Headphones,4,9698.7,10,763.9,Credit Card
ORD_02447,2025-11-23,CUS_02447,Customer_145,Mumbai,Maharashtra,Electronics,Laptop,3,135219.69,20,16784.61,UPI
ORD_02448,2025-11-26,CUS_02448,Customer_012,Noida,Delhi,Clothing,Jacket,1,3270.54,10,752.98,Cash on Delivery
ORD_02449,2025-11-26,CUS_02449,Customer_017,Surat,Gujarat,Furniture,Sofa,3,56096.11,10,13096.35,UPI
ORD_02450,2025-11-27,CUS_02450,Customer_051,Coimbatore,Tamil Nadu,Clothing,Jacket,1,3171.05,20,588.97,Net Banking
ORD_02451,2025-11-27,CUS_02451,Customer_116,Mangaluru,Karnataka,Clothing,Jeans,3,4874.54,15,696.32,Credit Card
ORD_02452,2025-11-28,CUS_02452,Customer_097,Mangaluru,Karnataka,Home & Kitchen,Cookware Set,3,8854.18,20,1183.63,UPI
ORD_02453,2025-11-29,CUS_02453,Customer_139,Delhi,Delhi,Clothing,Jacket,1,2705.54,10,159.55,Net Banking
ORD_02454,2025-11-30,CUS_02454,Customer_148,Chennai,Tamil Nadu,Electronics,Laptop,4,183991.28,15,29067.16,Credit Card
ORD_02455,2025-12-01,CUS_02455,Customer_066,Warangal,Telangana,Electronics,Headphones,1,1963.17,20,253.45,Credit Card
ORD_02456,2025-12-01,CUS_02456,Customer_060,Warangal,Telangana,Clothing,Jeans,2,3350.48,5,396.61,Net Banking
ORD_02457,2025-12-01,CUS_02457,Customer_037,Nagpur,Maharashtra,Clothing,Sneakers,2,5319.09,5,956.72,Cash on Delivery
ORD_02458,2025-12-01,CUS_02458,Customer_149,Gurugram,Delhi,Furniture,Sofa,5,113761.02,0,8825.24,UPI
ORD_02459,2025-12-02,CUS_02459,Customer_107,Madurai,Tamil Nadu,Clothing,Sneakers,2,5365.82,10,287.86,Net Banking
ORD_02460,2025-12-03,CUS_02460,Customer_065,Chennai,Tamil Nadu,Clothing,T-Shirt,1,769.04,20,184.12,Debit Card
ORD_02461,2025-12-03,CUS_02461,Customer_049,Hyderabad,Telangana,Electronics,Laptop,3,145815.02,15,13493.16,Cash on Delivery
ORD_02462,2025-12-03,CUS_02462,Customer_081,Udaipur,Rajasthan,Clothing,Sneakers,5,13901.23,0,860.41,UPI
ORD_02463,2025-12-04,CUS_02463,Customer_084,Mumbai,Maharashtra,Home & Kitchen,Mixer Grinder,3,9186.82,20,1983.59,Credit Card
ORD_02464,2025-12-07,CUS_02464,Customer_011,Kolkata,West Bengal,Clothing,Sneakers,1,2881.53,5,713.05,Credit Card
ORD_02465,2025-12-08,CUS_02465,Customer_058,Nagpur,Maharashtra,Clothing,Jeans,3,4275.42,20,931.13,UPI
ORD_02466,2025-12-08,CUS_02466,Customer_109,Delhi,Delhi,Home & Kitchen,Bedsheet,4,6406.58,0,1029.81,Net Banking
ORD_02467,2025-12-09,CUS_02467,Customer_079,Pune,Maharashtra,Home & Kitchen,Bedsheet,5,7298.64,5,928.9,Net Banking
ORD_02468,2025-12-11,CUS_02468,Customer_052,Ahmedabad,Gujarat,Clothing,Jacket,2,6512.81,5,391.22,Cash on Delivery
ORD_02469,2025-12-11,CUS_02469,Customer_059,Mangaluru,Karnataka,Furniture,Study Table,3,19444.47,20,1183.74,UPI
ORD_02470,2025-12-11,CUS_02470,Customer_147,Mumbai,Maharashtra,Furniture,Office Chair,3,17934.78,20,2924.55,Net Banking
ORD_02471,2025-12-12,CUS_02471,Customer_144,Hyderabad,Telangana,Clothing,Sneakers,1,2351.55,5,238.89,UPI
ORD_02472,2025-12-12,CUS_02472,Customer_132,Nizamabad,Telangana,Clothing,Jeans,4,6223.42,15,1440.41,Cash on Delivery
ORD_02473,2025-12-13,CUS_02473,Customer_079,Jodhpur,Rajasthan,Home & Kitchen,Bedsheet,2,2540.77,5,450.55,Debit Card
ORD_02474,2025-12-13,CUS_02474,Customer_140,Ahmedabad,Gujarat,Electronics,Laptop,2,103818.3,5,11881.29,Credit Card
ORD_02475,2025-12-14,CUS_02475,Customer_001,Kolkata,West Bengal,Furniture,Sofa,2,37744.68,20,8098.43,UPI
ORD_02476,2025-12-15,CUS_02476,Customer_070,Coimbatore,Tamil Nadu,Furniture,Study Table,3,29563.1,0,2369.29,Debit Card
ORD_02477,2025-12-16,CUS_02477,Customer_139,Jodhpur,Rajasthan,Furniture,Bookshelf,1,5883.91,0,1284.4,Debit Card
ORD_02478,2025-12-16,CUS_02478,Customer_056,Noida,Delhi,Furniture,Office Chair,3,18097.67,0,2646.41,Debit Card
ORD_02479,2025-12-16,CUS_02479,Customer_042,Surat,Gujarat,Home & Kitchen,Bedsheet,5,7998.22,0,1470.57,Net Banking
ORD_02480,2025-12-16,CUS_02480,Customer_005,Madurai,Tamil Nadu,Clothing,Jacket,3,8557.53,10,1133.24,Credit Card
ORD_02481,2025-12-17,CUS_02481,Customer_014,Coimbatore,Tamil Nadu,Electronics,Headphones,2,5142.06,5,663.48,Cash on Delivery
ORD_02482,2025-12-17,CUS_02482,Customer_007,Surat,Gujarat,Furniture,Office Chair,5,34092.27,0,5267.13,Cash on Delivery
ORD_02483,2025-12-18,CUS_02483,Customer_037,Kolkata,West Bengal,Clothing,T-Shirt,3,2304.66,5,416.34,UPI
ORD_02484,2025-12-18,CUS_02484,Customer_063,Howrah,West Bengal,Clothing,Jacket,3,10043.03,5,553.21,UPI
ORD_02485,2025-12-19,CUS_02485,Customer_074,Durgapur,West Bengal,Clothing,T-Shirt,4,3491.71,5,519.55,Net Banking
ORD_02486,2025-12-20,CUS_02486,Customer_106,Mumbai,Maharashtra,Home & Kitchen,Mixer Grinder,3,13942.65,10,1816.71,Debit Card
ORD_02487,2025-12-20,CUS_02487,Customer_111,Mangaluru,Karnataka,Home & Kitchen,Air Fryer,1,5325.53,20,739.23,Debit Card
ORD_02488,2025-12-20,CUS_02488,Customer_091,Durgapur,West Bengal,Furniture,Bookshelf,1,6006.25,10,973.54,Cash on Delivery
ORD_02489,2025-12-21,CUS_02489,Customer_137,Bengaluru,Karnataka,Electronics,Laptop,4,211588.9,15,20429.46,Cash on Delivery
ORD_02490,2025-12-22,CUS_02490,Customer_005,Bengaluru,Karnataka,Electronics,Smartwatch,5,19885.44,20,2816.52,Credit Card
ORD_02491,2025-12-25,CUS_02491,Customer_010,Howrah,West Bengal,Electronics,Smartwatch,1,4352.97,15,1074.38,Cash on Delivery
ORD_02492,2025-12-26,CUS_02492,Customer_005,Gurugram,Delhi,Home & Kitchen,Cookware Set,5,13953.69,10,1123.04,Cash on Delivery
ORD_02493,2025-12-26,CUS_02493,Customer_044,Udaipur,Rajasthan,Electronics,Headphones,3,6206.25,10,810.79,Net Banking
ORD_02494,2025-12-27,CUS_02494,Customer_066,Warangal,Telangana,Home & Kitchen,Cookware Set,5,15064.84,0,1438.26,Net Banking
ORD_02495,2025-12-27,CUS_02495,Customer_091,Coimbatore,Tamil Nadu,Home & Kitchen,Mixer Grinder,3,13410.68,5,1398.92,UPI
ORD_02496,2025-12-30,CUS_02496,Customer_139,Kolkata,West Bengal,Electronics,Smartwatch,2,7507.41,15,847.36,Cash on Delivery
ORD_02497,2025-12-30,CUS_02497,Customer_086,Chennai,Tamil Nadu,Electronics,Smartphone,1,20842.81,15,1957.18,UPI
ORD_02498,2025-12-31,CUS_02498,Customer_088,Vadodara,Gujarat,Electronics,Laptop,1,46228.35,5,8173.23,Debit Card
ORD_02499,2025-12-31,CUS_02499,Customer_113,Ahmedabad,Gujarat,Home & Kitchen,Cookware Set,4,14336.93,0,1018.67,Credit Card
ORD_02500,2025-12-31,CUS_02500,Customer_062,Madurai,Tamil Nadu,Electronics,Headphones,2,3769.62,15,502.22,UPI
ORD_02501,2025-01-02,CUS_02501,Customer_078,Jaipur,Rajasthan,Clothing,Jeans,4,7679.33,5,748.8,Net Banking
ORD_02502,2025-01-02,CUS_02502,Customer_132,Jaipur,Rajasthan,Home & Kitchen,Air Fryer,3,18610.35,15,1608.81,Credit Card
ORD_02503,2025-01-02,CUS_02503,Customer_016,Warangal,Telangana,Clothing,T-Shirt,3,2239.11,10,376.15,Credit Card
ORD_02504,2025-01-02,CUS_02504,Customer_117,Pune,Maharashtra,Furniture,Bookshelf,1,5272.24,15,444.82,Net Banking
ORD_02505,2025-01-02,CUS_02505,Customer_097,Hyderabad,Telangana,Electronics,Smartwatch,1,4340.4,15,826.82,UPI
ORD_02506,2025-01-03,CUS_02506,Customer_007,Madurai,Tamil Nadu,Furniture,Sofa,2,42539.95,10,4274.73,Debit Card
ORD_02507,2025-01-03,CUS_02507,Customer_009,Mysuru,Karnataka,Furniture,Bookshelf,3,15399.12,5,3108.6,Net Banking
ORD_02508,2025-01-04,CUS_02508,Customer_029,Bengaluru,Karnataka,Furniture,Bookshelf,3,15830.37,5,1294.73,UPI
ORD_02509,2025-01-06,CUS_02509,Customer_060,Vadodara,Gujarat,Furniture,Study Table,5,36825.9,20,4674.03,Net Banking
ORD_02510,2025-01-07,CUS_02510,Customer_055,Mangaluru,Karnataka,Furniture,Office Chair,2,10130.64,20,1199.07,Cash on Delivery
ORD_02511,2025-01-07,CUS_02511,Customer_072,Gurugram,Delhi,Home & Kitchen,Bedsheet,2,2800.79,10,420.97,Debit Card
ORD_02512,2025-01-07,CUS_02512,Customer_125,Nizamabad,Telangana,Furniture,Study Table,5,39843.39,10,3028.79,Net Banking
ORD_02513,2025-01-08,CUS_02513,Customer_053,Nagpur,Maharashtra,Home & Kitchen,Bedsheet,3,4789.92,0,1071.62,Debit Card
ORD_02514,2025-01-09,CUS_02514,Customer_148,Vadodara,Gujarat,Home & Kitchen,Mixer Grinder,3,11169.66,15,2060.54,Cash on Delivery
ORD_02515,2025-01-09,CUS_02515,Customer_123,Nagpur,Maharashtra,Furniture,Study Table,4,28556.4,10,2137.27,UPI
ORD_02516,2025-01-13,CUS_02516,Customer_125,Ahmedabad,Gujarat,Furniture,Sofa,4,82129.32,15,9942.9,Cash on Delivery
ORD_02517,2025-01-13,CUS_02517,Customer_084,Jaipur,Rajasthan,Clothing,T-Shirt,4,3786.59,0,380.66,Net Banking
ORD_02518,2025-01-15,CUS_02518,Customer_047,Noida,Delhi,Home & Kitchen,Bedsheet,1,1020.48,15,236.89,UPI
ORD_02519,2025-01-16,CUS_02519,Customer_039,Gurugram,Delhi,Clothing,Jeans,1,1557.28,10,389.18,Net Banking
ORD_02520,2025-01-16,CUS_02520,Customer_119,Nizamabad,Telangana,Electronics,Smartwatch,3,14212.74,15,2813.36,UPI
ORD_02521,2025-01-18,CUS_02521,Customer_019,Mangaluru,Karnataka,Furniture,Sofa,5,91299.37,20,13184.85,UPI
ORD_02522,2025-01-18,CUS_02522,Customer_091,Hyderabad,Telangana,Furniture,Office Chair,1,5138.27,15,1010.18,Net Banking
ORD_02523,2025-01-19,CUS_02523,Customer_044,Warangal,Telangana,Furniture,Sofa,1,19860.38,20,1882.69,Debit Card
ORD_02524,2025-01-20,CUS_02524,Customer_121,Pune,Maharashtra,Furniture,Sofa,1,18772.81,0,4535.79,Debit Card
ORD_02525,2025-01-20,CUS_02525,Customer_108,Ahmedabad,Gujarat,Clothing,Jeans,5,7947.89,20,947.29,Cash on Delivery
ORD_02526,2025-01-20,CUS_02526,Customer_132,Nizamabad,Telangana,Clothing,Jacket,3,10253.94,15,1303.02,Credit Card
ORD_02527,2025-01-21,CUS_02527,Customer_085,Mangaluru,Karnataka,Clothing,Jacket,2,6149.05,20,546.8,Cash on Delivery
ORD_02528,2025-01-22,CUS_02528,Customer_084,Bengaluru,Karnataka,Electronics,Headphones,5,11242.36,15,2450.72,Debit Card
ORD_02529,2025-01-22,CUS_02529,Customer_119,Nizamabad,Telangana,Clothing,T-Shirt,1,820.34,10,101.35,Net Banking
ORD_02530,2025-01-23,CUS_02530,Customer_104,Hyderabad,Telangana,Home & Kitchen,Bedsheet,1,1285.0,15,244.16,UPI
ORD_02531,2025-01-25,CUS_02531,Customer_010,Mysuru,Karnataka,Clothing,Jeans,3,4378.08,15,720.67,Credit Card
ORD_02532,2025-01-25,CUS_02532,Customer_112,Durgapur,West Bengal,Electronics,Headphones,4,10139.38,0,831.89,Credit Card
ORD_02533,2025-01-25,CUS_02533,Customer_046,Ahmedabad,Gujarat,Electronics,Smartwatch,5,23698.84,5,1834.71,Net Banking
ORD_02534,2025-01-26,CUS_02534,Customer_137,Chennai,Tamil Nadu,Furniture,Bookshelf,3,12251.16,20,2779.07,UPI
ORD_02535,2025-01-27,CUS_02535,Customer_005,Mysuru,Karnataka,Electronics,Headphones,4,8353.15,15,530.61,Net Banking
ORD_02536,2025-01-28,CUS_02536,Customer_103,Durgapur,West Bengal,Clothing,Sneakers,5,9681.91,20,1449.52,UPI
ORD_02537,2025-01-28,CUS_02537,Customer_149,Howrah,West Bengal,Electronics,Smartwatch,4,18216.85,15,4461.64,UPI
ORD_02538,2025-01-29,CUS_02538,Customer_123,Jaipur,Rajasthan,Electronics,Smartwatch,5,21936.15,0,2812.96,UPI
ORD_02539,2025-01-29,CUS_02539,Customer_046,Pune,Maharashtra,Furniture,Bookshelf,5,27234.39,10,1743.16,UPI
ORD_02540,2025-01-29,CUS_02540,Customer_002,Nizamabad,Telangana,Home & Kitchen,Cookware Set,3,8307.38,15,487.1,Net Banking
ORD_02541,2025-01-30,CUS_02541,Customer_022,Warangal,Telangana,Furniture,Study Table,4,26507.41,20,5587.54,Cash on Delivery
ORD_02542,2025-01-30,CUS_02542,Customer_122,Vadodara,Gujarat,Furniture,Sofa,3,57636.77,0,6412.82,Cash on Delivery
ORD_02543,2025-02-03,CUS_02543,Customer_069,Kolkata,West Bengal,Home & Kitchen,Cookware Set,1,2967.96,15,187.72,Net Banking
ORD_02544,2025-02-04,CUS_02544,Customer_012,Coimbatore,Tamil Nadu,Electronics,Laptop,1,50455.17,20,10980.58,Debit Card
ORD_02545,2025-02-05,CUS_02545,Customer_029,Chennai,Tamil Nadu,Home & Kitchen,Bedsheet,5,5178.81,20,818.09,Net Banking
ORD_02546,2025-02-05,CUS_02546,Customer_044,Jodhpur,Rajasthan,Furniture,Office Chair,3,19085.13,15,1183.82,Net Banking
ORD_02547,2025-02-06,CUS_02547,Customer_143,Nizamabad,Telangana,Furniture,Bookshelf,3,19284.5,0,3405.28,Net Banking
ORD_02548,2025-02-07,CUS_02548,Customer_102,Vadodara,Gujarat,Electronics,Headphones,3,6931.92,5,913.32,Net Banking
ORD_02549,2025-02-07,CUS_02549,Customer_124,Bengaluru,Karnataka,Furniture,Sofa,2,48085.61,0,7701.94,Debit Card
ORD_02550,2025-02-07,CUS_02550,Customer_076,Delhi,Delhi,Home & Kitchen,Bedsheet,2,2416.74,5,348.43,Debit Card
ORD_02551,2025-02-08,CUS_02551,Customer_085,Surat,Gujarat,Furniture,Sofa,5,103690.35,5,21015.22,Cash on Delivery
ORD_02552,2025-02-08,CUS_02552,Customer_019,Howrah,West Bengal,Home & Kitchen,Air Fryer,3,19009.18,10,1896.07,Debit Card
ORD_02553,2025-02-08,CUS_02553,Customer_108,Chennai,Tamil Nadu,Furniture,Bookshelf,5,28758.77,5,5606.62,UPI
ORD_02554,2025-02-08,CUS_02554,Customer_065,Warangal,Telangana,Furniture,Bookshelf,5,28209.8,15,2805.97,UPI
ORD_02555,2025-02-09,CUS_02555,Customer_018,Coimbatore,Tamil Nadu,Clothing,Jeans,3,4439.69,20,409.04,Net Banking
ORD_02556,2025-02-10,CUS_02556,Customer_034,Delhi,Delhi,Home & Kitchen,Cookware Set,3,11111.62,5,1098.58,Debit Card
ORD_02557,2025-02-10,CUS_02557,Customer_124,Noida,Delhi,Home & Kitchen,Mixer Grinder,5,16765.28,20,2805.67,Net Banking
ORD_02558,2025-02-11,CUS_02558,Customer_049,Vadodara,Gujarat,Clothing,Jeans,4,7561.12,5,1135.91,Credit Card
ORD_02559,2025-02-11,CUS_02559,Customer_021,Pune,Maharashtra,Home & Kitchen,Air Fryer,1,5377.97,20,763.08,Net Banking
ORD_02560,2025-02-12,CUS_02560,Customer_080,Kolkata,West Bengal,Electronics,Headphones,5,12807.61,10,3080.15,Credit Card
ORD_02561,2025-02-12,CUS_02561,Customer_087,Bengaluru,Karnataka,Home & Kitchen,Bedsheet,1,1100.94,20,63.42,UPI
ORD_02562,2025-02-12,CUS_02562,Customer_093,Kolkata,West Bengal,Clothing,Jeans,4,6008.94,15,1323.71,Credit Card
ORD_02563,2025-02-13,CUS_02563,Customer_131,Kolkata,West Bengal,Home & Kitchen,Cookware Set,4,14385.33,5,906.86,UPI
ORD_02564,2025-02-15,CUS_02564,Customer_060,Surat,Gujarat,Home & Kitchen,Air Fryer,3,18050.83,15,1019.97,UPI
ORD_02565,2025-02-15,CUS_02565,Customer_020,Jodhpur,Rajasthan,Electronics,Smartphone,3,60887.8,20,12715.94,Credit Card
ORD_02566,2025-02-15,CUS_02566,Customer_141,Gurugram,Delhi,Furniture,Bookshelf,1,4482.86,20,953.77,Debit Card
ORD_02567,2025-02-15,CUS_02567,Customer_090,Pune,Maharashtra,Electronics,Smartphone,5,101461.46,20,14423.33,Credit Card
ORD_02568,2025-02-15,CUS_02568,Customer_122,Warangal,Telangana,Home & Kitchen,Mixer Grinder,1,4267.66,5,993.86,Credit Card
ORD_02569,2025-02-16,CUS_02569,Customer_057,Udaipur,Rajasthan,Home & Kitchen,Air Fryer,3,18115.78,15,2128.02,UPI
ORD_02570,2025-02-16,CUS_02570,Customer_146,Warangal,Telangana,Electronics,Headphones,4,7849.25,10,1484.15,UPI
ORD_02571,2025-02-16,CUS_02571,Customer_069,Udaipur,Rajasthan,Home & Kitchen,Cookware Set,3,11312.22,0,1339.09,UPI
ORD_02572,2025-02-16,CUS_02572,Customer_111,Delhi,Delhi,Furniture,Study Table,4,32803.47,0,7009.25,UPI
ORD_02573,2025-02-18,CUS_02573,Customer_063,Durgapur,West Bengal,Furniture,Sofa,4,75777.93,10,4576.33,Net Banking
ORD_02574,2025-02-19,CUS_02574,Customer_020,Mysuru,Karnataka,Clothing,Jeans,2,3334.04,5,319.64,Credit Card
ORD_02575,2025-02-20,CUS_02575,Customer_106,Jodhpur,Rajasthan,Home & Kitchen,Mixer Grinder,1,4150.49,15,454.86,UPI
ORD_02576,2025-02-20,CUS_02576,Customer_059,Nizamabad,Telangana,Clothing,Sneakers,3,8059.22,15,1253.49,Net Banking
ORD_02577,2025-02-21,CUS_02577,Customer_054,Delhi,Delhi,Furniture,Bookshelf,1,6075.84,5,1015.72,Cash on Delivery
ORD_02578,2025-02-21,CUS_02578,Customer_128,Chennai,Tamil Nadu,Electronics,Headphones,4,8130.01,15,1951.3,Debit Card
ORD_02579,2025-02-22,CUS_02579,Customer_147,Ahmedabad,Gujarat,Clothing,T-Shirt,1,730.58,20,41.45,Debit Card
ORD_02580,2025-02-22,CUS_02580,Customer_108,Howrah,West Bengal,Electronics,Smartwatch,1,4263.49,15,784.51,Cash on Delivery
ORD_02581,2025-02-22,CUS_02581,Customer_142,Madurai,Tamil Nadu,Home & Kitchen,Mixer Grinder,4,17057.86,10,4062.76,Net Banking
ORD_02582,2025-02-22,CUS_02582,Customer_138,Chennai,Tamil Nadu,Home & Kitchen,Air Fryer,3,20476.17,0,1480.48,Cash on Delivery
ORD_02583,2025-02-23,CUS_02583,Customer_072,Warangal,Telangana,Clothing,T-Shirt,1,822.57,10,79.14,UPI
ORD_02584,2025-02-23,CUS_02584,Customer_012,Madurai,Tamil Nadu,Home & Kitchen,Air Fryer,2,11693.56,10,1801.19,Cash on Delivery
ORD_02585,2025-02-24,CUS_02585,Customer_072,Mysuru,Karnataka,Home & Kitchen,Bedsheet,4,5178.2,15,545.2,UPI
ORD_02586,2025-02-24,CUS_02586,Customer_121,Kolkata,West Bengal,Clothing,Jacket,1,2996.3,5,207.75,Cash on Delivery
ORD_02587,2025-02-25,CUS_02587,Customer_085,Warangal,Telangana,Furniture,Bookshelf,3,18369.71,0,1692.88,Credit Card
ORD_02588,2025-02-26,CUS_02588,Customer_030,Mangaluru,Karnataka,Furniture,Office Chair,5,31352.05,10,2042.27,Credit Card
ORD_02589,2025-02-27,CUS_02589,Customer_006,Jodhpur,Rajasthan,Electronics,Laptop,2,102936.15,5,8839.43,Net Banking
ORD_02590,2025-02-27,CUS_02590,Customer_054,Durgapur,West Bengal,Electronics,Smartwatch,3,13512.72,0,1742.31,Debit Card
ORD_02591,2025-02-28,CUS_02591,Customer_077,Durgapur,West Bengal,Clothing,Jeans,4,8268.89,0,2040.78,Cash on Delivery
ORD_02592,2025-02-28,CUS_02592,Customer_017,Jaipur,Rajasthan,Home & Kitchen,Bedsheet,4,4823.52,15,990.68,Credit Card
ORD_02593,2025-02-28,CUS_02593,Customer_073,Mumbai,Maharashtra,Electronics,Headphones,5,8856.13,20,1479.11,Credit Card
ORD_02594,2025-03-02,CUS_02594,Customer_135,Pune,Maharashtra,Clothing,Jeans,3,4448.1,20,490.22,Debit Card
ORD_02595,2025-03-02,CUS_02595,Customer_037,Howrah,West Bengal,Clothing,T-Shirt,1,740.13,15,69.31,Net Banking
ORD_02596,2025-03-05,CUS_02596,Customer_126,Nagpur,Maharashtra,Clothing,Jacket,5,15406.78,20,1708.93,Credit Card
ORD_02597,2025-03-06,CUS_02597,Customer_145,Warangal,Telangana,Furniture,Sofa,3,47737.86,15,7044.53,Credit Card
ORD_02598,2025-03-06,CUS_02598,Customer_121,Hyderabad,Telangana,Furniture,Office Chair,4,24018.88,20,5672.72,Debit Card
ORD_02599,2025-03-08,CUS_02599,Customer_134,Gurugram,Delhi,Clothing,Jeans,5,9087.73,10,1441.04,Debit Card
ORD_02600,2025-03-08,CUS_02600,Customer_068,Gurugram,Delhi,Furniture,Study Table,4,26494.99,20,4470.19,UPI
ORD_02601,2025-03-09,CUS_02601,Customer_037,Jodhpur,Rajasthan,Home & Kitchen,Cookware Set,1,3856.85,0,375.56,Credit Card
ORD_02602,2025-03-09,CUS_02602,Customer_016,Nizamabad,Telangana,Electronics,Smartphone,3,61681.79,15,14934.73,Debit Card
ORD_02603,2025-03-10,CUS_02603,Customer_078,Bengaluru,Karnataka,Clothing,Sneakers,1,2532.32,20,497.7,Debit Card
ORD_02604,2025-03-10,CUS_02604,Customer_027,Howrah,West Bengal,Clothing,Jacket,3,9444.3,15,1824.98,Cash on Delivery
ORD_02605,2025-03-11,CUS_02605,Customer_022,Mumbai,Maharashtra,Home & Kitchen,Bedsheet,1,1371.59,0,195.86,Net Banking
ORD_02606,2025-03-11,CUS_02606,Customer_096,Coimbatore,Tamil Nadu,Electronics,Headphones,3,6399.68,15,938.71,Credit Card
ORD_02607,2025-03-14,CUS_02607,Customer_014,Durgapur,West Bengal,Furniture,Sofa,2,43972.51,10,9146.55,Net Banking
ORD_02608,2025-03-14,CUS_02608,Customer_118,Udaipur,Rajasthan,Furniture,Office Chair,1,7081.01,10,703.37,Credit Card
ORD_02609,2025-03-16,CUS_02609,Customer_104,Coimbatore,Tamil Nadu,Home & Kitchen,Air Fryer,3,21591.74,0,2940.73,Credit Card
ORD_02610,2025-03-16,CUS_02610,Customer_066,Howrah,West Bengal,Furniture,Bookshelf,1,4929.54,20,858.04,Debit Card
ORD_02611,2025-03-17,CUS_02611,Customer_087,Delhi,Delhi,Electronics,Laptop,3,181279.13,0,40201.07,Debit Card
ORD_02612,2025-03-18,CUS_02612,Customer_063,Mysuru,Karnataka,Furniture,Sofa,2,44173.38,10,6568.59,Debit Card
ORD_02613,2025-03-19,CUS_02613,Customer_088,Jaipur,Rajasthan,Clothing,Jacket,1,3381.58,5,713.73,Debit Card
ORD_02614,2025-03-19,CUS_02614,Customer_081,Surat,Gujarat,Clothing,T-Shirt,1,810.93,5,65.85,Net Banking
ORD_02615,2025-03-19,CUS_02615,Customer_047,Delhi,Delhi,Furniture,Sofa,4,85987.08,10,16095.26,Cash on Delivery
ORD_02616,2025-03-20,CUS_02616,Customer_025,Madurai,Tamil Nadu,Clothing,T-Shirt,1,897.66,5,57.12,Cash on Delivery
ORD_02617,2025-03-24,CUS_02617,Customer_141,Bengaluru,Karnataka,Clothing,Jeans,4,6987.35,5,1595.73,UPI
ORD_02618,2025-03-25,CUS_02618,Customer_107,Jodhpur,Rajasthan,Home & Kitchen,Cookware Set,2,6565.45,15,533.62,Credit Card
ORD_02619,2025-03-25,CUS_02619,Customer_101,Mangaluru,Karnataka,Electronics,Smartphone,4,68751.26,20,16412.52,Debit Card
ORD_02620,2025-03-27,CUS_02620,Customer_005,Coimbatore,Tamil Nadu,Furniture,Sofa,2,31908.97,20,4427.37,Credit Card
ORD_02621,2025-03-27,CUS_02621,Customer_062,Vadodara,Gujarat,Furniture,Bookshelf,5,27233.31,20,4743.55,Credit Card
ORD_02622,2025-03-27,CUS_02622,Customer_137,Noida,Delhi,Electronics,Smartwatch,3,13596.11,0,1700.22,Credit Card
ORD_02623,2025-03-27,CUS_02623,Customer_071,Hyderabad,Telangana,Electronics,Laptop,1,41858.74,15,5592.24,UPI
ORD_02624,2025-03-28,CUS_02624,Customer_124,Hyderabad,Telangana,Clothing,Jacket,3,9595.88,5,2202.12,Cash on Delivery
ORD_02625,2025-03-28,CUS_02625,Customer_132,Delhi,Delhi,Home & Kitchen,Cookware Set,2,7360.48,5,1686.38,UPI
ORD_02626,2025-03-29,CUS_02626,Customer_075,Jaipur,Rajasthan,Clothing,Jacket,5,17108.04,5,1389.15,Net Banking
ORD_02627,2025-03-30,CUS_02627,Customer_042,Kolkata,West Bengal,Electronics,Headphones,3,6630.81,15,750.87,Credit Card
ORD_02628,2025-03-31,CUS_02628,Customer_097,Hyderabad,Telangana,Electronics,Laptop,1,42188.81,10,9230.28,Net Banking
ORD_02629,2025-03-31,CUS_02629,Customer_045,Gurugram,Delhi,Home & Kitchen,Bedsheet,5,6332.05,15,1170.93,Cash on Delivery
ORD_02630,2025-03-31,CUS_02630,Customer_004,Kolkata,West Bengal,Electronics,Smartphone,2,42296.98,15,6122.99,UPI
ORD_02631,2025-03-31,CUS_02631,Customer_103,Delhi,Delhi,Electronics,Smartphone,1,26062.16,5,3372.04,Credit Card
ORD_02632,2025-04-02,CUS_02632,Customer_082,Coimbatore,Tamil Nadu,Clothing,T-Shirt,3,2709.13,0,331.74,Debit Card
ORD_02633,2025-04-02,CUS_02633,Customer_084,Chennai,Tamil Nadu,Home & Kitchen,Cookware Set,2,6421.41,5,446.51,Cash on Delivery
ORD_02634,2025-04-02,CUS_02634,Customer_116,Coimbatore,Tamil Nadu,Clothing,Sneakers,4,9012.11,20,1639.54,Debit Card
ORD_02635,2025-04-02,CUS_02635,Customer_143,Jaipur,Rajasthan,Home & Kitchen,Mixer Grinder,4,15988.33,15,3634.52,Credit Card
ORD_02636,2025-04-04,CUS_02636,Customer_025,Durgapur,West Bengal,Electronics,Laptop,1,46209.83,10,11097.5,UPI
ORD_02637,2025-04-05,CUS_02637,Customer_083,Mumbai,Maharashtra,Furniture,Bookshelf,4,24692.77,10,4088.17,Net Banking
ORD_02638,2025-04-05,CUS_02638,Customer_080,Mumbai,Maharashtra,Furniture,Bookshelf,3,14937.11,10,2351.89,Debit Card
ORD_02639,2025-04-07,CUS_02639,Customer_029,Delhi,Delhi,Home & Kitchen,Mixer Grinder,1,4842.93,5,666.0,Credit Card
ORD_02640,2025-04-07,CUS_02640,Customer_038,Warangal,Telangana,Home & Kitchen,Bedsheet,5,6291.35,10,1306.84,Net Banking
ORD_02641,2025-04-08,CUS_02641,Customer_075,Ahmedabad,Gujarat,Electronics,Smartwatch,1,5508.77,0,1152.44,UPI
ORD_02642,2025-04-08,CUS_02642,Customer_017,Delhi,Delhi,Electronics,Smartphone,4,106684.43,0,22226.63,Credit Card
ORD_02643,2025-04-08,CUS_02643,Customer_109,Jaipur,Rajasthan,Furniture,Study Table,3,25047.51,5,3885.82,Net Banking
ORD_02644,2025-04-09,CUS_02644,Customer_006,Madurai,Tamil Nadu,Home & Kitchen,Mixer Grinder,1,4134.11,20,437.85,Cash on Delivery
ORD_02645,2025-04-11,CUS_02645,Customer_042,Howrah,West Bengal,Clothing,Sneakers,2,5697.01,0,928.0,Cash on Delivery
ORD_02646,2025-04-11,CUS_02646,Customer_008,Durgapur,West Bengal,Clothing,Jeans,3,6183.3,0,1048.83,Cash on Delivery
ORD_02647,2025-04-12,CUS_02647,Customer_132,Delhi,Delhi,Electronics,Headphones,1,2096.49,5,274.28,Debit Card
ORD_02648,2025-04-14,CUS_02648,Customer_132,Nizamabad,Telangana,Home & Kitchen,Mixer Grinder,1,3374.44,20,437.33,Debit Card
ORD_02649,2025-04-14,CUS_02649,Customer_017,Warangal,Telangana,Home & Kitchen,Cookware Set,2,6159.56,5,1388.82,UPI
ORD_02650,2025-04-16,CUS_02650,Customer_130,Jaipur,Rajasthan,Electronics,Headphones,4,7722.27,15,1592.21,Cash on Delivery
ORD_02651,2025-04-16,CUS_02651,Customer_019,Jaipur,Rajasthan,Home & Kitchen,Bedsheet,5,6190.58,10,909.26,Net Banking
ORD_02652,2025-04-16,CUS_02652,Customer_018,Gurugram,Delhi,Furniture,Office Chair,2,11060.33,20,1320.74,Net Banking
ORD_02653,2025-04-16,CUS_02653,Customer_144,Chennai,Tamil Nadu,Home & Kitchen,Cookware Set,3,10075.27,15,1590.2,Cash on Delivery
ORD_02654,2025-04-17,CUS_02654,Customer_003,Mangaluru,Karnataka,Electronics,Smartphone,5,90534.29,20,22265.04,UPI
ORD_02655,2025-04-17,CUS_02655,Customer_073,Pune,Maharashtra,Electronics,Headphones,3,6793.43,10,1386.87,UPI
ORD_02656,2025-04-18,CUS_02656,Customer_122,Durgapur,West Bengal,Home & Kitchen,Cookware Set,3,9391.86,20,484.73,Cash on Delivery
ORD_02657,2025-04-18,CUS_02657,Customer_060,Coimbatore,Tamil Nadu,Furniture,Bookshelf,3,15986.13,0,3446.19,Net Banking
ORD_02658,2025-04-19,CUS_02658,Customer_116,Hyderabad,Telangana,Electronics,Smartphone,4,93240.6,15,13940.21,Net Banking
ORD_02659,2025-04-19,CUS_02659,Customer_100,Durgapur,West Bengal,Furniture,Sofa,1,20734.68,10,4066.06,Net Banking
ORD_02660,2025-04-22,CUS_02660,Customer_006,Durgapur,West Bengal,Furniture,Sofa,2,46116.42,5,7047.47,Debit Card
ORD_02661,2025-04-22,CUS_02661,Customer_046,Ahmedabad,Gujarat,Clothing,Jeans,1,1293.28,20,171.0,Net Banking
ORD_02662,2025-04-22,CUS_02662,Customer_147,Hyderabad,Telangana,Furniture,Office Chair,2,11954.61,0,1094.77,Net Banking
ORD_02663,2025-04-23,CUS_02663,Customer_084,Pune,Maharashtra,Electronics,Headphones,4,8646.44,10,1463.53,UPI
ORD_02664,2025-04-23,CUS_02664,Customer_101,Chennai,Tamil Nadu,Furniture,Office Chair,2,15145.16,5,2914.75,UPI
ORD_02665,2025-04-23,CUS_02665,Customer_020,Bengaluru,Karnataka,Home & Kitchen,Mixer Grinder,2,7671.54,10,689.68,Cash on Delivery
ORD_02666,2025-04-24,CUS_02666,Customer_058,Mumbai,Maharashtra,Furniture,Study Table,2,15425.44,10,1640.82,Net Banking
ORD_02667,2025-04-24,CUS_02667,Customer_081,Howrah,West Bengal,Furniture,Study Table,5,32977.98,20,7548.53,Net Banking
ORD_02668,2025-04-26,CUS_02668,Customer_099,Surat,Gujarat,Electronics,Smartphone,2,47608.17,0,2879.26,Credit Card
ORD_02669,2025-04-27,CUS_02669,Customer_148,Nagpur,Maharashtra,Electronics,Smartwatch,1,5391.51,0,954.78,Debit Card
ORD_02670,2025-04-28,CUS_02670,Customer_057,Jaipur,Rajasthan,Furniture,Bookshelf,4,17722.76,15,3493.73,Net Banking
ORD_02671,2025-04-30,CUS_02671,Customer_013,Mysuru,Karnataka,Clothing,Jeans,2,3430.53,10,731.27,Net Banking
ORD_02672,2025-05-04,CUS_02672,Customer_052,Jaipur,Rajasthan,Home & Kitchen,Bedsheet,1,1094.55,15,121.77,Credit Card
ORD_02673,2025-05-04,CUS_02673,Customer_148,Bengaluru,Karnataka,Home & Kitchen,Mixer Grinder,2,7248.61,15,1350.66,UPI
ORD_02674,2025-05-05,CUS_02674,Customer_085,Gurugram,Delhi,Clothing,Sneakers,3,6438.13,10,1126.17,Credit Card
ORD_02675,2025-05-06,CUS_02675,Customer_043,Gurugram,Delhi,Furniture,Sofa,2,40513.13,5,9845.65,Credit Card
ORD_02676,2025-05-06,CUS_02676,Customer_149,Hyderabad,Telangana,Clothing,Jeans,1,1586.08,5,281.08,Cash on Delivery
ORD_02677,2025-05-06,CUS_02677,Customer_012,Nagpur,Maharashtra,Clothing,Jacket,2,5499.31,15,480.55,Net Banking
ORD_02678,2025-05-06,CUS_02678,Customer_129,Bengaluru,Karnataka,Furniture,Study Table,4,24924.78,20,2966.4,Credit Card
ORD_02679,2025-05-06,CUS_02679,Customer_128,Noida,Delhi,Electronics,Laptop,3,139780.72,15,21868.55,Net Banking
ORD_02680,2025-05-07,CUS_02680,Customer_047,Jaipur,Rajasthan,Electronics,Smartphone,4,109186.04,0,18502.19,Credit Card
ORD_02681,2025-05-07,CUS_02681,Customer_098,Durgapur,West Bengal,Clothing,Sneakers,2,5162.71,5,396.32,Debit Card
ORD_02682,2025-05-07,CUS_02682,Customer_085,Warangal,Telangana,Home & Kitchen,Cookware Set,1,3148.15,10,430.4,UPI
ORD_02683,2025-05-08,CUS_02683,Customer_058,Kolkata,West Bengal,Clothing,Jacket,2,5246.49,15,695.87,Net Banking
ORD_02684,2025-05-08,CUS_02684,Customer_039,Mumbai,Maharashtra,Home & Kitchen,Air Fryer,5,27533.69,20,2022.1,Credit Card
ORD_02685,2025-05-08,CUS_02685,Customer_052,Madurai,Tamil Nadu,Home & Kitchen,Air Fryer,2,11742.45,10,1405.96,Credit Card
ORD_02686,2025-05-11,CUS_02686,Customer_101,Mumbai,Maharashtra,Home & Kitchen,Air Fryer,5,31264.79,10,5072.67,UPI
ORD_02687,2025-05-12,CUS_02687,Customer_063,Vadodara,Gujarat,Clothing,Jeans,2,3637.21,0,473.39,UPI
ORD_02688,2025-05-12,CUS_02688,Customer_054,Delhi,Delhi,Furniture,Bookshelf,5,29178.14,5,6533.6,Cash on Delivery
ORD_02689,2025-05-13,CUS_02689,Customer_001,Nagpur,Maharashtra,Furniture,Study Table,2,15064.89,15,3250.65,Cash on Delivery
ORD_02690,2025-05-13,CUS_02690,Customer_126,Udaipur,Rajasthan,Electronics,Laptop,3,166356.28,0,35698.68,Debit Card
ORD_02691,2025-05-14,CUS_02691,Customer_031,Surat,Gujarat,Home & Kitchen,Air Fryer,5,22185.77,20,2279.29,Debit Card
ORD_02692,2025-05-16,CUS_02692,Customer_027,Nizamabad,Telangana,Furniture,Study Table,1,6126.31,20,885.24,Debit Card
ORD_02693,2025-05-16,CUS_02693,Customer_026,Gurugram,Delhi,Clothing,Jeans,3,5412.02,5,534.87,UPI
ORD_02694,2025-05-16,CUS_02694,Customer_073,Nizamabad,Telangana,Electronics,Smartphone,4,87569.75,0,14812.44,UPI
ORD_02695,2025-05-17,CUS_02695,Customer_078,Delhi,Delhi,Electronics,Headphones,3,7159.95,0,1576.23,Credit Card
ORD_02696,2025-05-17,CUS_02696,Customer_107,Nagpur,Maharashtra,Furniture,Bookshelf,3,14545.74,15,2391.06,UPI
ORD_02697,2025-05-18,CUS_02697,Customer_100,Jaipur,Rajasthan,Furniture,Study Table,5,41199.38,5,2219.23,Debit Card
ORD_02698,2025-05-18,CUS_02698,Customer_011,Mysuru,Karnataka,Electronics,Headphones,5,8787.14,20,1567.58,UPI
ORD_02699,2025-05-19,CUS_02699,Customer_009,Ahmedabad,Gujarat,Home & Kitchen,Mixer Grinder,3,12495.92,5,2397.52,Credit Card
ORD_02700,2025-05-19,CUS_02700,Customer_115,Ahmedabad,Gujarat,Electronics,Smartwatch,3,15111.31,0,1610.26,UPI
ORD_02701,2025-05-19,CUS_02701,Customer_063,Jaipur,Rajasthan,Electronics,Laptop,1,50568.23,15,5496.65,Debit Card
ORD_02702,2025-05-21,CUS_02702,Customer_073,Udaipur,Rajasthan,Furniture,Bookshelf,5,33255.22,0,1868.0,Cash on Delivery
ORD_02703,2025-05-21,CUS_02703,Customer_098,Ahmedabad,Gujarat,Clothing,Jacket,2,6474.17,5,546.02,UPI
ORD_02704,2025-05-24,CUS_02704,Customer_026,Ahmedabad,Gujarat,Clothing,T-Shirt,3,2143.32,20,376.55,UPI
ORD_02705,2025-05-24,CUS_02705,Customer_052,Jodhpur,Rajasthan,Electronics,Smartwatch,4,17521.31,10,3109.79,Net Banking
ORD_02706,2025-05-24,CUS_02706,Customer_098,Noida,Delhi,Electronics,Laptop,2,115418.2,0,21214.38,Debit Card
ORD_02707,2025-05-24,CUS_02707,Customer_090,Chennai,Tamil Nadu,Furniture,Study Table,3,23269.07,0,1208.53,UPI
ORD_02708,2025-05-24,CUS_02708,Customer_096,Warangal,Telangana,Clothing,Sneakers,2,4656.45,15,852.47,Net Banking
ORD_02709,2025-05-25,CUS_02709,Customer_070,Howrah,West Bengal,Electronics,Laptop,4,213731.37,0,39011.16,Debit Card
ORD_02710,2025-05-25,CUS_02710,Customer_083,Delhi,Delhi,Clothing,T-Shirt,3,2195.92,20,428.7,Net Banking
ORD_02711,2025-05-26,CUS_02711,Customer_075,Jaipur,Rajasthan,Electronics,Smartphone,2,41195.21,5,5697.55,Cash on Delivery
ORD_02712,2025-05-27,CUS_02712,Customer_122,Pune,Maharashtra,Clothing,Jeans,4,5322.99,20,776.39,Cash on Delivery
ORD_02713,2025-05-27,CUS_02713,Customer_099,Chennai,Tamil Nadu,Furniture,Office Chair,4,25640.7,10,2249.75,Debit Card
ORD_02714,2025-05-28,CUS_02714,Customer_150,Surat,Gujarat,Home & Kitchen,Cookware Set,2,6379.41,15,771.81,Net Banking
ORD_02715,2025-05-29,CUS_02715,Customer_079,Ahmedabad,Gujarat,Furniture,Bookshelf,2,8545.35,20,460.07,Credit Card
ORD_02716,2025-05-31,CUS_02716,Customer_101,Hyderabad,Telangana,Furniture,Sofa,4,69345.24,20,12155.62,Credit Card
ORD_02717,2025-05-31,CUS_02717,Customer_053,Nagpur,Maharashtra,Home & Kitchen,Mixer Grinder,5,21104.17,0,3392.3,UPI
ORD_02718,2025-06-02,CUS_02718,Customer_143,Nizamabad,Telangana,Home & Kitchen,Cookware Set,3,10890.92,0,2172.98,UPI
ORD_02719,2025-06-02,CUS_02719,Customer_023,Mangaluru,Karnataka,Home & Kitchen,Mixer Grinder,1,3606.75,15,500.12,Net Banking
ORD_02720,2025-06-02,CUS_02720,Customer_037,Kolkata,West Bengal,Furniture,Office Chair,3,19754.35,5,2158.39,UPI
ORD_02721,2025-06-02,CUS_02721,Customer_061,Bengaluru,Karnataka,Home & Kitchen,Mixer Grinder,5,21809.64,10,4039.69,Cash on Delivery
ORD_02722,2025-06-03,CUS_02722,Customer_014,Howrah,West Bengal,Clothing,Jacket,3,10256.03,0,1377.27,UPI
ORD_02723,2025-06-05,CUS_02723,Customer_073,Durgapur,West Bengal,Home & Kitchen,Air Fryer,1,6364.16,0,499.27,Debit Card
ORD_02724,2025-06-09,CUS_02724,Customer_059,Chennai,Tamil Nadu,Electronics,Headphones,3,5851.34,20,1102.9,UPI
ORD_02725,2025-06-09,CUS_02725,Customer_127,Nagpur,Maharashtra,Electronics,Laptop,4,187022.26,10,22343.3,Debit Card
ORD_02726,2025-06-09,CUS_02726,Customer_138,Vadodara,Gujarat,Electronics,Headphones,5,12504.97,10,2823.8,Debit Card
ORD_02727,2025-06-09,CUS_02727,Customer_128,Mumbai,Maharashtra,Home & Kitchen,Mixer Grinder,5,19213.57,5,1062.55,Debit Card
ORD_02728,2025-06-10,CUS_02728,Customer_108,Surat,Gujarat,Furniture,Office Chair,3,15115.38,20,2210.88,UPI
ORD_02729,2025-06-10,CUS_02729,Customer_003,Jaipur,Rajasthan,Furniture,Study Table,5,38320.04,15,4373.41,Credit Card
ORD_02730,2025-06-10,CUS_02730,Customer_032,Delhi,Delhi,Furniture,Office Chair,4,27586.21,5,5726.36,Net Banking
ORD_02731,2025-06-10,CUS_02731,Customer_021,Madurai,Tamil Nadu,Furniture,Office Chair,2,14185.78,5,1225.15,Cash on Delivery
ORD_02732,2025-06-10,CUS_02732,Customer_054,Surat,Gujarat,Furniture,Office Chair,2,10142.99,15,974.24,Credit Card
ORD_02733,2025-06-11,CUS_02733,Customer_115,Ahmedabad,Gujarat,Furniture,Bookshelf,2,12705.29,5,1535.49,UPI
ORD_02734,2025-06-11,CUS_02734,Customer_119,Howrah,West Bengal,Electronics,Laptop,3,157811.66,5,10316.53,Credit Card
ORD_02735,2025-06-12,CUS_02735,Customer_091,Madurai,Tamil Nadu,Electronics,Headphones,3,7780.5,5,397.92,Net Banking
ORD_02736,2025-06-12,CUS_02736,Customer_015,Coimbatore,Tamil Nadu,Clothing,Jacket,5,13929.92,10,851.41,Cash on Delivery
ORD_02737,2025-06-14,CUS_02737,Customer_019,Madurai,Tamil Nadu,Electronics,Laptop,3,183825.58,0,38328.42,Net Banking
ORD_02738,2025-06-14,CUS_02738,Customer_017,Mysuru,Karnataka,Furniture,Sofa,5,120396.8,0,12618.91,UPI
ORD_02739,2025-06-16,CUS_02739,Customer_047,Noida,Delhi,Furniture,Sofa,1,18579.14,20,1196.91,Cash on Delivery
ORD_02740,2025-06-16,CUS_02740,Customer_073,Madurai,Tamil Nadu,Home & Kitchen,Bedsheet,1,1088.56,10,202.54,Credit Card
ORD_02741,2025-06-17,CUS_02741,Customer_121,Surat,Gujarat,Electronics,Headphones,4,8141.55,20,1737.62,Debit Card
ORD_02742,2025-06-19,CUS_02742,Customer_037,Pune,Maharashtra,Clothing,T-Shirt,5,3372.38,20,732.13,Cash on Delivery
ORD_02743,2025-06-21,CUS_02743,Customer_108,Delhi,Delhi,Electronics,Headphones,2,4445.57,10,950.55,Debit Card
ORD_02744,2025-06-22,CUS_02744,Customer_082,Jodhpur,Rajasthan,Home & Kitchen,Air Fryer,5,23778.57,20,5156.64,Cash on Delivery
ORD_02745,2025-06-23,CUS_02745,Customer_032,Gurugram,Delhi,Furniture,Sofa,2,38667.18,15,3794.74,UPI
ORD_02746,2025-06-24,CUS_02746,Customer_120,Vadodara,Gujarat,Electronics,Laptop,2,75916.5,20,9681.61,Net Banking
ORD_02747,2025-06-24,CUS_02747,Customer_107,Nizamabad,Telangana,Home & Kitchen,Mixer Grinder,1,3442.93,15,433.37,Net Banking
ORD_02748,2025-06-24,CUS_02748,Customer_069,Nizamabad,Telangana,Home & Kitchen,Bedsheet,2,2754.0,10,481.32,UPI
ORD_02749,2025-06-25,CUS_02749,Customer_089,Noida,Delhi,Furniture,Sofa,2,50592.26,0,11296.63,Net Banking
ORD_02750,2025-06-25,CUS_02750,Customer_038,Jaipur,Rajasthan,Furniture,Study Table,2,19339.23,0,3197.56,Debit Card
ORD_02751,2025-06-25,CUS_02751,Customer_115,Jodhpur,Rajasthan,Electronics,Smartphone,2,37754.26,20,7407.56,Credit Card
ORD_02752,2025-06-26,CUS_02752,Customer_076,Warangal,Telangana,Home & Kitchen,Mixer Grinder,1,4397.06,10,1045.53,Debit Card
ORD_02753,2025-06-26,CUS_02753,Customer_019,Bengaluru,Karnataka,Furniture,Office Chair,1,7011.03,0,799.33,Cash on Delivery
ORD_02754,2025-06-29,CUS_02754,Customer_025,Jodhpur,Rajasthan,Clothing,Jeans,3,4790.33,10,270.99,Net Banking
ORD_02755,2025-06-30,CUS_02755,Customer_027,Ahmedabad,Gujarat,Home & Kitchen,Air Fryer,4,24184.57,0,3730.69,Credit Card
ORD_02756,2025-06-30,CUS_02756,Customer_011,Madurai,Tamil Nadu,Furniture,Office Chair,2,13912.39,10,2304.72,Cash on Delivery
ORD_02757,2025-06-30,CUS_02757,Customer_093,Bengaluru,Karnataka,Clothing,Jacket,2,6364.96,5,1581.62,Debit Card
ORD_02758,2025-06-30,CUS_02758,Customer_034,Nizamabad,Telangana,Electronics,Smartwatch,2,10280.63,5,2209.9,Cash on Delivery
ORD_02759,2025-07-01,CUS_02759,Customer_027,Madurai,Tamil Nadu,Furniture,Bookshelf,2,10100.66,20,777.91,Credit Card
ORD_02760,2025-07-01,CUS_02760,Customer_041,Coimbatore,Tamil Nadu,Clothing,Jacket,2,7859.72,0,404.04,Cash on Delivery
ORD_02761,2025-07-02,CUS_02761,Customer_094,Ahmedabad,Gujarat,Home & Kitchen,Cookware Set,2,6320.71,15,969.94,UPI
ORD_02762,2025-07-02,CUS_02762,Customer_146,Ahmedabad,Gujarat,Electronics,Smartwatch,4,17042.84,5,2005.15,UPI
ORD_02763,2025-07-03,CUS_02763,Customer_147,Durgapur,West Bengal,Furniture,Bookshelf,3,16866.28,10,2905.94,Cash on Delivery
ORD_02764,2025-07-03,CUS_02764,Customer_104,Mumbai,Maharashtra,Electronics,Smartwatch,4,21793.62,5,2301.97,Debit Card
ORD_02765,2025-07-03,CUS_02765,Customer_097,Udaipur,Rajasthan,Furniture,Bookshelf,3,13696.6,15,2692.21,Debit Card
ORD_02766,2025-07-03,CUS_02766,Customer_137,Chennai,Tamil Nadu,Furniture,Study Table,1,9667.02,5,2278.77,Cash on Delivery
ORD_02767,2025-07-05,CUS_02767,Customer_080,Kolkata,West Bengal,Clothing,Jacket,4,12638.21,10,795.84,Cash on Delivery
ORD_02768,2025-07-06,CUS_02768,Customer_056,Durgapur,West Bengal,Clothing,T-Shirt,4,2946.99,5,609.3,Net Banking
ORD_02769,2025-07-07,CUS_02769,Customer_122,Gurugram,Delhi,Clothing,Jeans,1,1716.38,15,89.23,Credit Card
ORD_02770,2025-07-07,CUS_02770,Customer_003,Pune,Maharashtra,Furniture,Sofa,4,76992.85,10,9220.98,Net Banking
ORD_02771,2025-07-07,CUS_02771,Customer_004,Warangal,Telangana,Clothing,Jeans,5,7552.17,20,421.52,UPI
ORD_02772,2025-07-08,CUS_02772,Customer_032,Coimbatore,Tamil Nadu,Home & Kitchen,Cookware Set,1,3459.23,0,521.65,Credit Card
ORD_02773,2025-07-09,CUS_02773,Customer_015,Pune,Maharashtra,Electronics,Smartwatch,1,4218.16,10,548.24,Debit Card
ORD_02774,2025-07-10,CUS_02774,Customer_143,Nizamabad,Telangana,Clothing,Sneakers,3,8889.26,0,827.64,Net Banking
ORD_02775,2025-07-10,CUS_02775,Customer_100,Hyderabad,Telangana,Clothing,Jacket,1,2660.57,20,504.16,Debit Card
ORD_02776,2025-07-10,CUS_02776,Customer_116,Delhi,Delhi,Home & Kitchen,Mixer Grinder,1,4114.11,10,1012.34,Net Banking
ORD_02777,2025-07-11,CUS_02777,Customer_101,Bengaluru,Karnataka,Home & Kitchen,Bedsheet,1,1527.46,0,243.77,Debit Card
ORD_02778,2025-07-11,CUS_02778,Customer_061,Madurai,Tamil Nadu,Furniture,Sofa,3,61023.22,5,7039.57,Net Banking
ORD_02779,2025-07-12,CUS_02779,Customer_012,Howrah,West Bengal,Home & Kitchen,Bedsheet,4,4386.57,10,365.29,Credit Card
ORD_02780,2025-07-12,CUS_02780,Customer_053,Gurugram,Delhi,Electronics,Laptop,2,116904.4,5,17718.15,UPI
ORD_02781,2025-07-14,CUS_02781,Customer_130,Bengaluru,Karnataka,Home & Kitchen,Cookware Set,2,6289.85,20,744.49,Cash on Delivery
ORD_02782,2025-07-14,CUS_02782,Customer_015,Hyderabad,Telangana,Home & Kitchen,Air Fryer,4,24355.02,10,1553.89,Debit Card
ORD_02783,2025-07-15,CUS_02783,Customer_041,Hyderabad,Telangana,Furniture,Bookshelf,5,25357.63,10,4971.34,Debit Card
ORD_02784,2025-07-15,CUS_02784,Customer_007,Bengaluru,Karnataka,Furniture,Sofa,4,88325.2,5,7363.85,Net Banking
ORD_02785,2025-07-16,CUS_02785,Customer_114,Mangaluru,Karnataka,Furniture,Office Chair,1,6222.47,5,702.92,Net Banking
ORD_02786,2025-07-16,CUS_02786,Customer_147,Nagpur,Maharashtra,Furniture,Bookshelf,4,21287.0,10,2683.95,Debit Card
ORD_02787,2025-07-16,CUS_02787,Customer_068,Delhi,Delhi,Electronics,Smartphone,1,21435.96,5,3985.16,Debit Card
ORD_02788,2025-07-17,CUS_02788,Customer_096,Jaipur,Rajasthan,Clothing,Sneakers,1,3005.47,5,569.36,UPI
ORD_02789,2025-07-17,CUS_02789,Customer_118,Jaipur,Rajasthan,Clothing,Sneakers,3,7188.17,20,1450.62,UPI
ORD_02790,2025-07-17,CUS_02790,Customer_134,Surat,Gujarat,Electronics,Headphones,1,2061.01,20,231.58,Debit Card
ORD_02791,2025-07-20,CUS_02791,Customer_073,Mangaluru,Karnataka,Home & Kitchen,Air Fryer,1,5194.33,20,420.4,UPI
ORD_02792,2025-07-20,CUS_02792,Customer_135,Gurugram,Delhi,Clothing,T-Shirt,3,2237.23,5,163.71,Cash on Delivery
ORD_02793,2025-07-21,CUS_02793,Customer_028,Jaipur,Rajasthan,Furniture,Study Table,3,26167.03,0,5167.49,UPI
ORD_02794,2025-07-21,CUS_02794,Customer_023,Bengaluru,Karnataka,Home & Kitchen,Bedsheet,1,1233.91,10,293.31,Debit Card
ORD_02795,2025-07-22,CUS_02795,Customer_079,Madurai,Tamil Nadu,Home & Kitchen,Air Fryer,1,5833.76,10,1249.43,Credit Card
ORD_02796,2025-07-25,CUS_02796,Customer_071,Mysuru,Karnataka,Clothing,Jacket,2,6305.78,15,338.0,UPI
ORD_02797,2025-07-26,CUS_02797,Customer_043,Jaipur,Rajasthan,Electronics,Smartphone,2,42787.17,0,7356.8,Cash on Delivery
ORD_02798,2025-07-27,CUS_02798,Customer_031,Gurugram,Delhi,Clothing,Jeans,3,4253.02,20,1039.04,Credit Card
ORD_02799,2025-07-28,CUS_02799,Customer_038,Delhi,Delhi,Clothing,T-Shirt,1,857.85,5,165.57,Credit Card
ORD_02800,2025-07-29,CUS_02800,Customer_013,Mangaluru,Karnataka,Home & Kitchen,Cookware Set,3,8576.42,15,1902.18,Net Banking
ORD_02801,2025-07-29,CUS_02801,Customer_104,Mysuru,Karnataka,Furniture,Sofa,2,42418.52,15,9856.81,UPI
ORD_02802,2025-07-30,CUS_02802,Customer_099,Chennai,Tamil Nadu,Furniture,Study Table,5,43020.26,5,8677.2,Cash on Delivery
ORD_02803,2025-08-02,CUS_02803,Customer_104,Surat,Gujarat,Furniture,Bookshelf,1,5307.99,15,704.72,Credit Card
ORD_02804,2025-08-02,CUS_02804,Customer_063,Surat,Gujarat,Clothing,T-Shirt,4,3327.34,0,299.81,Net Banking
ORD_02805,2025-08-02,CUS_02805,Customer_116,Ahmedabad,Gujarat,Furniture,Study Table,3,25721.07,0,5726.21,Net Banking
ORD_02806,2025-08-03,CUS_02806,Customer_144,Durgapur,West Bengal,Clothing,Sneakers,1,2137.16,20,174.68,Debit Card
ORD_02807,2025-08-03,CUS_02807,Customer_141,Delhi,Delhi,Home & Kitchen,Cookware Set,4,14147.29,0,1555.06,Debit Card
ORD_02808,2025-08-03,CUS_02808,Customer_035,Noida,Delhi,Clothing,Sneakers,5,11581.75,5,669.34,UPI
ORD_02809,2025-08-03,CUS_02809,Customer_136,Coimbatore,Tamil Nadu,Home & Kitchen,Cookware Set,2,6325.05,15,1408.46,Debit Card
ORD_02810,2025-08-06,CUS_02810,Customer_057,Hyderabad,Telangana,Clothing,Jeans,5,9398.1,5,558.14,UPI
ORD_02811,2025-08-06,CUS_02811,Customer_081,Delhi,Delhi,Clothing,Jeans,4,6916.13,10,605.74,Credit Card
ORD_02812,2025-08-06,CUS_02812,Customer_068,Ahmedabad,Gujarat,Clothing,T-Shirt,1,653.88,15,139.76,Credit Card
ORD_02813,2025-08-07,CUS_02813,Customer_039,Gurugram,Delhi,Home & Kitchen,Cookware Set,4,13497.93,5,2304.47,Net Banking
ORD_02814,2025-08-08,CUS_02814,Customer_028,Hyderabad,Telangana,Home & Kitchen,Cookware Set,4,13885.92,5,1331.37,Net Banking
ORD_02815,2025-08-08,CUS_02815,Customer_086,Chennai,Tamil Nadu,Clothing,Sneakers,1,2706.02,15,159.44,Debit Card
ORD_02816,2025-08-08,CUS_02816,Customer_125,Gurugram,Delhi,Furniture,Bookshelf,4,20905.74,5,4346.27,Credit Card
ORD_02817,2025-08-09,CUS_02817,Customer_062,Howrah,West Bengal,Home & Kitchen,Cookware Set,5,15814.69,5,1402.56,Cash on Delivery
ORD_02818,2025-08-11,CUS_02818,Customer_036,Vadodara,Gujarat,Furniture,Study Table,1,7079.97,10,379.83,Credit Card
ORD_02819,2025-08-11,CUS_02819,Customer_102,Jaipur,Rajasthan,Clothing,T-Shirt,5,4563.8,5,379.67,Debit Card
ORD_02820,2025-08-12,CUS_02820,Customer_130,Hyderabad,Telangana,Clothing,Jacket,4,14199.14,0,1471.53,Credit Card
ORD_02821,2025-08-12,CUS_02821,Customer_039,Howrah,West Bengal,Clothing,Jacket,2,6134.18,20,929.29,Net Banking
ORD_02822,2025-08-16,CUS_02822,Customer_110,Durgapur,West Bengal,Home & Kitchen,Air Fryer,1,5912.14,20,753.91,Debit Card
ORD_02823,2025-08-17,CUS_02823,Customer_014,Jaipur,Rajasthan,Home & Kitchen,Air Fryer,5,27970.92,10,3715.26,Net Banking
ORD_02824,2025-08-17,CUS_02824,Customer_128,Jodhpur,Rajasthan,Clothing,Jacket,5,13062.14,15,2315.37,Credit Card
ORD_02825,2025-08-17,CUS_02825,Customer_090,Pune,Maharashtra,Furniture,Bookshelf,1,5236.09,10,721.5,Credit Card
ORD_02826,2025-08-21,CUS_02826,Customer_118,Ahmedabad,Gujarat,Home & Kitchen,Bedsheet,1,1385.32,0,203.67,Net Banking
ORD_02827,2025-08-21,CUS_02827,Customer_070,Pune,Maharashtra,Clothing,Jeans,3,5685.16,0,1048.41,Debit Card
ORD_02828,2025-08-22,CUS_02828,Customer_107,Howrah,West Bengal,Home & Kitchen,Bedsheet,3,3392.17,20,430.27,Debit Card
ORD_02829,2025-08-22,CUS_02829,Customer_123,Howrah,West Bengal,Furniture,Office Chair,5,34116.27,15,8509.84,Net Banking
ORD_02830,2025-08-24,CUS_02830,Customer_040,Nizamabad,Telangana,Electronics,Smartwatch,3,17183.87,0,4185.17,Debit Card
ORD_02831,2025-08-25,CUS_02831,Customer_131,Jaipur,Rajasthan,Electronics,Smartwatch,3,11377.68,15,945.04,Credit Card
ORD_02832,2025-08-25,CUS_02832,Customer_040,Pune,Maharashtra,Home & Kitchen,Air Fryer,1,6470.32,0,671.2,UPI
ORD_02833,2025-08-25,CUS_02833,Customer_073,Delhi,Delhi,Home & Kitchen,Air Fryer,1,5923.69,10,1430.67,Credit Card
ORD_02834,2025-08-25,CUS_02834,Customer_035,Coimbatore,Tamil Nadu,Electronics,Laptop,5,245493.12,10,21902.78,Cash on Delivery
ORD_02835,2025-08-26,CUS_02835,Customer_054,Delhi,Delhi,Furniture,Office Chair,4,28893.52,0,4948.03,Net Banking
ORD_02836,2025-08-27,CUS_02836,Customer_001,Howrah,West Bengal,Clothing,Jacket,1,3697.92,0,313.06,Credit Card
ORD_02837,2025-08-27,CUS_02837,Customer_036,Hyderabad,Telangana,Clothing,Jacket,3,9532.25,20,1398.87,Cash on Delivery
ORD_02838,2025-08-27,CUS_02838,Customer_045,Warangal,Telangana,Furniture,Office Chair,4,28080.16,10,2590.29,Debit Card
ORD_02839,2025-08-27,CUS_02839,Customer_038,Nagpur,Maharashtra,Furniture,Bookshelf,2,13650.59,0,1424.97,Debit Card
ORD_02840,2025-08-29,CUS_02840,Customer_102,Ahmedabad,Gujarat,Electronics,Smartwatch,4,18713.66,10,3776.44,UPI
ORD_02841,2025-08-29,CUS_02841,Customer_020,Noida,Delhi,Clothing,Sneakers,5,12142.94,0,1865.79,Net Banking
ORD_02842,2025-08-30,CUS_02842,Customer_030,Howrah,West Bengal,Furniture,Bookshelf,5,29469.7,5,1961.2,Debit Card
ORD_02843,2025-09-03,CUS_02843,Customer_150,Gurugram,Delhi,Home & Kitchen,Mixer Grinder,2,7723.19,15,1181.54,UPI
ORD_02844,2025-09-05,CUS_02844,Customer_009,Ahmedabad,Gujarat,Clothing,T-Shirt,5,3579.36,20,179.29,Debit Card
ORD_02845,2025-09-07,CUS_02845,Customer_138,Noida,Delhi,Furniture,Office Chair,2,11589.26,20,2634.66,Debit Card
ORD_02846,2025-09-08,CUS_02846,Customer_011,Howrah,West Bengal,Home & Kitchen,Cookware Set,3,10121.19,15,1279.83,Credit Card
ORD_02847,2025-09-11,CUS_02847,Customer_084,Coimbatore,Tamil Nadu,Home & Kitchen,Mixer Grinder,4,13391.2,15,3076.1,Debit Card
ORD_02848,2025-09-15,CUS_02848,Customer_085,Jaipur,Rajasthan,Home & Kitchen,Bedsheet,1,1566.05,0,89.27,Net Banking
ORD_02849,2025-09-17,CUS_02849,Customer_052,Mysuru,Karnataka,Clothing,Sneakers,3,8946.52,5,746.2,Debit Card
ORD_02850,2025-09-19,CUS_02850,Customer_033,Warangal,Telangana,Electronics,Headphones,2,4851.63,5,770.22,Debit Card
ORD_02851,2025-09-19,CUS_02851,Customer_055,Nagpur,Maharashtra,Electronics,Laptop,1,44022.48,15,4663.77,Debit Card
ORD_02852,2025-09-20,CUS_02852,Customer_084,Nagpur,Maharashtra,Electronics,Headphones,1,2422.96,5,565.88,UPI
ORD_02853,2025-09-20,CUS_02853,Customer_130,Udaipur,Rajasthan,Home & Kitchen,Cookware Set,2,5339.45,15,862.66,Debit Card
ORD_02854,2025-09-21,CUS_02854,Customer_045,Hyderabad,Telangana,Furniture,Bookshelf,3,14894.51,10,1526.22,Cash on Delivery
ORD_02855,2025-09-22,CUS_02855,Customer_030,Mangaluru,Karnataka,Electronics,Smartwatch,3,13341.91,20,2109.89,UPI
ORD_02856,2025-09-23,CUS_02856,Customer_071,Coimbatore,Tamil Nadu,Electronics,Laptop,2,116750.3,0,10611.21,Credit Card
ORD_02857,2025-09-23,CUS_02857,Customer_032,Mumbai,Maharashtra,Home & Kitchen,Air Fryer,3,17882.29,20,3290.05,UPI
ORD_02858,2025-09-24,CUS_02858,Customer_149,Coimbatore,Tamil Nadu,Clothing,T-Shirt,3,2131.36,10,211.15,Debit Card
ORD_02859,2025-09-24,CUS_02859,Customer_136,Vadodara,Gujarat,Clothing,Jeans,3,5715.87,0,1374.84,Debit Card
ORD_02860,2025-09-24,CUS_02860,Customer_013,Howrah,West Bengal,Home & Kitchen,Cookware Set,5,16832.71,5,1874.84,Debit Card
ORD_02861,2025-09-24,CUS_02861,Customer_130,Madurai,Tamil Nadu,Clothing,Jacket,3,10167.84,5,1443.43,Credit Card
ORD_02862,2025-09-26,CUS_02862,Customer_082,Jaipur,Rajasthan,Furniture,Bookshelf,5,25940.03,20,4970.74,Debit Card
ORD_02863,2025-09-26,CUS_02863,Customer_058,Pune,Maharashtra,Clothing,T-Shirt,3,2569.87,5,597.72,Cash on Delivery
ORD_02864,2025-09-26,CUS_02864,Customer_110,Vadodara,Gujarat,Furniture,Office Chair,1,6001.27,15,855.92,Debit Card
ORD_02865,2025-09-30,CUS_02865,Customer_129,Jodhpur,Rajasthan,Furniture,Office Chair,4,26962.85,0,2168.08,Credit Card
ORD_02866,2025-09-30,CUS_02866,Customer_103,Mangaluru,Karnataka,Electronics,Smartphone,4,104819.66,5,16193.27,Debit Card
ORD_02867,2025-09-30,CUS_02867,Customer_092,Madurai,Tamil Nadu,Clothing,Sneakers,5,12648.11,10,655.31,Debit Card
ORD_02868,2025-10-04,CUS_02868,Customer_150,Pune,Maharashtra,Clothing,Sneakers,3,7700.81,20,1823.08,Cash on Delivery
ORD_02869,2025-10-04,CUS_02869,Customer_126,Warangal,Telangana,Electronics,Smartphone,3,79202.53,5,6089.65,Cash on Delivery
ORD_02870,2025-10-04,CUS_02870,Customer_051,Ahmedabad,Gujarat,Clothing,Sneakers,3,8016.48,5,1365.9,Net Banking
ORD_02871,2025-10-05,CUS_02871,Customer_069,Warangal,Telangana,Furniture,Sofa,1,18445.84,20,3276.98,Net Banking
ORD_02872,2025-10-06,CUS_02872,Customer_013,Gurugram,Delhi,Home & Kitchen,Bedsheet,2,2072.01,20,202.48,UPI
ORD_02873,2025-10-07,CUS_02873,Customer_029,Delhi,Delhi,Home & Kitchen,Cookware Set,3,9118.88,20,640.83,Credit Card
ORD_02874,2025-10-07,CUS_02874,Customer_038,Howrah,West Bengal,Home & Kitchen,Cookware Set,4,11015.63,10,1084.29,Net Banking
ORD_02875,2025-10-08,CUS_02875,Customer_064,Delhi,Delhi,Clothing,Jacket,1,3146.19,5,291.4,Cash on Delivery
ORD_02876,2025-10-09,CUS_02876,Customer_117,Gurugram,Delhi,Electronics,Smartwatch,3,12575.49,15,1297.84,Cash on Delivery
ORD_02877,2025-10-09,CUS_02877,Customer_008,Mumbai,Maharashtra,Home & Kitchen,Air Fryer,1,6364.91,10,1588.45,UPI
ORD_02878,2025-10-10,CUS_02878,Customer_129,Coimbatore,Tamil Nadu,Furniture,Bookshelf,2,10639.52,0,1208.66,UPI
ORD_02879,2025-10-10,CUS_02879,Customer_137,Noida,Delhi,Furniture,Sofa,1,15493.93,20,1464.41,Credit Card
ORD_02880,2025-10-11,CUS_02880,Customer_134,Nizamabad,Telangana,Clothing,Jacket,4,12643.78,20,1379.77,Cash on Delivery
ORD_02881,2025-10-11,CUS_02881,Customer_025,Vadodara,Gujarat,Home & Kitchen,Mixer Grinder,3,12412.4,15,2361.18,UPI
ORD_02882,2025-10-11,CUS_02882,Customer_038,Jodhpur,Rajasthan,Electronics,Laptop,1,50314.85,0,9853.39,Net Banking
ORD_02883,2025-10-15,CUS_02883,Customer_113,Ahmedabad,Gujarat,Furniture,Office Chair,3,16643.69,15,1593.28,Credit Card
ORD_02884,2025-10-16,CUS_02884,Customer_068,Warangal,Telangana,Electronics,Headphones,1,2022.36,5,297.53,Net Banking
ORD_02885,2025-10-17,CUS_02885,Customer_044,Pune,Maharashtra,Electronics,Smartwatch,3,13653.53,5,778.09,Net Banking
ORD_02886,2025-10-17,CUS_02886,Customer_019,Madurai,Tamil Nadu,Electronics,Smartwatch,3,12291.28,15,2911.65,Net Banking
ORD_02887,2025-10-18,CUS_02887,Customer_048,Kolkata,West Bengal,Clothing,Sneakers,3,7243.45,10,950.36,Credit Card
ORD_02888,2025-10-19,CUS_02888,Customer_120,Mangaluru,Karnataka,Clothing,Sneakers,4,9856.59,10,2081.02,Net Banking
ORD_02889,2025-10-19,CUS_02889,Customer_049,Vadodara,Gujarat,Home & Kitchen,Bedsheet,4,6270.15,0,1537.43,Cash on Delivery
ORD_02890,2025-10-20,CUS_02890,Customer_048,Pune,Maharashtra,Furniture,Sofa,5,120354.29,0,15169.35,Cash on Delivery
ORD_02891,2025-10-20,CUS_02891,Customer_066,Warangal,Telangana,Home & Kitchen,Cookware Set,3,10391.05,5,1354.76,UPI
ORD_02892,2025-10-20,CUS_02892,Customer_133,Gurugram,Delhi,Home & Kitchen,Bedsheet,3,4032.8,15,942.67,Credit Card
ORD_02893,2025-10-21,CUS_02893,Customer_075,Mumbai,Maharashtra,Electronics,Smartphone,1,18790.95,15,2959.18,Credit Card
ORD_02894,2025-10-24,CUS_02894,Customer_081,Udaipur,Rajasthan,Furniture,Bookshelf,3,17495.65,15,2009.71,Debit Card
ORD_02895,2025-10-24,CUS_02895,Customer_127,Udaipur,Rajasthan,Clothing,Sneakers,4,10951.14,5,1600.85,Cash on Delivery
ORD_02896,2025-10-26,CUS_02896,Customer_107,Pune,Maharashtra,Home & Kitchen,Bedsheet,3,3593.98,20,858.03,Net Banking
ORD_02897,2025-10-29,CUS_02897,Customer_011,Howrah,West Bengal,Furniture,Sofa,2,39826.77,5,8597.12,Net Banking
ORD_02898,2025-10-29,CUS_02898,Customer_035,Surat,Gujarat,Furniture,Office Chair,1,7111.98,10,1693.62,Credit Card
ORD_02899,2025-10-29,CUS_02899,Customer_001,Gurugram,Delhi,Furniture,Office Chair,3,22489.6,0,5287.61,Net Banking
ORD_02900,2025-10-30,CUS_02900,Customer_045,Delhi,Delhi,Home & Kitchen,Cookware Set,3,10993.72,0,2250.36,Debit Card
ORD_02901,2025-10-30,CUS_02901,Customer_109,Hyderabad,Telangana,Electronics,Laptop,2,118373.36,5,26792.4,Cash on Delivery
ORD_02902,2025-10-30,CUS_02902,Customer_061,Jaipur,Rajasthan,Electronics,Smartwatch,1,4356.12,5,228.4,Net Banking
ORD_02903,2025-10-30,CUS_02903,Customer_086,Noida,Delhi,Home & Kitchen,Air Fryer,5,27529.6,10,6236.74,Cash on Delivery
ORD_02904,2025-10-31,CUS_02904,Customer_061,Mysuru,Karnataka,Home & Kitchen,Air Fryer,3,21224.65,0,3510.15,Debit Card
ORD_02905,2025-11-01,CUS_02905,Customer_126,Hyderabad,Telangana,Electronics,Headphones,4,9043.34,5,1620.25,UPI
ORD_02906,2025-11-01,CUS_02906,Customer_037,Kolkata,West Bengal,Home & Kitchen,Cookware Set,2,6566.33,0,849.7,UPI
ORD_02907,2025-11-01,CUS_02907,Customer_093,Durgapur,West Bengal,Electronics,Smartwatch,2,7750.81,20,977.25,UPI
ORD_02908,2025-11-02,CUS_02908,Customer_111,Udaipur,Rajasthan,Home & Kitchen,Mixer Grinder,3,11668.44,15,1991.08,Cash on Delivery
ORD_02909,2025-11-02,CUS_02909,Customer_058,Coimbatore,Tamil Nadu,Clothing,Jacket,4,12012.77,20,2424.34,Net Banking
ORD_02910,2025-11-03,CUS_02910,Customer_111,Noida,Delhi,Home & Kitchen,Bedsheet,3,3524.31,20,862.89,UPI
ORD_02911,2025-11-05,CUS_02911,Customer_010,Madurai,Tamil Nadu,Home & Kitchen,Cookware Set,5,14210.04,10,1011.49,Debit Card
ORD_02912,2025-11-05,CUS_02912,Customer_149,Howrah,West Bengal,Furniture,Sofa,1,18802.95,10,3163.69,UPI
ORD_02913,2025-11-06,CUS_02913,Customer_088,Surat,Gujarat,Furniture,Office Chair,1,5292.89,20,1130.39,UPI
ORD_02914,2025-11-06,CUS_02914,Customer_011,Hyderabad,Telangana,Electronics,Laptop,4,222172.4,10,51519.76,Net Banking
ORD_02915,2025-11-07,CUS_02915,Customer_099,Jaipur,Rajasthan,Furniture,Bookshelf,3,18373.04,0,2640.92,Cash on Delivery
ORD_02916,2025-11-07,CUS_02916,Customer_065,Vadodara,Gujarat,Home & Kitchen,Cookware Set,2,5078.4,15,553.59,Net Banking
ORD_02917,2025-11-07,CUS_02917,Customer_126,Chennai,Tamil Nadu,Furniture,Office Chair,5,29057.49,20,5031.96,Debit Card
ORD_02918,2025-11-07,CUS_02918,Customer_019,Madurai,Tamil Nadu,Furniture,Study Table,1,6593.29,20,905.91,Credit Card
ORD_02919,2025-11-07,CUS_02919,Customer_132,Mysuru,Karnataka,Home & Kitchen,Mixer Grinder,5,19878.38,15,4129.94,Cash on Delivery
ORD_02920,2025-11-09,CUS_02920,Customer_116,Mysuru,Karnataka,Home & Kitchen,Bedsheet,4,4305.5,15,945.43,UPI
ORD_02921,2025-11-09,CUS_02921,Customer_119,Durgapur,West Bengal,Home & Kitchen,Bedsheet,1,1367.51,15,127.51,Net Banking
ORD_02922,2025-11-09,CUS_02922,Customer_142,Madurai,Tamil Nadu,Home & Kitchen,Air Fryer,5,23914.34,15,4963.24,Net Banking
ORD_02923,2025-11-10,CUS_02923,Customer_078,Nagpur,Maharashtra,Home & Kitchen,Bedsheet,4,4865.14,10,1004.33,UPI
ORD_02924,2025-11-10,CUS_02924,Customer_106,Durgapur,West Bengal,Furniture,Sofa,1,19332.46,20,2229.97,UPI
ORD_02925,2025-11-10,CUS_02925,Customer_062,Noida,Delhi,Electronics,Headphones,2,3475.03,20,468.97,UPI
ORD_02926,2025-11-11,CUS_02926,Customer_130,Madurai,Tamil Nadu,Clothing,Jacket,2,5748.43,20,938.39,Debit Card
ORD_02927,2025-11-11,CUS_02927,Customer_010,Mumbai,Maharashtra,Furniture,Office Chair,2,13247.16,15,932.08,Debit Card
ORD_02928,2025-11-12,CUS_02928,Customer_013,Gurugram,Delhi,Furniture,Sofa,5,98120.59,5,20803.79,Credit Card
ORD_02929,2025-11-12,CUS_02929,Customer_014,Madurai,Tamil Nadu,Clothing,T-Shirt,4,3572.26,10,746.79,Debit Card
ORD_02930,2025-11-13,CUS_02930,Customer_124,Udaipur,Rajasthan,Home & Kitchen,Air Fryer,3,21438.5,0,2672.27,UPI
ORD_02931,2025-11-14,CUS_02931,Customer_084,Udaipur,Rajasthan,Home & Kitchen,Mixer Grinder,2,9666.29,5,1692.19,Debit Card
ORD_02932,2025-11-15,CUS_02932,Customer_049,Coimbatore,Tamil Nadu,Home & Kitchen,Cookware Set,2,6132.33,15,1318.51,Debit Card
ORD_02933,2025-11-16,CUS_02933,Customer_018,Howrah,West Bengal,Home & Kitchen,Bedsheet,3,4810.28,0,251.69,Credit Card
ORD_02934,2025-11-17,CUS_02934,Customer_084,Warangal,Telangana,Electronics,Headphones,2,4587.95,20,857.55,Net Banking
ORD_02935,2025-11-17,CUS_02935,Customer_012,Nizamabad,Telangana,Home & Kitchen,Mixer Grinder,5,19878.25,0,1745.86,Debit Card
ORD_02936,2025-11-18,CUS_02936,Customer_111,Jodhpur,Rajasthan,Home & Kitchen,Air Fryer,1,4848.85,15,686.62,Net Banking
ORD_02937,2025-11-18,CUS_02937,Customer_104,Mysuru,Karnataka,Furniture,Office Chair,4,22706.58,5,4697.63,Debit Card
ORD_02938,2025-11-19,CUS_02938,Customer_146,Ahmedabad,Gujarat,Electronics,Laptop,1,56743.61,10,9612.9,Credit Card
ORD_02939,2025-11-19,CUS_02939,Customer_012,Coimbatore,Tamil Nadu,Clothing,Sneakers,1,2488.44,10,532.84,UPI
ORD_02940,2025-11-20,CUS_02940,Customer_137,Warangal,Telangana,Furniture,Office Chair,5,25855.5,15,2431.58,Debit Card
ORD_02941,2025-11-20,CUS_02941,Customer_047,Udaipur,Rajasthan,Home & Kitchen,Mixer Grinder,4,13956.28,20,2204.7,Cash on Delivery
ORD_02942,2025-11-21,CUS_02942,Customer_059,Gurugram,Delhi,Electronics,Smartwatch,2,7756.23,10,1089.28,UPI
ORD_02943,2025-11-22,CUS_02943,Customer_054,Jaipur,Rajasthan,Electronics,Headphones,5,13495.8,0,2268.46,Net Banking
ORD_02944,2025-11-22,CUS_02944,Customer_086,Warangal,Telangana,Home & Kitchen,Cookware Set,3,8483.05,20,1199.26,Credit Card
ORD_02945,2025-11-22,CUS_02945,Customer_119,Madurai,Tamil Nadu,Furniture,Study Table,5,41863.93,15,5957.43,Cash on Delivery
ORD_02946,2025-11-23,CUS_02946,Customer_047,Nizamabad,Telangana,Electronics,Headphones,4,9698.7,10,763.9,Credit Card
ORD_02947,2025-11-23,CUS_02947,Customer_145,Mumbai,Maharashtra,Electronics,Laptop,3,135219.69,20,16784.61,UPI
ORD_02948,2025-11-26,CUS_02948,Customer_012,Noida,Delhi,Clothing,Jacket,1,3270.54,10,752.98,Cash on Delivery
ORD_02949,2025-11-26,CUS_02949,Customer_017,Surat,Gujarat,Furniture,Sofa,3,56096.11,10,13096.35,UPI
ORD_02950,2025-11-27,CUS_02950,Customer_051,Coimbatore,Tamil Nadu,Clothing,Jacket,1,3171.05,20,588.97,Net Banking
ORD_02951,2025-11-27,CUS_02951,Customer_116,Mangaluru,Karnataka,Clothing,Jeans,3,4874.54,15,696.32,Credit Card
ORD_02952,2025-11-28,CUS_02952,Customer_097,Mangaluru,Karnataka,Home & Kitchen,Cookware Set,3,8854.18,20,1183.63,UPI
ORD_02953,2025-11-29,CUS_02953,Customer_139,Delhi,Delhi,Clothing,Jacket,1,2705.54,10,159.55,Net Banking
ORD_02954,2025-11-30,CUS_02954,Customer_148,Chennai,Tamil Nadu,Electronics,Laptop,4,183991.28,15,29067.16,Credit Card
ORD_02955,2025-12-01,CUS_02955,Customer_066,Warangal,Telangana,Electronics,Headphones,1,1963.17,20,253.45,Credit Card
ORD_02956,2025-12-01,CUS_02956,Customer_060,Warangal,Telangana,Clothing,Jeans,2,3350.48,5,396.61,Net Banking
ORD_02957,2025-12-01,CUS_02957,Customer_037,Nagpur,Maharashtra,Clothing,Sneakers,2,5319.09,5,956.72,Cash on Delivery
ORD_02958,2025-12-01,CUS_02958,Customer_149,Gurugram,Delhi,Furniture,Sofa,5,113761.02,0,8825.24,UPI
ORD_02959,2025-12-02,CUS_02959,Customer_107,Madurai,Tamil Nadu,Clothing,Sneakers,2,5365.82,10,287.86,Net Banking
ORD_02960,2025-12-03,CUS_02960,Customer_065,Chennai,Tamil Nadu,Clothing,T-Shirt,1,769.04,20,184.12,Debit Card
ORD_02961,2025-12-03,CUS_02961,Customer_049,Hyderabad,Telangana,Electronics,Laptop,3,145815.02,15,13493.16,Cash on Delivery
ORD_02962,2025-12-03,CUS_02962,Customer_081,Udaipur,Rajasthan,Clothing,Sneakers,5,13901.23,0,860.41,UPI
ORD_02963,2025-12-04,CUS_02963,Customer_084,Mumbai,Maharashtra,Home & Kitchen,Mixer Grinder,3,9186.82,20,1983.59,Credit Card
ORD_02964,2025-12-07,CUS_02964,Customer_011,Kolkata,West Bengal,Clothing,Sneakers,1,2881.53,5,713.05,Credit Card
ORD_02965,2025-12-08,CUS_02965,Customer_058,Nagpur,Maharashtra,Clothing,Jeans,3,4275.42,20,931.13,UPI
ORD_02966,2025-12-08,CUS_02966,Customer_109,Delhi,Delhi,Home & Kitchen,Bedsheet,4,6406.58,0,1029.81,Net Banking
ORD_02967,2025-12-09,CUS_02967,Customer_079,Pune,Maharashtra,Home & Kitchen,Bedsheet,5,7298.64,5,928.9,Net Banking
ORD_02968,2025-12-11,CUS_02968,Customer_052,Ahmedabad,Gujarat,Clothing,Jacket,2,6512.81,5,391.22,Cash on Delivery
ORD_02969,2025-12-11,CUS_02969,Customer_059,Mangaluru,Karnataka,Furniture,Study Table,3,19444.47,20,1183.74,UPI
ORD_02970,2025-12-11,CUS_02970,Customer_147,Mumbai,Maharashtra,Furniture,Office Chair,3,17934.78,20,2924.55,Net Banking
ORD_02971,2025-12-12,CUS_02971,Customer_144,Hyderabad,Telangana,Clothing,Sneakers,1,2351.55,5,238.89,UPI
ORD_02972,2025-12-12,CUS_02972,Customer_132,Nizamabad,Telangana,Clothing,Jeans,4,6223.42,15,1440.41,Cash on Delivery
ORD_02973,2025-12-13,CUS_02973,Customer_079,Jodhpur,Rajasthan,Home & Kitchen,Bedsheet,2,2540.77,5,450.55,Debit Card
ORD_02974,2025-12-13,CUS_02974,Customer_140,Ahmedabad,Gujarat,Electronics,Laptop,2,103818.3,5,11881.29,Credit Card
ORD_02975,2025-12-14,CUS_02975,Customer_001,Kolkata,West Bengal,Furniture,Sofa,2,37744.68,20,8098.43,UPI
ORD_02976,2025-12-15,CUS_02976,Customer_070,Coimbatore,Tamil Nadu,Furniture,Study Table,3,29563.1,0,2369.29,Debit Card
ORD_02977,2025-12-16,CUS_02977,Customer_139,Jodhpur,Rajasthan,Furniture,Bookshelf,1,5883.91,0,1284.4,Debit Card
ORD_02978,2025-12-16,CUS_02978,Customer_056,Noida,Delhi,Furniture,Office Chair,3,18097.67,0,2646.41,Debit Card
ORD_02979,2025-12-16,CUS_02979,Customer_042,Surat,Gujarat,Home & Kitchen,Bedsheet,5,7998.22,0,1470.57,Net Banking
ORD_02980,2025-12-16,CUS_02980,Customer_005,Madurai,Tamil Nadu,Clothing,Jacket,3,8557.53,10,1133.24,Credit Card
ORD_02981,2025-12-17,CUS_02981,Customer_014,Coimbatore,Tamil Nadu,Electronics,Headphones,2,5142.06,5,663.48,Cash on Delivery
ORD_02982,2025-12-17,CUS_02982,Customer_007,Surat,Gujarat,Furniture,Office Chair,5,34092.27,0,5267.13,Cash on Delivery
ORD_02983,2025-12-18,CUS_02983,Customer_037,Kolkata,West Bengal,Clothing,T-Shirt,3,2304.66,5,416.34,UPI
ORD_02984,2025-12-18,CUS_02984,Customer_063,Howrah,West Bengal,Clothing,Jacket,3,10043.03,5,553.21,UPI
ORD_02985,2025-12-19,CUS_02985,Customer_074,Durgapur,West Bengal,Clothing,T-Shirt,4,3491.71,5,519.55,Net Banking
ORD_02986,2025-12-20,CUS_02986,Customer_106,Mumbai,Maharashtra,Home & Kitchen,Mixer Grinder,3,13942.65,10,1816.71,Debit Card
ORD_02987,2025-12-20,CUS_02987,Customer_111,Mangaluru,Karnataka,Home & Kitchen,Air Fryer,1,5325.53,20,739.23,Debit Card
ORD_02988,2025-12-20,CUS_02988,Customer_091,Durgapur,West Bengal,Furniture,Bookshelf,1,6006.25,10,973.54,Cash on Delivery
ORD_02989,2025-12-21,CUS_02989,Customer_137,Bengaluru,Karnataka,Electronics,Laptop,4,211588.9,15,20429.46,Cash on Delivery
ORD_02990,2025-12-22,CUS_02990,Customer_005,Bengaluru,Karnataka,Electronics,Smartwatch,5,19885.44,20,2816.52,Credit Card
ORD_02991,2025-12-25,CUS_02991,Customer_010,Howrah,West Bengal,Electronics,Smartwatch,1,4352.97,15,1074.38,Cash on Delivery
ORD_02992,2025-12-26,CUS_02992,Customer_005,Gurugram,Delhi,Home & Kitchen,Cookware Set,5,13953.69,10,1123.04,Cash on Delivery
ORD_02993,2025-12-26,CUS_02993,Customer_044,Udaipur,Rajasthan,Electronics,Headphones,3,6206.25,10,810.79,Net Banking
ORD_02994,2025-12-27,CUS_02994,Customer_066,Warangal,Telangana,Home & Kitchen,Cookware Set,5,15064.84,0,1438.26,Net Banking
ORD_02995,2025-12-27,CUS_02995,Customer_091,Coimbatore,Tamil Nadu,Home & Kitchen,Mixer Grinder,3,13410.68,5,1398.92,UPI
ORD_02996,2025-12-30,CUS_02996,Customer_139,Kolkata,West Bengal,Electronics,Smartwatch,2,7507.41,15,847.36,Cash on Delivery
ORD_02997,2025-12-30,CUS_02997,Customer_086,Chennai,Tamil Nadu,Electronics,Smartphone,1,20842.81,15,1957.18,UPI
ORD_02998,2025-12-31,CUS_02998,Customer_088,Vadodara,Gujarat,Electronics,Laptop,1,46228.35,5,8173.23,Debit Card
ORD_02999,2025-12-31,CUS_02999,Customer_113,Ahmedabad,Gujarat,Home & Kitchen,Cookware Set,4,14336.93,0,1018.67,Credit Card
ORD_03000,2025-12-31,CUS_03000,Customer_062,Madurai,Tamil Nadu,Electronics,Headphones,2,3769.62,15,502.22,UPI
ORD_03001,2025-01-02,CUS_03001,Customer_078,Jaipur,Rajasthan,Clothing,Jeans,4,7679.33,5,748.8,Net Banking
ORD_03002,2025-01-02,CUS_03002,Customer_132,Jaipur,Rajasthan,Home & Kitchen,Air Fryer,3,18610.35,15,1608.81,Credit Card
ORD_03003,2025-01-02,CUS_03003,Customer_016,Warangal,Telangana,Clothing,T-Shirt,3,2239.11,10,376.15,Credit Card
ORD_03004,2025-01-02,CUS_03004,Customer_117,Pune,Maharashtra,Furniture,Bookshelf,1,5272.24,15,444.82,Net Banking
ORD_03005,2025-01-02,CUS_03005,Customer_097,Hyderabad,Telangana,Electronics,Smartwatch,1,4340.4,15,826.82,UPI
ORD_03006,2025-01-03,CUS_03006,Customer_007,Madurai,Tamil Nadu,Furniture,Sofa,2,42539.95,10,4274.73,Debit Card
ORD_03007,2025-01-03,CUS_03007,Customer_009,Mysuru,Karnataka,Furniture,Bookshelf,3,15399.12,5,3108.6,Net Banking
ORD_03008,2025-01-04,CUS_03008,Customer_029,Bengaluru,Karnataka,Furniture,Bookshelf,3,15830.37,5,1294.73,UPI
ORD_03009,2025-01-06,CUS_03009,Customer_060,Vadodara,Gujarat,Furniture,Study Table,5,36825.9,20,4674.03,Net Banking
ORD_03010,2025-01-07,CUS_03010,Customer_055,Mangaluru,Karnataka,Furniture,Office Chair,2,10130.64,20,1199.07,Cash on Delivery
ORD_03011,2025-01-07,CUS_03011,Customer_072,Gurugram,Delhi,Home & Kitchen,Bedsheet,2,2800.79,10,420.97,Debit Card
ORD_03012,2025-01-07,CUS_03012,Customer_125,Nizamabad,Telangana,Furniture,Study Table,5,39843.39,10,3028.79,Net Banking
ORD_03013,2025-01-08,CUS_03013,Customer_053,Nagpur,Maharashtra,Home & Kitchen,Bedsheet,3,4789.92,0,1071.62,Debit Card
ORD_03014,2025-01-09,CUS_03014,Customer_148,Vadodara,Gujarat,Home & Kitchen,Mixer Grinder,3,11169.66,15,2060.54,Cash on Delivery
ORD_03015,2025-01-09,CUS_03015,Customer_123,Nagpur,Maharashtra,Furniture,Study Table,4,28556.4,10,2137.27,UPI
ORD_03016,2025-01-13,CUS_03016,Customer_125,Ahmedabad,Gujarat,Furniture,Sofa,4,82129.32,15,9942.9,Cash on Delivery
ORD_03017,2025-01-13,CUS_03017,Customer_084,Jaipur,Rajasthan,Clothing,T-Shirt,4,3786.59,0,380.66,Net Banking
ORD_03018,2025-01-15,CUS_03018,Customer_047,Noida,Delhi,Home & Kitchen,Bedsheet,1,1020.48,15,236.89,UPI
ORD_03019,2025-01-16,CUS_03019,Customer_039,Gurugram,Delhi,Clothing,Jeans,1,1557.28,10,389.18,Net Banking
ORD_03020,2025-01-16,CUS_03020,Customer_119,Nizamabad,Telangana,Electronics,Smartwatch,3,14212.74,15,2813.36,UPI
ORD_03021,2025-01-18,CUS_03021,Customer_019,Mangaluru,Karnataka,Furniture,Sofa,5,91299.37,20,13184.85,UPI
ORD_03022,2025-01-18,CUS_03022,Customer_091,Hyderabad,Telangana,Furniture,Office Chair,1,5138.27,15,1010.18,Net Banking
ORD_03023,2025-01-19,CUS_03023,Customer_044,Warangal,Telangana,Furniture,Sofa,1,19860.38,20,1882.69,Debit Card
ORD_03024,2025-01-20,CUS_03024,Customer_121,Pune,Maharashtra,Furniture,Sofa,1,18772.81,0,4535.79,Debit Card
ORD_03025,2025-01-20,CUS_03025,Customer_108,Ahmedabad,Gujarat,Clothing,Jeans,5,7947.89,20,947.29,Cash on Delivery
ORD_03026,2025-01-20,CUS_03026,Customer_132,Nizamabad,Telangana,Clothing,Jacket,3,10253.94,15,1303.02,Credit Card
ORD_03027,2025-01-21,CUS_03027,Customer_085,Mangaluru,Karnataka,Clothing,Jacket,2,6149.05,20,546.8,Cash on Delivery
ORD_03028,2025-01-22,CUS_03028,Customer_084,Bengaluru,Karnataka,Electronics,Headphones,5,11242.36,15,2450.72,Debit Card
ORD_03029,2025-01-22,CUS_03029,Customer_119,Nizamabad,Telangana,Clothing,T-Shirt,1,820.34,10,101.35,Net Banking
ORD_03030,2025-01-23,CUS_03030,Customer_104,Hyderabad,Telangana,Home & Kitchen,Bedsheet,1,1285.0,15,244.16,UPI
ORD_03031,2025-01-25,CUS_03031,Customer_010,Mysuru,Karnataka,Clothing,Jeans,3,4378.08,15,720.67,Credit Card
ORD_03032,2025-01-25,CUS_03032,Customer_112,Durgapur,West Bengal,Electronics,Headphones,4,10139.38,0,831.89,Credit Card
ORD_03033,2025-01-25,CUS_03033,Customer_046,Ahmedabad,Gujarat,Electronics,Smartwatch,5,23698.84,5,1834.71,Net Banking
ORD_03034,2025-01-26,CUS_03034,Customer_137,Chennai,Tamil Nadu,Furniture,Bookshelf,3,12251.16,20,2779.07,UPI
ORD_03035,2025-01-27,CUS_03035,Customer_005,Mysuru,Karnataka,Electronics,Headphones,4,8353.15,15,530.61,Net Banking
ORD_03036,2025-01-28,CUS_03036,Customer_103,Durgapur,West Bengal,Clothing,Sneakers,5,9681.91,20,1449.52,UPI
ORD_03037,2025-01-28,CUS_03037,Customer_149,Howrah,West Bengal,Electronics,Smartwatch,4,18216.85,15,4461.64,UPI
ORD_03038,2025-01-29,CUS_03038,Customer_123,Jaipur,Rajasthan,Electronics,Smartwatch,5,21936.15,0,2812.96,UPI
ORD_03039,2025-01-29,CUS_03039,Customer_046,Pune,Maharashtra,Furniture,Bookshelf,5,27234.39,10,1743.16,UPI
ORD_03040,2025-01-29,CUS_03040,Customer_002,Nizamabad,Telangana,Home & Kitchen,Cookware Set,3,8307.38,15,487.1,Net Banking
ORD_03041,2025-01-30,CUS_03041,Customer_022,Warangal,Telangana,Furniture,Study Table,4,26507.41,20,5587.54,Cash on Delivery
ORD_03042,2025-01-30,CUS_03042,Customer_122,Vadodara,Gujarat,Furniture,Sofa,3,57636.77,0,6412.82,Cash on Delivery
ORD_03043,2025-02-03,CUS_03043,Customer_069,Kolkata,West Bengal,Home & Kitchen,Cookware Set,1,2967.96,15,187.72,Net Banking
ORD_03044,2025-02-04,CUS_03044,Customer_012,Coimbatore,Tamil Nadu,Electronics,Laptop,1,50455.17,20,10980.58,Debit Card
ORD_03045,2025-02-05,CUS_03045,Customer_029,Chennai,Tamil Nadu,Home & Kitchen,Bedsheet,5,5178.81,20,818.09,Net Banking
ORD_03046,2025-02-05,CUS_03046,Customer_044,Jodhpur,Rajasthan,Furniture,Office Chair,3,19085.13,15,1183.82,Net Banking
ORD_03047,2025-02-06,CUS_03047,Customer_143,Nizamabad,Telangana,Furniture,Bookshelf,3,19284.5,0,3405.28,Net Banking
ORD_03048,2025-02-07,CUS_03048,Customer_102,Vadodara,Gujarat,Electronics,Headphones,3,6931.92,5,913.32,Net Banking
ORD_03049,2025-02-07,CUS_03049,Customer_124,Bengaluru,Karnataka,Furniture,Sofa,2,48085.61,0,7701.94,Debit Card
ORD_03050,2025-02-07,CUS_03050,Customer_076,Delhi,Delhi,Home & Kitchen,Bedsheet,2,2416.74,5,348.43,Debit Card
ORD_03051,2025-02-08,CUS_03051,Customer_085,Surat,Gujarat,Furniture,Sofa,5,103690.35,5,21015.22,Cash on Delivery
ORD_03052,2025-02-08,CUS_03052,Customer_019,Howrah,West Bengal,Home & Kitchen,Air Fryer,3,19009.18,10,1896.07,Debit Card
ORD_03053,2025-02-08,CUS_03053,Customer_108,Chennai,Tamil Nadu,Furniture,Bookshelf,5,28758.77,5,5606.62,UPI
ORD_03054,2025-02-08,CUS_03054,Customer_065,Warangal,Telangana,Furniture,Bookshelf,5,28209.8,15,2805.97,UPI
ORD_03055,2025-02-09,CUS_03055,Customer_018,Coimbatore,Tamil Nadu,Clothing,Jeans,3,4439.69,20,409.04,Net Banking
ORD_03056,2025-02-10,CUS_03056,Customer_034,Delhi,Delhi,Home & Kitchen,Cookware Set,3,11111.62,5,1098.58,Debit Card
ORD_03057,2025-02-10,CUS_03057,Customer_124,Noida,Delhi,Home & Kitchen,Mixer Grinder,5,16765.28,20,2805.67,Net Banking
ORD_03058,2025-02-11,CUS_03058,Customer_049,Vadodara,Gujarat,Clothing,Jeans,4,7561.12,5,1135.91,Credit Card
ORD_03059,2025-02-11,CUS_03059,Customer_021,Pune,Maharashtra,Home & Kitchen,Air Fryer,1,5377.97,20,763.08,Net Banking
ORD_03060,2025-02-12,CUS_03060,Customer_080,Kolkata,West Bengal,Electronics,Headphones,5,12807.61,10,3080.15,Credit Card
ORD_03061,2025-02-12,CUS_03061,Customer_087,Bengaluru,Karnataka,Home & Kitchen,Bedsheet,1,1100.94,20,63.42,UPI
ORD_03062,2025-02-12,CUS_03062,Customer_093,Kolkata,West Bengal,Clothing,Jeans,4,6008.94,15,1323.71,Credit Card
ORD_03063,2025-02-13,CUS_03063,Customer_131,Kolkata,West Bengal,Home & Kitchen,Cookware Set,4,14385.33,5,906.86,UPI
ORD_03064,2025-02-15,CUS_03064,Customer_060,Surat,Gujarat,Home & Kitchen,Air Fryer,3,18050.83,15,1019.97,UPI
ORD_03065,2025-02-15,CUS_03065,Customer_020,Jodhpur,Rajasthan,Electronics,Smartphone,3,60887.8,20,12715.94,Credit Card
ORD_03066,2025-02-15,CUS_03066,Customer_141,Gurugram,Delhi,Furniture,Bookshelf,1,4482.86,20,953.77,Debit Card
ORD_03067,2025-02-15,CUS_03067,Customer_090,Pune,Maharashtra,Electronics,Smartphone,5,101461.46,20,14423.33,Credit Card
ORD_03068,2025-02-15,CUS_03068,Customer_122,Warangal,Telangana,Home & Kitchen,Mixer Grinder,1,4267.66,5,993.86,Credit Card
ORD_03069,2025-02-16,CUS_03069,Customer_057,Udaipur,Rajasthan,Home & Kitchen,Air Fryer,3,18115.78,15,2128.02,UPI
ORD_03070,2025-02-16,CUS_03070,Customer_146,Warangal,Telangana,Electronics,Headphones,4,7849.25,10,1484.15,UPI
ORD_03071,2025-02-16,CUS_03071,Customer_069,Udaipur,Rajasthan,Home & Kitchen,Cookware Set,3,11312.22,0,1339.09,UPI
ORD_03072,2025-02-16,CUS_03072,Customer_111,Delhi,Delhi,Furniture,Study Table,4,32803.47,0,7009.25,UPI
ORD_03073,2025-02-18,CUS_03073,Customer_063,Durgapur,West Bengal,Furniture,Sofa,4,75777.93,10,4576.33,Net Banking
ORD_03074,2025-02-19,CUS_03074,Customer_020,Mysuru,Karnataka,Clothing,Jeans,2,3334.04,5,319.64,Credit Card
ORD_03075,2025-02-20,CUS_03075,Customer_106,Jodhpur,Rajasthan,Home & Kitchen,Mixer Grinder,1,4150.49,15,454.86,UPI
ORD_03076,2025-02-20,CUS_03076,Customer_059,Nizamabad,Telangana,Clothing,Sneakers,3,8059.22,15,1253.49,Net Banking
ORD_03077,2025-02-21,CUS_03077,Customer_054,Delhi,Delhi,Furniture,Bookshelf,1,6075.84,5,1015.72,Cash on Delivery
ORD_03078,2025-02-21,CUS_03078,Customer_128,Chennai,Tamil Nadu,Electronics,Headphones,4,8130.01,15,1951.3,Debit Card
ORD_03079,2025-02-22,CUS_03079,Customer_147,Ahmedabad,Gujarat,Clothing,T-Shirt,1,730.58,20,41.45,Debit Card
ORD_03080,2025-02-22,CUS_03080,Customer_108,Howrah,West Bengal,Electronics,Smartwatch,1,4263.49,15,784.51,Cash on Delivery
ORD_03081,2025-02-22,CUS_03081,Customer_142,Madurai,Tamil Nadu,Home & Kitchen,Mixer Grinder,4,17057.86,10,4062.76,Net Banking
ORD_03082,2025-02-22,CUS_03082,Customer_138,Chennai,Tamil Nadu,Home & Kitchen,Air Fryer,3,20476.17,0,1480.48,Cash on Delivery
ORD_03083,2025-02-23,CUS_03083,Customer_072,Warangal,Telangana,Clothing,T-Shirt,1,822.57,10,79.14,UPI
ORD_03084,2025-02-23,CUS_03084,Customer_012,Madurai,Tamil Nadu,Home & Kitchen,Air Fryer,2,11693.56,10,1801.19,Cash on Delivery
ORD_03085,2025-02-24,CUS_03085,Customer_072,Mysuru,Karnataka,Home & Kitchen,Bedsheet,4,5178.2,15,545.2,UPI
ORD_03086,2025-02-24,CUS_03086,Customer_121,Kolkata,West Bengal,Clothing,Jacket,1,2996.3,5,207.75,Cash on Delivery
ORD_03087,2025-02-25,CUS_03087,Customer_085,Warangal,Telangana,Furniture,Bookshelf,3,18369.71,0,1692.88,Credit Card
ORD_03088,2025-02-26,CUS_03088,Customer_030,Mangaluru,Karnataka,Furniture,Office Chair,5,31352.05,10,2042.27,Credit Card
ORD_03089,2025-02-27,CUS_03089,Customer_006,Jodhpur,Rajasthan,Electronics,Laptop,2,102936.15,5,8839.43,Net Banking
ORD_03090,2025-02-27,CUS_03090,Customer_054,Durgapur,West Bengal,Electronics,Smartwatch,3,13512.72,0,1742.31,Debit Card
ORD_03091,2025-02-28,CUS_03091,Customer_077,Durgapur,West Bengal,Clothing,Jeans,4,8268.89,0,2040.78,Cash on Delivery
ORD_03092,2025-02-28,CUS_03092,Customer_017,Jaipur,Rajasthan,Home & Kitchen,Bedsheet,4,4823.52,15,990.68,Credit Card
ORD_03093,2025-02-28,CUS_03093,Customer_073,Mumbai,Maharashtra,Electronics,Headphones,5,8856.13,20,1479.11,Credit Card
ORD_03094,2025-03-02,CUS_03094,Customer_135,Pune,Maharashtra,Clothing,Jeans,3,4448.1,20,490.22,Debit Card
ORD_03095,2025-03-02,CUS_03095,Customer_037,Howrah,West Bengal,Clothing,T-Shirt,1,740.13,15,69.31,Net Banking
ORD_03096,2025-03-05,CUS_03096,Customer_126,Nagpur,Maharashtra,Clothing,Jacket,5,15406.78,20,1708.93,Credit Card
ORD_03097,2025-03-06,CUS_03097,Customer_145,Warangal,Telangana,Furniture,Sofa,3,47737.86,15,7044.53,Credit Card
ORD_03098,2025-03-06,CUS_03098,Customer_121,Hyderabad,Telangana,Furniture,Office Chair,4,24018.88,20,5672.72,Debit Card
ORD_03099,2025-03-08,CUS_03099,Customer_134,Gurugram,Delhi,Clothing,Jeans,5,9087.73,10,1441.04,Debit Card
ORD_03100,2025-03-08,CUS_03100,Customer_068,Gurugram,Delhi,Furniture,Study Table,4,26494.99,20,4470.19,UPI
ORD_03101,2025-03-09,CUS_03101,Customer_037,Jodhpur,Rajasthan,Home & Kitchen,Cookware Set,1,3856.85,0,375.56,Credit Card
ORD_03102,2025-03-09,CUS_03102,Customer_016,Nizamabad,Telangana,Electronics,Smartphone,3,61681.79,15,14934.73,Debit Card
ORD_03103,2025-03-10,CUS_03103,Customer_078,Bengaluru,Karnataka,Clothing,Sneakers,1,2532.32,20,497.7,Debit Card
ORD_03104,2025-03-10,CUS_03104,Customer_027,Howrah,West Bengal,Clothing,Jacket,3,9444.3,15,1824.98,Cash on Delivery
ORD_03105,2025-03-11,CUS_03105,Customer_022,Mumbai,Maharashtra,Home & Kitchen,Bedsheet,1,1371.59,0,195.86,Net Banking
ORD_03106,2025-03-11,CUS_03106,Customer_096,Coimbatore,Tamil Nadu,Electronics,Headphones,3,6399.68,15,938.71,Credit Card
ORD_03107,2025-03-14,CUS_03107,Customer_014,Durgapur,West Bengal,Furniture,Sofa,2,43972.51,10,9146.55,Net Banking
ORD_03108,2025-03-14,CUS_03108,Customer_118,Udaipur,Rajasthan,Furniture,Office Chair,1,7081.01,10,703.37,Credit Card
ORD_03109,2025-03-16,CUS_03109,Customer_104,Coimbatore,Tamil Nadu,Home & Kitchen,Air Fryer,3,21591.74,0,2940.73,Credit Card
ORD_03110,2025-03-16,CUS_03110,Customer_066,Howrah,West Bengal,Furniture,Bookshelf,1,4929.54,20,858.04,Debit Card
ORD_03111,2025-03-17,CUS_03111,Customer_087,Delhi,Delhi,Electronics,Laptop,3,181279.13,0,40201.07,Debit Card
ORD_03112,2025-03-18,CUS_03112,Customer_063,Mysuru,Karnataka,Furniture,Sofa,2,44173.38,10,6568.59,Debit Card
ORD_03113,2025-03-19,CUS_03113,Customer_088,Jaipur,Rajasthan,Clothing,Jacket,1,3381.58,5,713.73,Debit Card
ORD_03114,2025-03-19,CUS_03114,Customer_081,Surat,Gujarat,Clothing,T-Shirt,1,810.93,5,65.85,Net Banking
ORD_03115,2025-03-19,CUS_03115,Customer_047,Delhi,Delhi,Furniture,Sofa,4,85987.08,10,16095.26,Cash on Delivery
ORD_03116,2025-03-20,CUS_03116,Customer_025,Madurai,Tamil Nadu,Clothing,T-Shirt,1,897.66,5,57.12,Cash on Delivery
ORD_03117,2025-03-24,CUS_03117,Customer_141,Bengaluru,Karnataka,Clothing,Jeans,4,6987.35,5,1595.73,UPI
ORD_03118,2025-03-25,CUS_03118,Customer_107,Jodhpur,Rajasthan,Home & Kitchen,Cookware Set,2,6565.45,15,533.62,Credit Card
ORD_03119,2025-03-25,CUS_03119,Customer_101,Mangaluru,Karnataka,Electronics,Smartphone,4,68751.26,20,16412.52,Debit Card
ORD_03120,2025-03-27,CUS_03120,Customer_005,Coimbatore,Tamil Nadu,Furniture,Sofa,2,31908.97,20,4427.37,Credit Card
ORD_03121,2025-03-27,CUS_03121,Customer_062,Vadodara,Gujarat,Furniture,Bookshelf,5,27233.31,20,4743.55,Credit Card
ORD_03122,2025-03-27,CUS_03122,Customer_137,Noida,Delhi,Electronics,Smartwatch,3,13596.11,0,1700.22,Credit Card
ORD_03123,2025-03-27,CUS_03123,Customer_071,Hyderabad,Telangana,Electronics,Laptop,1,41858.74,15,5592.24,UPI
ORD_03124,2025-03-28,CUS_03124,Customer_124,Hyderabad,Telangana,Clothing,Jacket,3,9595.88,5,2202.12,Cash on Delivery
ORD_03125,2025-03-28,CUS_03125,Customer_132,Delhi,Delhi,Home & Kitchen,Cookware Set,2,7360.48,5,1686.38,UPI
ORD_03126,2025-03-29,CUS_03126,Customer_075,Jaipur,Rajasthan,Clothing,Jacket,5,17108.04,5,1389.15,Net Banking
ORD_03127,2025-03-30,CUS_03127,Customer_042,Kolkata,West Bengal,Electronics,Headphones,3,6630.81,15,750.87,Credit Card
ORD_03128,2025-03-31,CUS_03128,Customer_097,Hyderabad,Telangana,Electronics,Laptop,1,42188.81,10,9230.28,Net Banking
ORD_03129,2025-03-31,CUS_03129,Customer_045,Gurugram,Delhi,Home & Kitchen,Bedsheet,5,6332.05,15,1170.93,Cash on Delivery
ORD_03130,2025-03-31,CUS_03130,Customer_004,Kolkata,West Bengal,Electronics,Smartphone,2,42296.98,15,6122.99,UPI
ORD_03131,2025-03-31,CUS_03131,Customer_103,Delhi,Delhi,Electronics,Smartphone,1,26062.16,5,3372.04,Credit Card
ORD_03132,2025-04-02,CUS_03132,Customer_082,Coimbatore,Tamil Nadu,Clothing,T-Shirt,3,2709.13,0,331.74,Debit Card
ORD_03133,2025-04-02,CUS_03133,Customer_084,Chennai,Tamil Nadu,Home & Kitchen,Cookware Set,2,6421.41,5,446.51,Cash on Delivery
ORD_03134,2025-04-02,CUS_03134,Customer_116,Coimbatore,Tamil Nadu,Clothing,Sneakers,4,9012.11,20,1639.54,Debit Card
ORD_03135,2025-04-02,CUS_03135,Customer_143,Jaipur,Rajasthan,Home & Kitchen,Mixer Grinder,4,15988.33,15,3634.52,Credit Card
ORD_03136,2025-04-04,CUS_03136,Customer_025,Durgapur,West Bengal,Electronics,Laptop,1,46209.83,10,11097.5,UPI
ORD_03137,2025-04-05,CUS_03137,Customer_083,Mumbai,Maharashtra,Furniture,Bookshelf,4,24692.77,10,4088.17,Net Banking
ORD_03138,2025-04-05,CUS_03138,Customer_080,Mumbai,Maharashtra,Furniture,Bookshelf,3,14937.11,10,2351.89,Debit Card
ORD_03139,2025-04-07,CUS_03139,Customer_029,Delhi,Delhi,Home & Kitchen,Mixer Grinder,1,4842.93,5,666.0,Credit Card
ORD_03140,2025-04-07,CUS_03140,Customer_038,Warangal,Telangana,Home & Kitchen,Bedsheet,5,6291.35,10,1306.84,Net Banking
ORD_03141,2025-04-08,CUS_03141,Customer_075,Ahmedabad,Gujarat,Electronics,Smartwatch,1,5508.77,0,1152.44,UPI
ORD_03142,2025-04-08,CUS_03142,Customer_017,Delhi,Delhi,Electronics,Smartphone,4,106684.43,0,22226.63,Credit Card
ORD_03143,2025-04-08,CUS_03143,Customer_109,Jaipur,Rajasthan,Furniture,Study Table,3,25047.51,5,3885.82,Net Banking
ORD_03144,2025-04-09,CUS_03144,Customer_006,Madurai,Tamil Nadu,Home & Kitchen,Mixer Grinder,1,4134.11,20,437.85,Cash on Delivery
ORD_03145,2025-04-11,CUS_03145,Customer_042,Howrah,West Bengal,Clothing,Sneakers,2,5697.01,0,928.0,Cash on Delivery
ORD_03146,2025-04-11,CUS_03146,Customer_008,Durgapur,West Bengal,Clothing,Jeans,3,6183.3,0,1048.83,Cash on Delivery
ORD_03147,2025-04-12,CUS_03147,Customer_132,Delhi,Delhi,Electronics,Headphones,1,2096.49,5,274.28,Debit Card
ORD_03148,2025-04-14,CUS_03148,Customer_132,Nizamabad,Telangana,Home & Kitchen,Mixer Grinder,1,3374.44,20,437.33,Debit Card
ORD_03149,2025-04-14,CUS_03149,Customer_017,Warangal,Telangana,Home & Kitchen,Cookware Set,2,6159.56,5,1388.82,UPI
ORD_03150,2025-04-16,CUS_03150,Customer_130,Jaipur,Rajasthan,Electronics,Headphones,4,7722.27,15,1592.21,Cash on Delivery
ORD_03151,2025-04-16,CUS_03151,Customer_019,Jaipur,Rajasthan,Home & Kitchen,Bedsheet,5,6190.58,10,909.26,Net Banking
ORD_03152,2025-04-16,CUS_03152,Customer_018,Gurugram,Delhi,Furniture,Office Chair,2,11060.33,20,1320.74,Net Banking
ORD_03153,2025-04-16,CUS_03153,Customer_144,Chennai,Tamil Nadu,Home & Kitchen,Cookware Set,3,10075.27,15,1590.2,Cash on Delivery
ORD_03154,2025-04-17,CUS_03154,Customer_003,Mangaluru,Karnataka,Electronics,Smartphone,5,90534.29,20,22265.04,UPI
ORD_03155,2025-04-17,CUS_03155,Customer_073,Pune,Maharashtra,Electronics,Headphones,3,6793.43,10,1386.87,UPI
ORD_03156,2025-04-18,CUS_03156,Customer_122,Durgapur,West Bengal,Home & Kitchen,Cookware Set,3,9391.86,20,484.73,Cash on Delivery
ORD_03157,2025-04-18,CUS_03157,Customer_060,Coimbatore,Tamil Nadu,Furniture,Bookshelf,3,15986.13,0,3446.19,Net Banking
ORD_03158,2025-04-19,CUS_03158,Customer_116,Hyderabad,Telangana,Electronics,Smartphone,4,93240.6,15,13940.21,Net Banking
ORD_03159,2025-04-19,CUS_03159,Customer_100,Durgapur,West Bengal,Furniture,Sofa,1,20734.68,10,4066.06,Net Banking
ORD_03160,2025-04-22,CUS_03160,Customer_006,Durgapur,West Bengal,Furniture,Sofa,2,46116.42,5,7047.47,Debit Card
ORD_03161,2025-04-22,CUS_03161,Customer_046,Ahmedabad,Gujarat,Clothing,Jeans,1,1293.28,20,171.0,Net Banking
ORD_03162,2025-04-22,CUS_03162,Customer_147,Hyderabad,Telangana,Furniture,Office Chair,2,11954.61,0,1094.77,Net Banking
ORD_03163,2025-04-23,CUS_03163,Customer_084,Pune,Maharashtra,Electronics,Headphones,4,8646.44,10,1463.53,UPI
ORD_03164,2025-04-23,CUS_03164,Customer_101,Chennai,Tamil Nadu,Furniture,Office Chair,2,15145.16,5,2914.75,UPI
ORD_03165,2025-04-23,CUS_03165,Customer_020,Bengaluru,Karnataka,Home & Kitchen,Mixer Grinder,2,7671.54,10,689.68,Cash on Delivery
ORD_03166,2025-04-24,CUS_03166,Customer_058,Mumbai,Maharashtra,Furniture,Study Table,2,15425.44,10,1640.82,Net Banking
ORD_03167,2025-04-24,CUS_03167,Customer_081,Howrah,West Bengal,Furniture,Study Table,5,32977.98,20,7548.53,Net Banking
ORD_03168,2025-04-26,CUS_03168,Customer_099,Surat,Gujarat,Electronics,Smartphone,2,47608.17,0,2879.26,Credit Card
ORD_03169,2025-04-27,CUS_03169,Customer_148,Nagpur,Maharashtra,Electronics,Smartwatch,1,5391.51,0,954.78,Debit Card
ORD_03170,2025-04-28,CUS_03170,Customer_057,Jaipur,Rajasthan,Furniture,Bookshelf,4,17722.76,15,3493.73,Net Banking
ORD_03171,2025-04-30,CUS_03171,Customer_013,Mysuru,Karnataka,Clothing,Jeans,2,3430.53,10,731.27,Net Banking
ORD_03172,2025-05-04,CUS_03172,Customer_052,Jaipur,Rajasthan,Home & Kitchen,Bedsheet,1,1094.55,15,121.77,Credit Card
ORD_03173,2025-05-04,CUS_03173,Customer_148,Bengaluru,Karnataka,Home & Kitchen,Mixer Grinder,2,7248.61,15,1350.66,UPI
ORD_03174,2025-05-05,CUS_03174,Customer_085,Gurugram,Delhi,Clothing,Sneakers,3,6438.13,10,1126.17,Credit Card
ORD_03175,2025-05-06,CUS_03175,Customer_043,Gurugram,Delhi,Furniture,Sofa,2,40513.13,5,9845.65,Credit Card
ORD_03176,2025-05-06,CUS_03176,Customer_149,Hyderabad,Telangana,Clothing,Jeans,1,1586.08,5,281.08,Cash on Delivery
ORD_03177,2025-05-06,CUS_03177,Customer_012,Nagpur,Maharashtra,Clothing,Jacket,2,5499.31,15,480.55,Net Banking
ORD_03178,2025-05-06,CUS_03178,Customer_129,Bengaluru,Karnataka,Furniture,Study Table,4,24924.78,20,2966.4,Credit Card
ORD_03179,2025-05-06,CUS_03179,Customer_128,Noida,Delhi,Electronics,Laptop,3,139780.72,15,21868.55,Net Banking
ORD_03180,2025-05-07,CUS_03180,Customer_047,Jaipur,Rajasthan,Electronics,Smartphone,4,109186.04,0,18502.19,Credit Card
ORD_03181,2025-05-07,CUS_03181,Customer_098,Durgapur,West Bengal,Clothing,Sneakers,2,5162.71,5,396.32,Debit Card
ORD_03182,2025-05-07,CUS_03182,Customer_085,Warangal,Telangana,Home & Kitchen,Cookware Set,1,3148.15,10,430.4,UPI
ORD_03183,2025-05-08,CUS_03183,Customer_058,Kolkata,West Bengal,Clothing,Jacket,2,5246.49,15,695.87,Net Banking
ORD_03184,2025-05-08,CUS_03184,Customer_039,Mumbai,Maharashtra,Home & Kitchen,Air Fryer,5,27533.69,20,2022.1,Credit Card
ORD_03185,2025-05-08,CUS_03185,Customer_052,Madurai,Tamil Nadu,Home & Kitchen,Air Fryer,2,11742.45,10,1405.96,Credit Card
ORD_03186,2025-05-11,CUS_03186,Customer_101,Mumbai,Maharashtra,Home & Kitchen,Air Fryer,5,31264.79,10,5072.67,UPI
ORD_03187,2025-05-12,CUS_03187,Customer_063,Vadodara,Gujarat,Clothing,Jeans,2,3637.21,0,473.39,UPI
ORD_03188,2025-05-12,CUS_03188,Customer_054,Delhi,Delhi,Furniture,Bookshelf,5,29178.14,5,6533.6,Cash on Delivery
ORD_03189,2025-05-13,CUS_03189,Customer_001,Nagpur,Maharashtra,Furniture,Study Table,2,15064.89,15,3250.65,Cash on Delivery
ORD_03190,2025-05-13,CUS_03190,Customer_126,Udaipur,Rajasthan,Electronics,Laptop,3,166356.28,0,35698.68,Debit Card
ORD_03191,2025-05-14,CUS_03191,Customer_031,Surat,Gujarat,Home & Kitchen,Air Fryer,5,22185.77,20,2279.29,Debit Card
ORD_03192,2025-05-16,CUS_03192,Customer_027,Nizamabad,Telangana,Furniture,Study Table,1,6126.31,20,885.24,Debit Card
ORD_03193,2025-05-16,CUS_03193,Customer_026,Gurugram,Delhi,Clothing,Jeans,3,5412.02,5,534.87,UPI
ORD_03194,2025-05-16,CUS_03194,Customer_073,Nizamabad,Telangana,Electronics,Smartphone,4,87569.75,0,14812.44,UPI
ORD_03195,2025-05-17,CUS_03195,Customer_078,Delhi,Delhi,Electronics,Headphones,3,7159.95,0,1576.23,Credit Card
ORD_03196,2025-05-17,CUS_03196,Customer_107,Nagpur,Maharashtra,Furniture,Bookshelf,3,14545.74,15,2391.06,UPI
ORD_03197,2025-05-18,CUS_03197,Customer_100,Jaipur,Rajasthan,Furniture,Study Table,5,41199.38,5,2219.23,Debit Card
ORD_03198,2025-05-18,CUS_03198,Customer_011,Mysuru,Karnataka,Electronics,Headphones,5,8787.14,20,1567.58,UPI
ORD_03199,2025-05-19,CUS_03199,Customer_009,Ahmedabad,Gujarat,Home & Kitchen,Mixer Grinder,3,12495.92,5,2397.52,Credit Card
ORD_03200,2025-05-19,CUS_03200,Customer_115,Ahmedabad,Gujarat,Electronics,Smartwatch,3,15111.31,0,1610.26,UPI
ORD_03201,2025-05-19,CUS_03201,Customer_063,Jaipur,Rajasthan,Electronics,Laptop,1,50568.23,15,5496.65,Debit Card
ORD_03202,2025-05-21,CUS_03202,Customer_073,Udaipur,Rajasthan,Furniture,Bookshelf,5,33255.22,0,1868.0,Cash on Delivery
ORD_03203,2025-05-21,CUS_03203,Customer_098,Ahmedabad,Gujarat,Clothing,Jacket,2,6474.17,5,546.02,UPI
ORD_03204,2025-05-24,CUS_03204,Customer_026,Ahmedabad,Gujarat,Clothing,T-Shirt,3,2143.32,20,376.55,UPI
ORD_03205,2025-05-24,CUS_03205,Customer_052,Jodhpur,Rajasthan,Electronics,Smartwatch,4,17521.31,10,3109.79,Net Banking
ORD_03206,2025-05-24,CUS_03206,Customer_098,Noida,Delhi,Electronics,Laptop,2,115418.2,0,21214.38,Debit Card
ORD_03207,2025-05-24,CUS_03207,Customer_090,Chennai,Tamil Nadu,Furniture,Study Table,3,23269.07,0,1208.53,UPI
ORD_03208,2025-05-24,CUS_03208,Customer_096,Warangal,Telangana,Clothing,Sneakers,2,4656.45,15,852.47,Net Banking
ORD_03209,2025-05-25,CUS_03209,Customer_070,Howrah,West Bengal,Electronics,Laptop,4,213731.37,0,39011.16,Debit Card
ORD_03210,2025-05-25,CUS_03210,Customer_083,Delhi,Delhi,Clothing,T-Shirt,3,2195.92,20,428.7,Net Banking
ORD_03211,2025-05-26,CUS_03211,Customer_075,Jaipur,Rajasthan,Electronics,Smartphone,2,41195.21,5,5697.55,Cash on Delivery
ORD_03212,2025-05-27,CUS_03212,Customer_122,Pune,Maharashtra,Clothing,Jeans,4,5322.99,20,776.39,Cash on Delivery
ORD_03213,2025-05-27,CUS_03213,Customer_099,Chennai,Tamil Nadu,Furniture,Office Chair,4,25640.7,10,2249.75,Debit Card
ORD_03214,2025-05-28,CUS_03214,Customer_150,Surat,Gujarat,Home & Kitchen,Cookware Set,2,6379.41,15,771.81,Net Banking
ORD_03215,2025-05-29,CUS_03215,Customer_079,Ahmedabad,Gujarat,Furniture,Bookshelf,2,8545.35,20,460.07,Credit Card
ORD_03216,2025-05-31,CUS_03216,Customer_101,Hyderabad,Telangana,Furniture,Sofa,4,69345.24,20,12155.62,Credit Card
ORD_03217,2025-05-31,CUS_03217,Customer_053,Nagpur,Maharashtra,Home & Kitchen,Mixer Grinder,5,21104.17,0,3392.3,UPI
ORD_03218,2025-06-02,CUS_03218,Customer_143,Nizamabad,Telangana,Home & Kitchen,Cookware Set,3,10890.92,0,2172.98,UPI
ORD_03219,2025-06-02,CUS_03219,Customer_023,Mangaluru,Karnataka,Home & Kitchen,Mixer Grinder,1,3606.75,15,500.12,Net Banking
ORD_03220,2025-06-02,CUS_03220,Customer_037,Kolkata,West Bengal,Furniture,Office Chair,3,19754.35,5,2158.39,UPI
ORD_03221,2025-06-02,CUS_03221,Customer_061,Bengaluru,Karnataka,Home & Kitchen,Mixer Grinder,5,21809.64,10,4039.69,Cash on Delivery
ORD_03222,2025-06-03,CUS_03222,Customer_014,Howrah,West Bengal,Clothing,Jacket,3,10256.03,0,1377.27,UPI
ORD_03223,2025-06-05,CUS_03223,Customer_073,Durgapur,West Bengal,Home & Kitchen,Air Fryer,1,6364.16,0,499.27,Debit Card
ORD_03224,2025-06-09,CUS_03224,Customer_059,Chennai,Tamil Nadu,Electronics,Headphones,3,5851.34,20,1102.9,UPI
ORD_03225,2025-06-09,CUS_03225,Customer_127,Nagpur,Maharashtra,Electronics,Laptop,4,187022.26,10,22343.3,Debit Card
ORD_03226,2025-06-09,CUS_03226,Customer_138,Vadodara,Gujarat,Electronics,Headphones,5,12504.97,10,2823.8,Debit Card
ORD_03227,2025-06-09,CUS_03227,Customer_128,Mumbai,Maharashtra,Home & Kitchen,Mixer Grinder,5,19213.57,5,1062.55,Debit Card
ORD_03228,2025-06-10,CUS_03228,Customer_108,Surat,Gujarat,Furniture,Office Chair,3,15115.38,20,2210.88,UPI
ORD_03229,2025-06-10,CUS_03229,Customer_003,Jaipur,Rajasthan,Furniture,Study Table,5,38320.04,15,4373.41,Credit Card
ORD_03230,2025-06-10,CUS_03230,Customer_032,Delhi,Delhi,Furniture,Office Chair,4,27586.21,5,5726.36,Net Banking
ORD_03231,2025-06-10,CUS_03231,Customer_021,Madurai,Tamil Nadu,Furniture,Office Chair,2,14185.78,5,1225.15,Cash on Delivery
ORD_03232,2025-06-10,CUS_03232,Customer_054,Surat,Gujarat,Furniture,Office Chair,2,10142.99,15,974.24,Credit Card
ORD_03233,2025-06-11,CUS_03233,Customer_115,Ahmedabad,Gujarat,Furniture,Bookshelf,2,12705.29,5,1535.49,UPI
ORD_03234,2025-06-11,CUS_03234,Customer_119,Howrah,West Bengal,Electronics,Laptop,3,157811.66,5,10316.53,Credit Card
ORD_03235,2025-06-12,CUS_03235,Customer_091,Madurai,Tamil Nadu,Electronics,Headphones,3,7780.5,5,397.92,Net Banking
ORD_03236,2025-06-12,CUS_03236,Customer_015,Coimbatore,Tamil Nadu,Clothing,Jacket,5,13929.92,10,851.41,Cash on Delivery
ORD_03237,2025-06-14,CUS_03237,Customer_019,Madurai,Tamil Nadu,Electronics,Laptop,3,183825.58,0,38328.42,Net Banking
ORD_03238,2025-06-14,CUS_03238,Customer_017,Mysuru,Karnataka,Furniture,Sofa,5,120396.8,0,12618.91,UPI
ORD_03239,2025-06-16,CUS_03239,Customer_047,Noida,Delhi,Furniture,Sofa,1,18579.14,20,1196.91,Cash on Delivery
ORD_03240,2025-06-16,CUS_03240,Customer_073,Madurai,Tamil Nadu,Home & Kitchen,Bedsheet,1,1088.56,10,202.54,Credit Card
ORD_03241,2025-06-17,CUS_03241,Customer_121,Surat,Gujarat,Electronics,Headphones,4,8141.55,20,1737.62,Debit Card
ORD_03242,2025-06-19,CUS_03242,Customer_037,Pune,Maharashtra,Clothing,T-Shirt,5,3372.38,20,732.13,Cash on Delivery
ORD_03243,2025-06-21,CUS_03243,Customer_108,Delhi,Delhi,Electronics,Headphones,2,4445.57,10,950.55,Debit Card
ORD_03244,2025-06-22,CUS_03244,Customer_082,Jodhpur,Rajasthan,Home & Kitchen,Air Fryer,5,23778.57,20,5156.64,Cash on Delivery
ORD_03245,2025-06-23,CUS_03245,Customer_032,Gurugram,Delhi,Furniture,Sofa,2,38667.18,15,3794.74,UPI
ORD_03246,2025-06-24,CUS_03246,Customer_120,Vadodara,Gujarat,Electronics,Laptop,2,75916.5,20,9681.61,Net Banking
ORD_03247,2025-06-24,CUS_03247,Customer_107,Nizamabad,Telangana,Home & Kitchen,Mixer Grinder,1,3442.93,15,433.37,Net Banking
ORD_03248,2025-06-24,CUS_03248,Customer_069,Nizamabad,Telangana,Home & Kitchen,Bedsheet,2,2754.0,10,481.32,UPI
ORD_03249,2025-06-25,CUS_03249,Customer_089,Noida,Delhi,Furniture,Sofa,2,50592.26,0,11296.63,Net Banking
ORD_03250,2025-06-25,CUS_03250,Customer_038,Jaipur,Rajasthan,Furniture,Study Table,2,19339.23,0,3197.56,Debit Card
ORD_03251,2025-06-25,CUS_03251,Customer_115,Jodhpur,Rajasthan,Electronics,Smartphone,2,37754.26,20,7407.56,Credit Card
ORD_03252,2025-06-26,CUS_03252,Customer_076,Warangal,Telangana,Home & Kitchen,Mixer Grinder,1,4397.06,10,1045.53,Debit Card
ORD_03253,2025-06-26,CUS_03253,Customer_019,Bengaluru,Karnataka,Furniture,Office Chair,1,7011.03,0,799.33,Cash on Delivery
ORD_03254,2025-06-29,CUS_03254,Customer_025,Jodhpur,Rajasthan,Clothing,Jeans,3,4790.33,10,270.99,Net Banking
ORD_03255,2025-06-30,CUS_03255,Customer_027,Ahmedabad,Gujarat,Home & Kitchen,Air Fryer,4,24184.57,0,3730.69,Credit Card
ORD_03256,2025-06-30,CUS_03256,Customer_011,Madurai,Tamil Nadu,Furniture,Office Chair,2,13912.39,10,2304.72,Cash on Delivery
ORD_03257,2025-06-30,CUS_03257,Customer_093,Bengaluru,Karnataka,Clothing,Jacket,2,6364.96,5,1581.62,Debit Card
ORD_03258,2025-06-30,CUS_03258,Customer_034,Nizamabad,Telangana,Electronics,Smartwatch,2,10280.63,5,2209.9,Cash on Delivery
ORD_03259,2025-07-01,CUS_03259,Customer_027,Madurai,Tamil Nadu,Furniture,Bookshelf,2,10100.66,20,777.91,Credit Card
ORD_03260,2025-07-01,CUS_03260,Customer_041,Coimbatore,Tamil Nadu,Clothing,Jacket,2,7859.72,0,404.04,Cash on Delivery
ORD_03261,2025-07-02,CUS_03261,Customer_094,Ahmedabad,Gujarat,Home & Kitchen,Cookware Set,2,6320.71,15,969.94,UPI
ORD_03262,2025-07-02,CUS_03262,Customer_146,Ahmedabad,Gujarat,Electronics,Smartwatch,4,17042.84,5,2005.15,UPI
ORD_03263,2025-07-03,CUS_03263,Customer_147,Durgapur,West Bengal,Furniture,Bookshelf,3,16866.28,10,2905.94,Cash on Delivery
ORD_03264,2025-07-03,CUS_03264,Customer_104,Mumbai,Maharashtra,Electronics,Smartwatch,4,21793.62,5,2301.97,Debit Card
ORD_03265,2025-07-03,CUS_03265,Customer_097,Udaipur,Rajasthan,Furniture,Bookshelf,3,13696.6,15,2692.21,Debit Card
ORD_03266,2025-07-03,CUS_03266,Customer_137,Chennai,Tamil Nadu,Furniture,Study Table,1,9667.02,5,2278.77,Cash on Delivery
ORD_03267,2025-07-05,CUS_03267,Customer_080,Kolkata,West Bengal,Clothing,Jacket,4,12638.21,10,795.84,Cash on Delivery
ORD_03268,2025-07-06,CUS_03268,Customer_056,Durgapur,West Bengal,Clothing,T-Shirt,4,2946.99,5,609.3,Net Banking
ORD_03269,2025-07-07,CUS_03269,Customer_122,Gurugram,Delhi,Clothing,Jeans,1,1716.38,15,89.23,Credit Card
ORD_03270,2025-07-07,CUS_03270,Customer_003,Pune,Maharashtra,Furniture,Sofa,4,76992.85,10,9220.98,Net Banking
ORD_03271,2025-07-07,CUS_03271,Customer_004,Warangal,Telangana,Clothing,Jeans,5,7552.17,20,421.52,UPI
ORD_03272,2025-07-08,CUS_03272,Customer_032,Coimbatore,Tamil Nadu,Home & Kitchen,Cookware Set,1,3459.23,0,521.65,Credit Card
ORD_03273,2025-07-09,CUS_03273,Customer_015,Pune,Maharashtra,Electronics,Smartwatch,1,4218.16,10,548.24,Debit Card
ORD_03274,2025-07-10,CUS_03274,Customer_143,Nizamabad,Telangana,Clothing,Sneakers,3,8889.26,0,827.64,Net Banking
ORD_03275,2025-07-10,CUS_03275,Customer_100,Hyderabad,Telangana,Clothing,Jacket,1,2660.57,20,504.16,Debit Card
ORD_03276,2025-07-10,CUS_03276,Customer_116,Delhi,Delhi,Home & Kitchen,Mixer Grinder,1,4114.11,10,1012.34,Net Banking
ORD_03277,2025-07-11,CUS_03277,Customer_101,Bengaluru,Karnataka,Home & Kitchen,Bedsheet,1,1527.46,0,243.77,Debit Card
ORD_03278,2025-07-11,CUS_03278,Customer_061,Madurai,Tamil Nadu,Furniture,Sofa,3,61023.22,5,7039.57,Net Banking
ORD_03279,2025-07-12,CUS_03279,Customer_012,Howrah,West Bengal,Home & Kitchen,Bedsheet,4,4386.57,10,365.29,Credit Card
ORD_03280,2025-07-12,CUS_03280,Customer_053,Gurugram,Delhi,Electronics,Laptop,2,116904.4,5,17718.15,UPI
ORD_03281,2025-07-14,CUS_03281,Customer_130,Bengaluru,Karnataka,Home & Kitchen,Cookware Set,2,6289.85,20,744.49,Cash on Delivery
ORD_03282,2025-07-14,CUS_03282,Customer_015,Hyderabad,Telangana,Home & Kitchen,Air Fryer,4,24355.02,10,1553.89,Debit Card
ORD_03283,2025-07-15,CUS_03283,Customer_041,Hyderabad,Telangana,Furniture,Bookshelf,5,25357.63,10,4971.34,Debit Card
ORD_03284,2025-07-15,CUS_03284,Customer_007,Bengaluru,Karnataka,Furniture,Sofa,4,88325.2,5,7363.85,Net Banking
ORD_03285,2025-07-16,CUS_03285,Customer_114,Mangaluru,Karnataka,Furniture,Office Chair,1,6222.47,5,702.92,Net Banking
ORD_03286,2025-07-16,CUS_03286,Customer_147,Nagpur,Maharashtra,Furniture,Bookshelf,4,21287.0,10,2683.95,Debit Card
ORD_03287,2025-07-16,CUS_03287,Customer_068,Delhi,Delhi,Electronics,Smartphone,1,21435.96,5,3985.16,Debit Card
ORD_03288,2025-07-17,CUS_03288,Customer_096,Jaipur,Rajasthan,Clothing,Sneakers,1,3005.47,5,569.36,UPI
ORD_03289,2025-07-17,CUS_03289,Customer_118,Jaipur,Rajasthan,Clothing,Sneakers,3,7188.17,20,1450.62,UPI
ORD_03290,2025-07-17,CUS_03290,Customer_134,Surat,Gujarat,Electronics,Headphones,1,2061.01,20,231.58,Debit Card
ORD_03291,2025-07-20,CUS_03291,Customer_073,Mangaluru,Karnataka,Home & Kitchen,Air Fryer,1,5194.33,20,420.4,UPI
ORD_03292,2025-07-20,CUS_03292,Customer_135,Gurugram,Delhi,Clothing,T-Shirt,3,2237.23,5,163.71,Cash on Delivery
ORD_03293,2025-07-21,CUS_03293,Customer_028,Jaipur,Rajasthan,Furniture,Study Table,3,26167.03,0,5167.49,UPI
ORD_03294,2025-07-21,CUS_03294,Customer_023,Bengaluru,Karnataka,Home & Kitchen,Bedsheet,1,1233.91,10,293.31,Debit Card
ORD_03295,2025-07-22,CUS_03295,Customer_079,Madurai,Tamil Nadu,Home & Kitchen,Air Fryer,1,5833.76,10,1249.43,Credit Card
ORD_03296,2025-07-25,CUS_03296,Customer_071,Mysuru,Karnataka,Clothing,Jacket,2,6305.78,15,338.0,UPI
ORD_03297,2025-07-26,CUS_03297,Customer_043,Jaipur,Rajasthan,Electronics,Smartphone,2,42787.17,0,7356.8,Cash on Delivery
ORD_03298,2025-07-27,CUS_03298,Customer_031,Gurugram,Delhi,Clothing,Jeans,3,4253.02,20,1039.04,Credit Card
ORD_03299,2025-07-28,CUS_03299,Customer_038,Delhi,Delhi,Clothing,T-Shirt,1,857.85,5,165.57,Credit Card
ORD_03300,2025-07-29,CUS_03300,Customer_013,Mangaluru,Karnataka,Home & Kitchen,Cookware Set,3,8576.42,15,1902.18,Net Banking
ORD_03301,2025-07-29,CUS_03301,Customer_104,Mysuru,Karnataka,Furniture,Sofa,2,42418.52,15,9856.81,UPI
ORD_03302,2025-07-30,CUS_03302,Customer_099,Chennai,Tamil Nadu,Furniture,Study Table,5,43020.26,5,8677.2,Cash on Delivery
ORD_03303,2025-08-02,CUS_03303,Customer_104,Surat,Gujarat,Furniture,Bookshelf,1,5307.99,15,704.72,Credit Card
ORD_03304,2025-08-02,CUS_03304,Customer_063,Surat,Gujarat,Clothing,T-Shirt,4,3327.34,0,299.81,Net Banking
ORD_03305,2025-08-02,CUS_03305,Customer_116,Ahmedabad,Gujarat,Furniture,Study Table,3,25721.07,0,5726.21,Net Banking
ORD_03306,2025-08-03,CUS_03306,Customer_144,Durgapur,West Bengal,Clothing,Sneakers,1,2137.16,20,174.68,Debit Card
ORD_03307,2025-08-03,CUS_03307,Customer_141,Delhi,Delhi,Home & Kitchen,Cookware Set,4,14147.29,0,1555.06,Debit Card
ORD_03308,2025-08-03,CUS_03308,Customer_035,Noida,Delhi,Clothing,Sneakers,5,11581.75,5,669.34,UPI
ORD_03309,2025-08-03,CUS_03309,Customer_136,Coimbatore,Tamil Nadu,Home & Kitchen,Cookware Set,2,6325.05,15,1408.46,Debit Card
ORD_03310,2025-08-06,CUS_03310,Customer_057,Hyderabad,Telangana,Clothing,Jeans,5,9398.1,5,558.14,UPI
ORD_03311,2025-08-06,CUS_03311,Customer_081,Delhi,Delhi,Clothing,Jeans,4,6916.13,10,605.74,Credit Card
ORD_03312,2025-08-06,CUS_03312,Customer_068,Ahmedabad,Gujarat,Clothing,T-Shirt,1,653.88,15,139.76,Credit Card
ORD_03313,2025-08-07,CUS_03313,Customer_039,Gurugram,Delhi,Home & Kitchen,Cookware Set,4,13497.93,5,2304.47,Net Banking
ORD_03314,2025-08-08,CUS_03314,Customer_028,Hyderabad,Telangana,Home & Kitchen,Cookware Set,4,13885.92,5,1331.37,Net Banking
ORD_03315,2025-08-08,CUS_03315,Customer_086,Chennai,Tamil Nadu,Clothing,Sneakers,1,2706.02,15,159.44,Debit Card
ORD_03316,2025-08-08,CUS_03316,Customer_125,Gurugram,Delhi,Furniture,Bookshelf,4,20905.74,5,4346.27,Credit Card
ORD_03317,2025-08-09,CUS_03317,Customer_062,Howrah,West Bengal,Home & Kitchen,Cookware Set,5,15814.69,5,1402.56,Cash on Delivery
ORD_03318,2025-08-11,CUS_03318,Customer_036,Vadodara,Gujarat,Furniture,Study Table,1,7079.97,10,379.83,Credit Card
ORD_03319,2025-08-11,CUS_03319,Customer_102,Jaipur,Rajasthan,Clothing,T-Shirt,5,4563.8,5,379.67,Debit Card
ORD_03320,2025-08-12,CUS_03320,Customer_130,Hyderabad,Telangana,Clothing,Jacket,4,14199.14,0,1471.53,Credit Card
ORD_03321,2025-08-12,CUS_03321,Customer_039,Howrah,West Bengal,Clothing,Jacket,2,6134.18,20,929.29,Net Banking
ORD_03322,2025-08-16,CUS_03322,Customer_110,Durgapur,West Bengal,Home & Kitchen,Air Fryer,1,5912.14,20,753.91,Debit Card
ORD_03323,2025-08-17,CUS_03323,Customer_014,Jaipur,Rajasthan,Home & Kitchen,Air Fryer,5,27970.92,10,3715.26,Net Banking
ORD_03324,2025-08-17,CUS_03324,Customer_128,Jodhpur,Rajasthan,Clothing,Jacket,5,13062.14,15,2315.37,Credit Card
ORD_03325,2025-08-17,CUS_03325,Customer_090,Pune,Maharashtra,Furniture,Bookshelf,1,5236.09,10,721.5,Credit Card
ORD_03326,2025-08-21,CUS_03326,Customer_118,Ahmedabad,Gujarat,Home & Kitchen,Bedsheet,1,1385.32,0,203.67,Net Banking
ORD_03327,2025-08-21,CUS_03327,Customer_070,Pune,Maharashtra,Clothing,Jeans,3,5685.16,0,1048.41,Debit Card
ORD_03328,2025-08-22,CUS_03328,Customer_107,Howrah,West Bengal,Home & Kitchen,Bedsheet,3,3392.17,20,430.27,Debit Card
ORD_03329,2025-08-22,CUS_03329,Customer_123,Howrah,West Bengal,Furniture,Office Chair,5,34116.27,15,8509.84,Net Banking
ORD_03330,2025-08-24,CUS_03330,Customer_040,Nizamabad,Telangana,Electronics,Smartwatch,3,17183.87,0,4185.17,Debit Card
ORD_03331,2025-08-25,CUS_03331,Customer_131,Jaipur,Rajasthan,Electronics,Smartwatch,3,11377.68,15,945.04,Credit Card
ORD_03332,2025-08-25,CUS_03332,Customer_040,Pune,Maharashtra,Home & Kitchen,Air Fryer,1,6470.32,0,671.2,UPI
ORD_03333,2025-08-25,CUS_03333,Customer_073,Delhi,Delhi,Home & Kitchen,Air Fryer,1,5923.69,10,1430.67,Credit Card
ORD_03334,2025-08-25,CUS_03334,Customer_035,Coimbatore,Tamil Nadu,Electronics,Laptop,5,245493.12,10,21902.78,Cash on Delivery
ORD_03335,2025-08-26,CUS_03335,Customer_054,Delhi,Delhi,Furniture,Office Chair,4,28893.52,0,4948.03,Net Banking
ORD_03336,2025-08-27,CUS_03336,Customer_001,Howrah,West Bengal,Clothing,Jacket,1,3697.92,0,313.06,Credit Card
ORD_03337,2025-08-27,CUS_03337,Customer_036,Hyderabad,Telangana,Clothing,Jacket,3,9532.25,20,1398.87,Cash on Delivery
ORD_03338,2025-08-27,CUS_03338,Customer_045,Warangal,Telangana,Furniture,Office Chair,4,28080.16,10,2590.29,Debit Card
ORD_03339,2025-08-27,CUS_03339,Customer_038,Nagpur,Maharashtra,Furniture,Bookshelf,2,13650.59,0,1424.97,Debit Card
ORD_03340,2025-08-29,CUS_03340,Customer_102,Ahmedabad,Gujarat,Electronics,Smartwatch,4,18713.66,10,3776.44,UPI
ORD_03341,2025-08-29,CUS_03341,Customer_020,Noida,Delhi,Clothing,Sneakers,5,12142.94,0,1865.79,Net Banking
ORD_03342,2025-08-30,CUS_03342,Customer_030,Howrah,West Bengal,Furniture,Bookshelf,5,29469.7,5,1961.2,Debit Card
ORD_03343,2025-09-03,CUS_03343,Customer_150,Gurugram,Delhi,Home & Kitchen,Mixer Grinder,2,7723.19,15,1181.54,UPI
ORD_03344,2025-09-05,CUS_03344,Customer_009,Ahmedabad,Gujarat,Clothing,T-Shirt,5,3579.36,20,179.29,Debit Card
ORD_03345,2025-09-07,CUS_03345,Customer_138,Noida,Delhi,Furniture,Office Chair,2,11589.26,20,2634.66,Debit Card
ORD_03346,2025-09-08,CUS_03346,Customer_011,Howrah,West Bengal,Home & Kitchen,Cookware Set,3,10121.19,15,1279.83,Credit Card
ORD_03347,2025-09-11,CUS_03347,Customer_084,Coimbatore,Tamil Nadu,Home & Kitchen,Mixer Grinder,4,13391.2,15,3076.1,Debit Card
ORD_03348,2025-09-15,CUS_03348,Customer_085,Jaipur,Rajasthan,Home & Kitchen,Bedsheet,1,1566.05,0,89.27,Net Banking
ORD_03349,2025-09-17,CUS_03349,Customer_052,Mysuru,Karnataka,Clothing,Sneakers,3,8946.52,5,746.2,Debit Card
ORD_03350,2025-09-19,CUS_03350,Customer_033,Warangal,Telangana,Electronics,Headphones,2,4851.63,5,770.22,Debit Card
ORD_03351,2025-09-19,CUS_03351,Customer_055,Nagpur,Maharashtra,Electronics,Laptop,1,44022.48,15,4663.77,Debit Card
ORD_03352,2025-09-20,CUS_03352,Customer_084,Nagpur,Maharashtra,Electronics,Headphones,1,2422.96,5,565.88,UPI
ORD_03353,2025-09-20,CUS_03353,Customer_130,Udaipur,Rajasthan,Home & Kitchen,Cookware Set,2,5339.45,15,862.66,Debit Card
ORD_03354,2025-09-21,CUS_03354,Customer_045,Hyderabad,Telangana,Furniture,Bookshelf,3,14894.51,10,1526.22,Cash on Delivery
ORD_03355,2025-09-22,CUS_03355,Customer_030,Mangaluru,Karnataka,Electronics,Smartwatch,3,13341.91,20,2109.89,UPI
ORD_03356,2025-09-23,CUS_03356,Customer_071,Coimbatore,Tamil Nadu,Electronics,Laptop,2,116750.3,0,10611.21,Credit Card
ORD_03357,2025-09-23,CUS_03357,Customer_032,Mumbai,Maharashtra,Home & Kitchen,Air Fryer,3,17882.29,20,3290.05,UPI
ORD_03358,2025-09-24,CUS_03358,Customer_149,Coimbatore,Tamil Nadu,Clothing,T-Shirt,3,2131.36,10,211.15,Debit Card
ORD_03359,2025-09-24,CUS_03359,Customer_136,Vadodara,Gujarat,Clothing,Jeans,3,5715.87,0,1374.84,Debit Card
ORD_03360,2025-09-24,CUS_03360,Customer_013,Howrah,West Bengal,Home & Kitchen,Cookware Set,5,16832.71,5,1874.84,Debit Card
ORD_03361,2025-09-24,CUS_03361,Customer_130,Madurai,Tamil Nadu,Clothing,Jacket,3,10167.84,5,1443.43,Credit Card
ORD_03362,2025-09-26,CUS_03362,Customer_082,Jaipur,Rajasthan,Furniture,Bookshelf,5,25940.03,20,4970.74,Debit Card
ORD_03363,2025-09-26,CUS_03363,Customer_058,Pune,Maharashtra,Clothing,T-Shirt,3,2569.87,5,597.72,Cash on Delivery
ORD_03364,2025-09-26,CUS_03364,Customer_110,Vadodara,Gujarat,Furniture,Office Chair,1,6001.27,15,855.92,Debit Card
ORD_03365,2025-09-30,CUS_03365,Customer_129,Jodhpur,Rajasthan,Furniture,Office Chair,4,26962.85,0,2168.08,Credit Card
ORD_03366,2025-09-30,CUS_03366,Customer_103,Mangaluru,Karnataka,Electronics,Smartphone,4,104819.66,5,16193.27,Debit Card
ORD_03367,2025-09-30,CUS_03367,Customer_092,Madurai,Tamil Nadu,Clothing,Sneakers,5,12648.11,10,655.31,Debit Card
ORD_03368,2025-10-04,CUS_03368,Customer_150,Pune,Maharashtra,Clothing,Sneakers,3,7700.81,20,1823.08,Cash on Delivery
ORD_03369,2025-10-04,CUS_03369,Customer_126,Warangal,Telangana,Electronics,Smartphone,3,79202.53,5,6089.65,Cash on Delivery
ORD_03370,2025-10-04,CUS_03370,Customer_051,Ahmedabad,Gujarat,Clothing,Sneakers,3,8016.48,5,1365.9,Net Banking
ORD_03371,2025-10-05,CUS_03371,Customer_069,Warangal,Telangana,Furniture,Sofa,1,18445.84,20,3276.98,Net Banking
ORD_03372,2025-10-06,CUS_03372,Customer_013,Gurugram,Delhi,Home & Kitchen,Bedsheet,2,2072.01,20,202.48,UPI
ORD_03373,2025-10-07,CUS_03373,Customer_029,Delhi,Delhi,Home & Kitchen,Cookware Set,3,9118.88,20,640.83,Credit Card
ORD_03374,2025-10-07,CUS_03374,Customer_038,Howrah,West Bengal,Home & Kitchen,Cookware Set,4,11015.63,10,1084.29,Net Banking
ORD_03375,2025-10-08,CUS_03375,Customer_064,Delhi,Delhi,Clothing,Jacket,1,3146.19,5,291.4,Cash on Delivery
ORD_03376,2025-10-09,CUS_03376,Customer_117,Gurugram,Delhi,Electronics,Smartwatch,3,12575.49,15,1297.84,Cash on Delivery
ORD_03377,2025-10-09,CUS_03377,Customer_008,Mumbai,Maharashtra,Home & Kitchen,Air Fryer,1,6364.91,10,1588.45,UPI
ORD_03378,2025-10-10,CUS_03378,Customer_129,Coimbatore,Tamil Nadu,Furniture,Bookshelf,2,10639.52,0,1208.66,UPI
ORD_03379,2025-10-10,CUS_03379,Customer_137,Noida,Delhi,Furniture,Sofa,1,15493.93,20,1464.41,Credit Card
ORD_03380,2025-10-11,CUS_03380,Customer_134,Nizamabad,Telangana,Clothing,Jacket,4,12643.78,20,1379.77,Cash on Delivery
ORD_03381,2025-10-11,CUS_03381,Customer_025,Vadodara,Gujarat,Home & Kitchen,Mixer Grinder,3,12412.4,15,2361.18,UPI
ORD_03382,2025-10-11,CUS_03382,Customer_038,Jodhpur,Rajasthan,Electronics,Laptop,1,50314.85,0,9853.39,Net Banking
ORD_03383,2025-10-15,CUS_03383,Customer_113,Ahmedabad,Gujarat,Furniture,Office Chair,3,16643.69,15,1593.28,Credit Card
ORD_03384,2025-10-16,CUS_03384,Customer_068,Warangal,Telangana,Electronics,Headphones,1,2022.36,5,297.53,Net Banking
ORD_03385,2025-10-17,CUS_03385,Customer_044,Pune,Maharashtra,Electronics,Smartwatch,3,13653.53,5,778.09,Net Banking
ORD_03386,2025-10-17,CUS_03386,Customer_019,Madurai,Tamil Nadu,Electronics,Smartwatch,3,12291.28,15,2911.65,Net Banking
ORD_03387,2025-10-18,CUS_03387,Customer_048,Kolkata,West Bengal,Clothing,Sneakers,3,7243.45,10,950.36,Credit Card
ORD_03388,2025-10-19,CUS_03388,Customer_120,Mangaluru,Karnataka,Clothing,Sneakers,4,9856.59,10,2081.02,Net Banking
ORD_03389,2025-10-19,CUS_03389,Customer_049,Vadodara,Gujarat,Home & Kitchen,Bedsheet,4,6270.15,0,1537.43,Cash on Delivery
ORD_03390,2025-10-20,CUS_03390,Customer_048,Pune,Maharashtra,Furniture,Sofa,5,120354.29,0,15169.35,Cash on Delivery
ORD_03391,2025-10-20,CUS_03391,Customer_066,Warangal,Telangana,Home & Kitchen,Cookware Set,3,10391.05,5,1354.76,UPI
ORD_03392,2025-10-20,CUS_03392,Customer_133,Gurugram,Delhi,Home & Kitchen,Bedsheet,3,4032.8,15,942.67,Credit Card
ORD_03393,2025-10-21,CUS_03393,Customer_075,Mumbai,Maharashtra,Electronics,Smartphone,1,18790.95,15,2959.18,Credit Card
ORD_03394,2025-10-24,CUS_03394,Customer_081,Udaipur,Rajasthan,Furniture,Bookshelf,3,17495.65,15,2009.71,Debit Card
ORD_03395,2025-10-24,CUS_03395,Customer_127,Udaipur,Rajasthan,Clothing,Sneakers,4,10951.14,5,1600.85,Cash on Delivery
ORD_03396,2025-10-26,CUS_03396,Customer_107,Pune,Maharashtra,Home & Kitchen,Bedsheet,3,3593.98,20,858.03,Net Banking
ORD_03397,2025-10-29,CUS_03397,Customer_011,Howrah,West Bengal,Furniture,Sofa,2,39826.77,5,8597.12,Net Banking
ORD_03398,2025-10-29,CUS_03398,Customer_035,Surat,Gujarat,Furniture,Office Chair,1,7111.98,10,1693.62,Credit Card
ORD_03399,2025-10-29,CUS_03399,Customer_001,Gurugram,Delhi,Furniture,Office Chair,3,22489.6,0,5287.61,Net Banking
ORD_03400,2025-10-30,CUS_03400,Customer_045,Delhi,Delhi,Home & Kitchen,Cookware Set,3,10993.72,0,2250.36,Debit Card
ORD_03401,2025-10-30,CUS_03401,Customer_109,Hyderabad,Telangana,Electronics,Laptop,2,118373.36,5,26792.4,Cash on Delivery
ORD_03402,2025-10-30,CUS_03402,Customer_061,Jaipur,Rajasthan,Electronics,Smartwatch,1,4356.12,5,228.4,Net Banking
ORD_03403,2025-10-30,CUS_03403,Customer_086,Noida,Delhi,Home & Kitchen,Air Fryer,5,27529.6,10,6236.74,Cash on Delivery
ORD_03404,2025-10-31,CUS_03404,Customer_061,Mysuru,Karnataka,Home & Kitchen,Air Fryer,3,21224.65,0,3510.15,Debit Card
ORD_03405,2025-11-01,CUS_03405,Customer_126,Hyderabad,Telangana,Electronics,Headphones,4,9043.34,5,1620.25,UPI
ORD_03406,2025-11-01,CUS_03406,Customer_037,Kolkata,West Bengal,Home & Kitchen,Cookware Set,2,6566.33,0,849.7,UPI
ORD_03407,2025-11-01,CUS_03407,Customer_093,Durgapur,West Bengal,Electronics,Smartwatch,2,7750.81,20,977.25,UPI
ORD_03408,2025-11-02,CUS_03408,Customer_111,Udaipur,Rajasthan,Home & Kitchen,Mixer Grinder,3,11668.44,15,1991.08,Cash on Delivery
ORD_03409,2025-11-02,CUS_03409,Customer_058,Coimbatore,Tamil Nadu,Clothing,Jacket,4,12012.77,20,2424.34,Net Banking
ORD_03410,2025-11-03,CUS_03410,Customer_111,Noida,Delhi,Home & Kitchen,Bedsheet,3,3524.31,20,862.89,UPI
ORD_03411,2025-11-05,CUS_03411,Customer_010,Madurai,Tamil Nadu,Home & Kitchen,Cookware Set,5,14210.04,10,1011.49,Debit Card
ORD_03412,2025-11-05,CUS_03412,Customer_149,Howrah,West Bengal,Furniture,Sofa,1,18802.95,10,3163.69,UPI
ORD_03413,2025-11-06,CUS_03413,Customer_088,Surat,Gujarat,Furniture,Office Chair,1,5292.89,20,1130.39,UPI
ORD_03414,2025-11-06,CUS_03414,Customer_011,Hyderabad,Telangana,Electronics,Laptop,4,222172.4,10,51519.76,Net Banking
ORD_03415,2025-11-07,CUS_03415,Customer_099,Jaipur,Rajasthan,Furniture,Bookshelf,3,18373.04,0,2640.92,Cash on Delivery
ORD_03416,2025-11-07,CUS_03416,Customer_065,Vadodara,Gujarat,Home & Kitchen,Cookware Set,2,5078.4,15,553.59,Net Banking
ORD_03417,2025-11-07,CUS_03417,Customer_126,Chennai,Tamil Nadu,Furniture,Office Chair,5,29057.49,20,5031.96,Debit Card
ORD_03418,2025-11-07,CUS_03418,Customer_019,Madurai,Tamil Nadu,Furniture,Study Table,1,6593.29,20,905.91,Credit Card
ORD_03419,2025-11-07,CUS_03419,Customer_132,Mysuru,Karnataka,Home & Kitchen,Mixer Grinder,5,19878.38,15,4129.94,Cash on Delivery
ORD_03420,2025-11-09,CUS_03420,Customer_116,Mysuru,Karnataka,Home & Kitchen,Bedsheet,4,4305.5,15,945.43,UPI
ORD_03421,2025-11-09,CUS_03421,Customer_119,Durgapur,West Bengal,Home & Kitchen,Bedsheet,1,1367.51,15,127.51,Net Banking
ORD_03422,2025-11-09,CUS_03422,Customer_142,Madurai,Tamil Nadu,Home & Kitchen,Air Fryer,5,23914.34,15,4963.24,Net Banking
ORD_03423,2025-11-10,CUS_03423,Customer_078,Nagpur,Maharashtra,Home & Kitchen,Bedsheet,4,4865.14,10,1004.33,UPI
ORD_03424,2025-11-10,CUS_03424,Customer_106,Durgapur,West Bengal,Furniture,Sofa,1,19332.46,20,2229.97,UPI
ORD_03425,2025-11-10,CUS_03425,Customer_062,Noida,Delhi,Electronics,Headphones,2,3475.03,20,468.97,UPI
ORD_03426,2025-11-11,CUS_03426,Customer_130,Madurai,Tamil Nadu,Clothing,Jacket,2,5748.43,20,938.39,Debit Card
ORD_03427,2025-11-11,CUS_03427,Customer_010,Mumbai,Maharashtra,Furniture,Office Chair,2,13247.16,15,932.08,Debit Card
ORD_03428,2025-11-12,CUS_03428,Customer_013,Gurugram,Delhi,Furniture,Sofa,5,98120.59,5,20803.79,Credit Card
ORD_03429,2025-11-12,CUS_03429,Customer_014,Madurai,Tamil Nadu,Clothing,T-Shirt,4,3572.26,10,746.79,Debit Card
ORD_03430,2025-11-13,CUS_03430,Customer_124,Udaipur,Rajasthan,Home & Kitchen,Air Fryer,3,21438.5,0,2672.27,UPI
ORD_03431,2025-11-14,CUS_03431,Customer_084,Udaipur,Rajasthan,Home & Kitchen,Mixer Grinder,2,9666.29,5,1692.19,Debit Card
ORD_03432,2025-11-15,CUS_03432,Customer_049,Coimbatore,Tamil Nadu,Home & Kitchen,Cookware Set,2,6132.33,15,1318.51,Debit Card
ORD_03433,2025-11-16,CUS_03433,Customer_018,Howrah,West Bengal,Home & Kitchen,Bedsheet,3,4810.28,0,251.69,Credit Card
ORD_03434,2025-11-17,CUS_03434,Customer_084,Warangal,Telangana,Electronics,Headphones,2,4587.95,20,857.55,Net Banking
ORD_03435,2025-11-17,CUS_03435,Customer_012,Nizamabad,Telangana,Home & Kitchen,Mixer Grinder,5,19878.25,0,1745.86,Debit Card
ORD_03436,2025-11-18,CUS_03436,Customer_111,Jodhpur,Rajasthan,Home & Kitchen,Air Fryer,1,4848.85,15,686.62,Net Banking
ORD_03437,2025-11-18,CUS_03437,Customer_104,Mysuru,Karnataka,Furniture,Office Chair,4,22706.58,5,4697.63,Debit Card
ORD_03438,2025-11-19,CUS_03438,Customer_146,Ahmedabad,Gujarat,Electronics,Laptop,1,56743.61,10,9612.9,Credit Card
ORD_03439,2025-11-19,CUS_03439,Customer_012,Coimbatore,Tamil Nadu,Clothing,Sneakers,1,2488.44,10,532.84,UPI
ORD_03440,2025-11-20,CUS_03440,Customer_137,Warangal,Telangana,Furniture,Office Chair,5,25855.5,15,2431.58,Debit Card
ORD_03441,2025-11-20,CUS_03441,Customer_047,Udaipur,Rajasthan,Home & Kitchen,Mixer Grinder,4,13956.28,20,2204.7,Cash on Delivery
ORD_03442,2025-11-21,CUS_03442,Customer_059,Gurugram,Delhi,Electronics,Smartwatch,2,7756.23,10,1089.28,UPI
ORD_03443,2025-11-22,CUS_03443,Customer_054,Jaipur,Rajasthan,Electronics,Headphones,5,13495.8,0,2268.46,Net Banking
ORD_03444,2025-11-22,CUS_03444,Customer_086,Warangal,Telangana,Home & Kitchen,Cookware Set,3,8483.05,20,1199.26,Credit Card
ORD_03445,2025-11-22,CUS_03445,Customer_119,Madurai,Tamil Nadu,Furniture,Study Table,5,41863.93,15,5957.43,Cash on Delivery
ORD_03446,2025-11-23,CUS_03446,Customer_047,Nizamabad,Telangana,Electronics,Headphones,4,9698.7,10,763.9,Credit Card
ORD_03447,2025-11-23,CUS_03447,Customer_145,Mumbai,Maharashtra,Electronics,Laptop,3,135219.69,20,16784.61,UPI
ORD_03448,2025-11-26,CUS_03448,Customer_012,Noida,Delhi,Clothing,Jacket,1,3270.54,10,752.98,Cash on Delivery
ORD_03449,2025-11-26,CUS_03449,Customer_017,Surat,Gujarat,Furniture,Sofa,3,56096.11,10,13096.35,UPI
ORD_03450,2025-11-27,CUS_03450,Customer_051,Coimbatore,Tamil Nadu,Clothing,Jacket,1,3171.05,20,588.97,Net Banking
ORD_03451,2025-11-27,CUS_03451,Customer_116,Mangaluru,Karnataka,Clothing,Jeans,3,4874.54,15,696.32,Credit Card
ORD_03452,2025-11-28,CUS_03452,Customer_097,Mangaluru,Karnataka,Home & Kitchen,Cookware Set,3,8854.18,20,1183.63,UPI
ORD_03453,2025-11-29,CUS_03453,Customer_139,Delhi,Delhi,Clothing,Jacket,1,2705.54,10,159.55,Net Banking
ORD_03454,2025-11-30,CUS_03454,Customer_148,Chennai,Tamil Nadu,Electronics,Laptop,4,183991.28,15,29067.16,Credit Card
ORD_03455,2025-12-01,CUS_03455,Customer_066,Warangal,Telangana,Electronics,Headphones,1,1963.17,20,253.45,Credit Card
ORD_03456,2025-12-01,CUS_03456,Customer_060,Warangal,Telangana,Clothing,Jeans,2,3350.48,5,396.61,Net Banking
ORD_03457,2025-12-01,CUS_03457,Customer_037,Nagpur,Maharashtra,Clothing,Sneakers,2,5319.09,5,956.72,Cash on Delivery
ORD_03458,2025-12-01,CUS_03458,Customer_149,Gurugram,Delhi,Furniture,Sofa,5,113761.02,0,8825.24,UPI
ORD_03459,2025-12-02,CUS_03459,Customer_107,Madurai,Tamil Nadu,Clothing,Sneakers,2,5365.82,10,287.86,Net Banking
ORD_03460,2025-12-03,CUS_03460,Customer_065,Chennai,Tamil Nadu,Clothing,T-Shirt,1,769.04,20,184.12,Debit Card
ORD_03461,2025-12-03,CUS_03461,Customer_049,Hyderabad,Telangana,Electronics,Laptop,3,145815.02,15,13493.16,Cash on Delivery
ORD_03462,2025-12-03,CUS_03462,Customer_081,Udaipur,Rajasthan,Clothing,Sneakers,5,13901.23,0,860.41,UPI
ORD_03463,2025-12-04,CUS_03463,Customer_084,Mumbai,Maharashtra,Home & Kitchen,Mixer Grinder,3,9186.82,20,1983.59,Credit Card
ORD_03464,2025-12-07,CUS_03464,Customer_011,Kolkata,West Bengal,Clothing,Sneakers,1,2881.53,5,713.05,Credit Card
ORD_03465,2025-12-08,CUS_03465,Customer_058,Nagpur,Maharashtra,Clothing,Jeans,3,4275.42,20,931.13,UPI
ORD_03466,2025-12-08,CUS_03466,Customer_109,Delhi,Delhi,Home & Kitchen,Bedsheet,4,6406.58,0,1029.81,Net Banking
ORD_03467,2025-12-09,CUS_03467,Customer_079,Pune,Maharashtra,Home & Kitchen,Bedsheet,5,7298.64,5,928.9,Net Banking
ORD_03468,2025-12-11,CUS_03468,Customer_052,Ahmedabad,Gujarat,Clothing,Jacket,2,6512.81,5,391.22,Cash on Delivery
ORD_03469,2025-12-11,CUS_03469,Customer_059,Mangaluru,Karnataka,Furniture,Study Table,3,19444.47,20,1183.74,UPI
ORD_03470,2025-12-11,CUS_03470,Customer_147,Mumbai,Maharashtra,Furniture,Office Chair,3,17934.78,20,2924.55,Net Banking
ORD_03471,2025-12-12,CUS_03471,Customer_144,Hyderabad,Telangana,Clothing,Sneakers,1,2351.55,5,238.89,UPI
ORD_03472,2025-12-12,CUS_03472,Customer_132,Nizamabad,Telangana,Clothing,Jeans,4,6223.42,15,1440.41,Cash on Delivery
ORD_03473,2025-12-13,CUS_03473,Customer_079,Jodhpur,Rajasthan,Home & Kitchen,Bedsheet,2,2540.77,5,450.55,Debit Card
ORD_03474,2025-12-13,CUS_03474,Customer_140,Ahmedabad,Gujarat,Electronics,Laptop,2,103818.3,5,11881.29,Credit Card
ORD_03475,2025-12-14,CUS_03475,Customer_001,Kolkata,West Bengal,Furniture,Sofa,2,37744.68,20,8098.43,UPI
ORD_03476,2025-12-15,CUS_03476,Customer_070,Coimbatore,Tamil Nadu,Furniture,Study Table,3,29563.1,0,2369.29,Debit Card
ORD_03477,2025-12-16,CUS_03477,Customer_139,Jodhpur,Rajasthan,Furniture,Bookshelf,1,5883.91,0,1284.4,Debit Card
ORD_03478,2025-12-16,CUS_03478,Customer_056,Noida,Delhi,Furniture,Office Chair,3,18097.67,0,2646.41,Debit Card
ORD_03479,2025-12-16,CUS_03479,Customer_042,Surat,Gujarat,Home & Kitchen,Bedsheet,5,7998.22,0,1470.57,Net Banking
ORD_03480,2025-12-16,CUS_03480,Customer_005,Madurai,Tamil Nadu,Clothing,Jacket,3,8557.53,10,1133.24,Credit Card
ORD_03481,2025-12-17,CUS_03481,Customer_014,Coimbatore,Tamil Nadu,Electronics,Headphones,2,5142.06,5,663.48,Cash on Delivery
ORD_03482,2025-12-17,CUS_03482,Customer_007,Surat,Gujarat,Furniture,Office Chair,5,34092.27,0,5267.13,Cash on Delivery
ORD_03483,2025-12-18,CUS_03483,Customer_037,Kolkata,West Bengal,Clothing,T-Shirt,3,2304.66,5,416.34,UPI
ORD_03484,2025-12-18,CUS_03484,Customer_063,Howrah,West Bengal,Clothing,Jacket,3,10043.03,5,553.21,UPI
ORD_03485,2025-12-19,CUS_03485,Customer_074,Durgapur,West Bengal,Clothing,T-Shirt,4,3491.71,5,519.55,Net Banking
ORD_03486,2025-12-20,CUS_03486,Customer_106,Mumbai,Maharashtra,Home & Kitchen,Mixer Grinder,3,13942.65,10,1816.71,Debit Card
ORD_03487,2025-12-20,CUS_03487,Customer_111,Mangaluru,Karnataka,Home & Kitchen,Air Fryer,1,5325.53,20,739.23,Debit Card
ORD_03488,2025-12-20,CUS_03488,Customer_091,Durgapur,West Bengal,Furniture,Bookshelf,1,6006.25,10,973.54,Cash on Delivery
ORD_03489,2025-12-21,CUS_03489,Customer_137,Bengaluru,Karnataka,Electronics,Laptop,4,211588.9,15,20429.46,Cash on Delivery
ORD_03490,2025-12-22,CUS_03490,Customer_005,Bengaluru,Karnataka,Electronics,Smartwatch,5,19885.44,20,2816.52,Credit Card
ORD_03491,2025-12-25,CUS_03491,Customer_010,Howrah,West Bengal,Electronics,Smartwatch,1,4352.97,15,1074.38,Cash on Delivery
ORD_03492,2025-12-26,CUS_03492,Customer_005,Gurugram,Delhi,Home & Kitchen,Cookware Set,5,13953.69,10,1123.04,Cash on Delivery
ORD_03493,2025-12-26,CUS_03493,Customer_044,Udaipur,Rajasthan,Electronics,Headphones,3,6206.25,10,810.79,Net Banking
ORD_03494,2025-12-27,CUS_03494,Customer_066,Warangal,Telangana,Home & Kitchen,Cookware Set,5,15064.84,0,1438.26,Net Banking
ORD_03495,2025-12-27,CUS_03495,Customer_091,Coimbatore,Tamil Nadu,Home & Kitchen,Mixer Grinder,3,13410.68,5,1398.92,UPI
ORD_03496,2025-12-30,CUS_03496,Customer_139,Kolkata,West Bengal,Electronics,Smartwatch,2,7507.41,15,847.36,Cash on Delivery
ORD_03497,2025-12-30,CUS_03497,Customer_086,Chennai,Tamil Nadu,Electronics,Smartphone,1,20842.81,15,1957.18,UPI
ORD_03498,2025-12-31,CUS_03498,Customer_088,Vadodara,Gujarat,Electronics,Laptop,1,46228.35,5,8173.23,Debit Card
ORD_03499,2025-12-31,CUS_03499,Customer_113,Ahmedabad,Gujarat,Home & Kitchen,Cookware Set,4,14336.93,0,1018.67,Credit Card
ORD_03500,2025-12-31,CUS_03500,Customer_062,Madurai,Tamil Nadu,Electronics,Headphones,2,3769.62,15,502.22,UPI
ORD_03501,2025-01-02,CUS_03501,Customer_078,Jaipur,Rajasthan,Clothing,Jeans,4,7679.33,5,748.8,Net Banking
ORD_03502,2025-01-02,CUS_03502,Customer_132,Jaipur,Rajasthan,Home & Kitchen,Air Fryer,3,18610.35,15,1608.81,Credit Card
ORD_03503,2025-01-02,CUS_03503,Customer_016,Warangal,Telangana,Clothing,T-Shirt,3,2239.11,10,376.15,Credit Card
ORD_03504,2025-01-02,CUS_03504,Customer_117,Pune,Maharashtra,Furniture,Bookshelf,1,5272.24,15,444.82,Net Banking
ORD_03505,2025-01-02,CUS_03505,Customer_097,Hyderabad,Telangana,Electronics,Smartwatch,1,4340.4,15,826.82,UPI
ORD_03506,2025-01-03,CUS_03506,Customer_007,Madurai,Tamil Nadu,Furniture,Sofa,2,42539.95,10,4274.73,Debit Card
ORD_03507,2025-01-03,CUS_03507,Customer_009,Mysuru,Karnataka,Furniture,Bookshelf,3,15399.12,5,3108.6,Net Banking
ORD_03508,2025-01-04,CUS_03508,Customer_029,Bengaluru,Karnataka,Furniture,Bookshelf,3,15830.37,5,1294.73,UPI
ORD_03509,2025-01-06,CUS_03509,Customer_060,Vadodara,Gujarat,Furniture,Study Table,5,36825.9,20,4674.03,Net Banking
ORD_03510,2025-01-07,CUS_03510,Customer_055,Mangaluru,Karnataka,Furniture,Office Chair,2,10130.64,20,1199.07,Cash on Delivery
ORD_03511,2025-01-07,CUS_03511,Customer_072,Gurugram,Delhi,Home & Kitchen,Bedsheet,2,2800.79,10,420.97,Debit Card
ORD_03512,2025-01-07,CUS_03512,Customer_125,Nizamabad,Telangana,Furniture,Study Table,5,39843.39,10,3028.79,Net Banking
ORD_03513,2025-01-08,CUS_03513,Customer_053,Nagpur,Maharashtra,Home & Kitchen,Bedsheet,3,4789.92,0,1071.62,Debit Card
ORD_03514,2025-01-09,CUS_03514,Customer_148,Vadodara,Gujarat,Home & Kitchen,Mixer Grinder,3,11169.66,15,2060.54,Cash on Delivery
ORD_03515,2025-01-09,CUS_03515,Customer_123,Nagpur,Maharashtra,Furniture,Study Table,4,28556.4,10,2137.27,UPI
ORD_03516,2025-01-13,CUS_03516,Customer_125,Ahmedabad,Gujarat,Furniture,Sofa,4,82129.32,15,9942.9,Cash on Delivery
ORD_03517,2025-01-13,CUS_03517,Customer_084,Jaipur,Rajasthan,Clothing,T-Shirt,4,3786.59,0,380.66,Net Banking
ORD_03518,2025-01-15,CUS_03518,Customer_047,Noida,Delhi,Home & Kitchen,Bedsheet,1,1020.48,15,236.89,UPI
ORD_03519,2025-01-16,CUS_03519,Customer_039,Gurugram,Delhi,Clothing,Jeans,1,1557.28,10,389.18,Net Banking
ORD_03520,2025-01-16,CUS_03520,Customer_119,Nizamabad,Telangana,Electronics,Smartwatch,3,14212.74,15,2813.36,UPI
ORD_03521,2025-01-18,CUS_03521,Customer_019,Mangaluru,Karnataka,Furniture,Sofa,5,91299.37,20,13184.85,UPI
ORD_03522,2025-01-18,CUS_03522,Customer_091,Hyderabad,Telangana,Furniture,Office Chair,1,5138.27,15,1010.18,Net Banking
ORD_03523,2025-01-19,CUS_03523,Customer_044,Warangal,Telangana,Furniture,Sofa,1,19860.38,20,1882.69,Debit Card
ORD_03524,2025-01-20,CUS_03524,Customer_121,Pune,Maharashtra,Furniture,Sofa,1,18772.81,0,4535.79,Debit Card
ORD_03525,2025-01-20,CUS_03525,Customer_108,Ahmedabad,Gujarat,Clothing,Jeans,5,7947.89,20,947.29,Cash on Delivery
ORD_03526,2025-01-20,CUS_03526,Customer_132,Nizamabad,Telangana,Clothing,Jacket,3,10253.94,15,1303.02,Credit Card
ORD_03527,2025-01-21,CUS_03527,Customer_085,Mangaluru,Karnataka,Clothing,Jacket,2,6149.05,20,546.8,Cash on Delivery
ORD_03528,2025-01-22,CUS_03528,Customer_084,Bengaluru,Karnataka,Electronics,Headphones,5,11242.36,15,2450.72,Debit Card
ORD_03529,2025-01-22,CUS_03529,Customer_119,Nizamabad,Telangana,Clothing,T-Shirt,1,820.34,10,101.35,Net Banking
ORD_03530,2025-01-23,CUS_03530,Customer_104,Hyderabad,Telangana,Home & Kitchen,Bedsheet,1,1285.0,15,244.16,UPI
ORD_03531,2025-01-25,CUS_03531,Customer_010,Mysuru,Karnataka,Clothing,Jeans,3,4378.08,15,720.67,Credit Card
ORD_03532,2025-01-25,CUS_03532,Customer_112,Durgapur,West Bengal,Electronics,Headphones,4,10139.38,0,831.89,Credit Card
ORD_03533,2025-01-25,CUS_03533,Customer_046,Ahmedabad,Gujarat,Electronics,Smartwatch,5,23698.84,5,1834.71,Net Banking
ORD_03534,2025-01-26,CUS_03534,Customer_137,Chennai,Tamil Nadu,Furniture,Bookshelf,3,12251.16,20,2779.07,UPI
ORD_03535,2025-01-27,CUS_03535,Customer_005,Mysuru,Karnataka,Electronics,Headphones,4,8353.15,15,530.61,Net Banking
ORD_03536,2025-01-28,CUS_03536,Customer_103,Durgapur,West Bengal,Clothing,Sneakers,5,9681.91,20,1449.52,UPI
ORD_03537,2025-01-28,CUS_03537,Customer_149,Howrah,West Bengal,Electronics,Smartwatch,4,18216.85,15,4461.64,UPI
ORD_03538,2025-01-29,CUS_03538,Customer_123,Jaipur,Rajasthan,Electronics,Smartwatch,5,21936.15,0,2812.96,UPI
ORD_03539,2025-01-29,CUS_03539,Customer_046,Pune,Maharashtra,Furniture,Bookshelf,5,27234.39,10,1743.16,UPI
ORD_03540,2025-01-29,CUS_03540,Customer_002,Nizamabad,Telangana,Home & Kitchen,Cookware Set,3,8307.38,15,487.1,Net Banking
ORD_03541,2025-01-30,CUS_03541,Customer_022,Warangal,Telangana,Furniture,Study Table,4,26507.41,20,5587.54,Cash on Delivery
ORD_03542,2025-01-30,CUS_03542,Customer_122,Vadodara,Gujarat,Furniture,Sofa,3,57636.77,0,6412.82,Cash on Delivery
ORD_03543,2025-02-03,CUS_03543,Customer_069,Kolkata,West Bengal,Home & Kitchen,Cookware Set,1,2967.96,15,187.72,Net Banking
ORD_03544,2025-02-04,CUS_03544,Customer_012,Coimbatore,Tamil Nadu,Electronics,Laptop,1,50455.17,20,10980.58,Debit Card
ORD_03545,2025-02-05,CUS_03545,Customer_029,Chennai,Tamil Nadu,Home & Kitchen,Bedsheet,5,5178.81,20,818.09,Net Banking
ORD_03546,2025-02-05,CUS_03546,Customer_044,Jodhpur,Rajasthan,Furniture,Office Chair,3,19085.13,15,1183.82,Net Banking
ORD_03547,2025-02-06,CUS_03547,Customer_143,Nizamabad,Telangana,Furniture,Bookshelf,3,19284.5,0,3405.28,Net Banking
ORD_03548,2025-02-07,CUS_03548,Customer_102,Vadodara,Gujarat,Electronics,Headphones,3,6931.92,5,913.32,Net Banking
ORD_03549,2025-02-07,CUS_03549,Customer_124,Bengaluru,Karnataka,Furniture,Sofa,2,48085.61,0,7701.94,Debit Card
ORD_03550,2025-02-07,CUS_03550,Customer_076,Delhi,Delhi,Home & Kitchen,Bedsheet,2,2416.74,5,348.43,Debit Card
ORD_03551,2025-02-08,CUS_03551,Customer_085,Surat,Gujarat,Furniture,Sofa,5,103690.35,5,21015.22,Cash on Delivery
ORD_03552,2025-02-08,CUS_03552,Customer_019,Howrah,West Bengal,Home & Kitchen,Air Fryer,3,19009.18,10,1896.07,Debit Card
ORD_03553,2025-02-08,CUS_03553,Customer_108,Chennai,Tamil Nadu,Furniture,Bookshelf,5,28758.77,5,5606.62,UPI
ORD_03554,2025-02-08,CUS_03554,Customer_065,Warangal,Telangana,Furniture,Bookshelf,5,28209.8,15,2805.97,UPI
ORD_03555,2025-02-09,CUS_03555,Customer_018,Coimbatore,Tamil Nadu,Clothing,Jeans,3,4439.69,20,409.04,Net Banking
ORD_03556,2025-02-10,CUS_03556,Customer_034,Delhi,Delhi,Home & Kitchen,Cookware Set,3,11111.62,5,1098.58,Debit Card
ORD_03557,2025-02-10,CUS_03557,Customer_124,Noida,Delhi,Home & Kitchen,Mixer Grinder,5,16765.28,20,2805.67,Net Banking
ORD_03558,2025-02-11,CUS_03558,Customer_049,Vadodara,Gujarat,Clothing,Jeans,4,7561.12,5,1135.91,Credit Card
ORD_03559,2025-02-11,CUS_03559,Customer_021,Pune,Maharashtra,Home & Kitchen,Air Fryer,1,5377.97,20,763.08,Net Banking
ORD_03560,2025-02-12,CUS_03560,Customer_080,Kolkata,West Bengal,Electronics,Headphones,5,12807.61,10,3080.15,Credit Card
ORD_03561,2025-02-12,CUS_03561,Customer_087,Bengaluru,Karnataka,Home & Kitchen,Bedsheet,1,1100.94,20,63.42,UPI
ORD_03562,2025-02-12,CUS_03562,Customer_093,Kolkata,West Bengal,Clothing,Jeans,4,6008.94,15,1323.71,Credit Card
ORD_03563,2025-02-13,CUS_03563,Customer_131,Kolkata,West Bengal,Home & Kitchen,Cookware Set,4,14385.33,5,906.86,UPI
ORD_03564,2025-02-15,CUS_03564,Customer_060,Surat,Gujarat,Home & Kitchen,Air Fryer,3,18050.83,15,1019.97,UPI
ORD_03565,2025-02-15,CUS_03565,Customer_020,Jodhpur,Rajasthan,Electronics,Smartphone,3,60887.8,20,12715.94,Credit Card
ORD_03566,2025-02-15,CUS_03566,Customer_141,Gurugram,Delhi,Furniture,Bookshelf,1,4482.86,20,953.77,Debit Card
ORD_03567,2025-02-15,CUS_03567,Customer_090,Pune,Maharashtra,Electronics,Smartphone,5,101461.46,20,14423.33,Credit Card
ORD_03568,2025-02-15,CUS_03568,Customer_122,Warangal,Telangana,Home & Kitchen,Mixer Grinder,1,4267.66,5,993.86,Credit Card
ORD_03569,2025-02-16,CUS_03569,Customer_057,Udaipur,Rajasthan,Home & Kitchen,Air Fryer,3,18115.78,15,2128.02,UPI
ORD_03570,2025-02-16,CUS_03570,Customer_146,Warangal,Telangana,Electronics,Headphones,4,7849.25,10,1484.15,UPI
ORD_03571,2025-02-16,CUS_03571,Customer_069,Udaipur,Rajasthan,Home & Kitchen,Cookware Set,3,11312.22,0,1339.09,UPI
ORD_03572,2025-02-16,CUS_03572,Customer_111,Delhi,Delhi,Furniture,Study Table,4,32803.47,0,7009.25,UPI
ORD_03573,2025-02-18,CUS_03573,Customer_063,Durgapur,West Bengal,Furniture,Sofa,4,75777.93,10,4576.33,Net Banking
ORD_03574,2025-02-19,CUS_03574,Customer_020,Mysuru,Karnataka,Clothing,Jeans,2,3334.04,5,319.64,Credit Card
ORD_03575,2025-02-20,CUS_03575,Customer_106,Jodhpur,Rajasthan,Home & Kitchen,Mixer Grinder,1,4150.49,15,454.86,UPI
ORD_03576,2025-02-20,CUS_03576,Customer_059,Nizamabad,Telangana,Clothing,Sneakers,3,8059.22,15,1253.49,Net Banking
ORD_03577,2025-02-21,CUS_03577,Customer_054,Delhi,Delhi,Furniture,Bookshelf,1,6075.84,5,1015.72,Cash on Delivery
ORD_03578,2025-02-21,CUS_03578,Customer_128,Chennai,Tamil Nadu,Electronics,Headphones,4,8130.01,15,1951.3,Debit Card
ORD_03579,2025-02-22,CUS_03579,Customer_147,Ahmedabad,Gujarat,Clothing,T-Shirt,1,730.58,20,41.45,Debit Card
ORD_03580,2025-02-22,CUS_03580,Customer_108,Howrah,West Bengal,Electronics,Smartwatch,1,4263.49,15,784.51,Cash on Delivery
ORD_03581,2025-02-22,CUS_03581,Customer_142,Madurai,Tamil Nadu,Home & Kitchen,Mixer Grinder,4,17057.86,10,4062.76,Net Banking
ORD_03582,2025-02-22,CUS_03582,Customer_138,Chennai,Tamil Nadu,Home & Kitchen,Air Fryer,3,20476.17,0,1480.48,Cash on Delivery
ORD_03583,2025-02-23,CUS_03583,Customer_072,Warangal,Telangana,Clothing,T-Shirt,1,822.57,10,79.14,UPI
ORD_03584,2025-02-23,CUS_03584,Customer_012,Madurai,Tamil Nadu,Home & Kitchen,Air Fryer,2,11693.56,10,1801.19,Cash on Delivery
ORD_03585,2025-02-24,CUS_03585,Customer_072,Mysuru,Karnataka,Home & Kitchen,Bedsheet,4,5178.2,15,545.2,UPI
ORD_03586,2025-02-24,CUS_03586,Customer_121,Kolkata,West Bengal,Clothing,Jacket,1,2996.3,5,207.75,Cash on Delivery
ORD_03587,2025-02-25,CUS_03587,Customer_085,Warangal,Telangana,Furniture,Bookshelf,3,18369.71,0,1692.88,Credit Card
ORD_03588,2025-02-26,CUS_03588,Customer_030,Mangaluru,Karnataka,Furniture,Office Chair,5,31352.05,10,2042.27,Credit Card
ORD_03589,2025-02-27,CUS_03589,Customer_006,Jodhpur,Rajasthan,Electronics,Laptop,2,102936.15,5,8839.43,Net Banking
ORD_03590,2025-02-27,CUS_03590,Customer_054,Durgapur,West Bengal,Electronics,Smartwatch,3,13512.72,0,1742.31,Debit Card
ORD_03591,2025-02-28,CUS_03591,Customer_077,Durgapur,West Bengal,Clothing,Jeans,4,8268.89,0,2040.78,Cash on Delivery
ORD_03592,2025-02-28,CUS_03592,Customer_017,Jaipur,Rajasthan,Home & Kitchen,Bedsheet,4,4823.52,15,990.68,Credit Card
ORD_03593,2025-02-28,CUS_03593,Customer_073,Mumbai,Maharashtra,Electronics,Headphones,5,8856.13,20,1479.11,Credit Card
ORD_03594,2025-03-02,CUS_03594,Customer_135,Pune,Maharashtra,Clothing,Jeans,3,4448.1,20,490.22,Debit Card
ORD_03595,2025-03-02,CUS_03595,Customer_037,Howrah,West Bengal,Clothing,T-Shirt,1,740.13,15,69.31,Net Banking
ORD_03596,2025-03-05,CUS_03596,Customer_126,Nagpur,Maharashtra,Clothing,Jacket,5,15406.78,20,1708.93,Credit Card
ORD_03597,2025-03-06,CUS_03597,Customer_145,Warangal,Telangana,Furniture,Sofa,3,47737.86,15,7044.53,Credit Card
ORD_03598,2025-03-06,CUS_03598,Customer_121,Hyderabad,Telangana,Furniture,Office Chair,4,24018.88,20,5672.72,Debit Card
ORD_03599,2025-03-08,CUS_03599,Customer_134,Gurugram,Delhi,Clothing,Jeans,5,9087.73,10,1441.04,Debit Card
ORD_03600,2025-03-08,CUS_03600,Customer_068,Gurugram,Delhi,Furniture,Study Table,4,26494.99,20,4470.19,UPI
ORD_03601,2025-03-09,CUS_03601,Customer_037,Jodhpur,Rajasthan,Home & Kitchen,Cookware Set,1,3856.85,0,375.56,Credit Card
ORD_03602,2025-03-09,CUS_03602,Customer_016,Nizamabad,Telangana,Electronics,Smartphone,3,61681.79,15,14934.73,Debit Card
ORD_03603,2025-03-10,CUS_03603,Customer_078,Bengaluru,Karnataka,Clothing,Sneakers,1,2532.32,20,497.7,Debit Card
ORD_03604,2025-03-10,CUS_03604,Customer_027,Howrah,West Bengal,Clothing,Jacket,3,9444.3,15,1824.98,Cash on Delivery
ORD_03605,2025-03-11,CUS_03605,Customer_022,Mumbai,Maharashtra,Home & Kitchen,Bedsheet,1,1371.59,0,195.86,Net Banking
ORD_03606,2025-03-11,CUS_03606,Customer_096,Coimbatore,Tamil Nadu,Electronics,Headphones,3,6399.68,15,938.71,Credit Card
ORD_03607,2025-03-14,CUS_03607,Customer_014,Durgapur,West Bengal,Furniture,Sofa,2,43972.51,10,9146.55,Net Banking
ORD_03608,2025-03-14,CUS_03608,Customer_118,Udaipur,Rajasthan,Furniture,Office Chair,1,7081.01,10,703.37,Credit Card
ORD_03609,2025-03-16,CUS_03609,Customer_104,Coimbatore,Tamil Nadu,Home & Kitchen,Air Fryer,3,21591.74,0,2940.73,Credit Card
ORD_03610,2025-03-16,CUS_03610,Customer_066,Howrah,West Bengal,Furniture,Bookshelf,1,4929.54,20,858.04,Debit Card
ORD_03611,2025-03-17,CUS_03611,Customer_087,Delhi,Delhi,Electronics,Laptop,3,181279.13,0,40201.07,Debit Card
ORD_03612,2025-03-18,CUS_03612,Customer_063,Mysuru,Karnataka,Furniture,Sofa,2,44173.38,10,6568.59,Debit Card
ORD_03613,2025-03-19,CUS_03613,Customer_088,Jaipur,Rajasthan,Clothing,Jacket,1,3381.58,5,713.73,Debit Card
ORD_03614,2025-03-19,CUS_03614,Customer_081,Surat,Gujarat,Clothing,T-Shirt,1,810.93,5,65.85,Net Banking
ORD_03615,2025-03-19,CUS_03615,Customer_047,Delhi,Delhi,Furniture,Sofa,4,85987.08,10,16095.26,Cash on Delivery
ORD_03616,2025-03-20,CUS_03616,Customer_025,Madurai,Tamil Nadu,Clothing,T-Shirt,1,897.66,5,57.12,Cash on Delivery
ORD_03617,2025-03-24,CUS_03617,Customer_141,Bengaluru,Karnataka,Clothing,Jeans,4,6987.35,5,1595.73,UPI
ORD_03618,2025-03-25,CUS_03618,Customer_107,Jodhpur,Rajasthan,Home & Kitchen,Cookware Set,2,6565.45,15,533.62,Credit Card
ORD_03619,2025-03-25,CUS_03619,Customer_101,Mangaluru,Karnataka,Electronics,Smartphone,4,68751.26,20,16412.52,Debit Card
ORD_03620,2025-03-27,CUS_03620,Customer_005,Coimbatore,Tamil Nadu,Furniture,Sofa,2,31908.97,20,4427.37,Credit Card
ORD_03621,2025-03-27,CUS_03621,Customer_062,Vadodara,Gujarat,Furniture,Bookshelf,5,27233.31,20,4743.55,Credit Card
ORD_03622,2025-03-27,CUS_03622,Customer_137,Noida,Delhi,Electronics,Smartwatch,3,13596.11,0,1700.22,Credit Card
ORD_03623,2025-03-27,CUS_03623,Customer_071,Hyderabad,Telangana,Electronics,Laptop,1,41858.74,15,5592.24,UPI
ORD_03624,2025-03-28,CUS_03624,Customer_124,Hyderabad,Telangana,Clothing,Jacket,3,9595.88,5,2202.12,Cash on Delivery
ORD_03625,2025-03-28,CUS_03625,Customer_132,Delhi,Delhi,Home & Kitchen,Cookware Set,2,7360.48,5,1686.38,UPI
ORD_03626,2025-03-29,CUS_03626,Customer_075,Jaipur,Rajasthan,Clothing,Jacket,5,17108.04,5,1389.15,Net Banking
ORD_03627,2025-03-30,CUS_03627,Customer_042,Kolkata,West Bengal,Electronics,Headphones,3,6630.81,15,750.87,Credit Card
ORD_03628,2025-03-31,CUS_03628,Customer_097,Hyderabad,Telangana,Electronics,Laptop,1,42188.81,10,9230.28,Net Banking
ORD_03629,2025-03-31,CUS_03629,Customer_045,Gurugram,Delhi,Home & Kitchen,Bedsheet,5,6332.05,15,1170.93,Cash on Delivery
ORD_03630,2025-03-31,CUS_03630,Customer_004,Kolkata,West Bengal,Electronics,Smartphone,2,42296.98,15,6122.99,UPI
ORD_03631,2025-03-31,CUS_03631,Customer_103,Delhi,Delhi,Electronics,Smartphone,1,26062.16,5,3372.04,Credit Card
ORD_03632,2025-04-02,CUS_03632,Customer_082,Coimbatore,Tamil Nadu,Clothing,T-Shirt,3,2709.13,0,331.74,Debit Card
ORD_03633,2025-04-02,CUS_03633,Customer_084,Chennai,Tamil Nadu,Home & Kitchen,Cookware Set,2,6421.41,5,446.51,Cash on Delivery
ORD_03634,2025-04-02,CUS_03634,Customer_116,Coimbatore,Tamil Nadu,Clothing,Sneakers,4,9012.11,20,1639.54,Debit Card
ORD_03635,2025-04-02,CUS_03635,Customer_143,Jaipur,Rajasthan,Home & Kitchen,Mixer Grinder,4,15988.33,15,3634.52,Credit Card
ORD_03636,2025-04-04,CUS_03636,Customer_025,Durgapur,West Bengal,Electronics,Laptop,1,46209.83,10,11097.5,UPI
ORD_03637,2025-04-05,CUS_03637,Customer_083,Mumbai,Maharashtra,Furniture,Bookshelf,4,24692.77,10,4088.17,Net Banking
ORD_03638,2025-04-05,CUS_03638,Customer_080,Mumbai,Maharashtra,Furniture,Bookshelf,3,14937.11,10,2351.89,Debit Card
ORD_03639,2025-04-07,CUS_03639,Customer_029,Delhi,Delhi,Home & Kitchen,Mixer Grinder,1,4842.93,5,666.0,Credit Card
ORD_03640,2025-04-07,CUS_03640,Customer_038,Warangal,Telangana,Home & Kitchen,Bedsheet,5,6291.35,10,1306.84,Net Banking
ORD_03641,2025-04-08,CUS_03641,Customer_075,Ahmedabad,Gujarat,Electronics,Smartwatch,1,5508.77,0,1152.44,UPI
ORD_03642,2025-04-08,CUS_03642,Customer_017,Delhi,Delhi,Electronics,Smartphone,4,106684.43,0,22226.63,Credit Card
ORD_03643,2025-04-08,CUS_03643,Customer_109,Jaipur,Rajasthan,Furniture,Study Table,3,25047.51,5,3885.82,Net Banking
ORD_03644,2025-04-09,CUS_03644,Customer_006,Madurai,Tamil Nadu,Home & Kitchen,Mixer Grinder,1,4134.11,20,437.85,Cash on Delivery
ORD_03645,2025-04-11,CUS_03645,Customer_042,Howrah,West Bengal,Clothing,Sneakers,2,5697.01,0,928.0,Cash on Delivery
ORD_03646,2025-04-11,CUS_03646,Customer_008,Durgapur,West Bengal,Clothing,Jeans,3,6183.3,0,1048.83,Cash on Delivery
ORD_03647,2025-04-12,CUS_03647,Customer_132,Delhi,Delhi,Electronics,Headphones,1,2096.49,5,274.28,Debit Card
ORD_03648,2025-04-14,CUS_03648,Customer_132,Nizamabad,Telangana,Home & Kitchen,Mixer Grinder,1,3374.44,20,437.33,Debit Card
ORD_03649,2025-04-14,CUS_03649,Customer_017,Warangal,Telangana,Home & Kitchen,Cookware Set,2,6159.56,5,1388.82,UPI
ORD_03650,2025-04-16,CUS_03650,Customer_130,Jaipur,Rajasthan,Electronics,Headphones,4,7722.27,15,1592.21,Cash on Delivery
ORD_03651,2025-04-16,CUS_03651,Customer_019,Jaipur,Rajasthan,Home & Kitchen,Bedsheet,5,6190.58,10,909.26,Net Banking
ORD_03652,2025-04-16,CUS_03652,Customer_018,Gurugram,Delhi,Furniture,Office Chair,2,11060.33,20,1320.74,Net Banking
ORD_03653,2025-04-16,CUS_03653,Customer_144,Chennai,Tamil Nadu,Home & Kitchen,Cookware Set,3,10075.27,15,1590.2,Cash on Delivery
ORD_03654,2025-04-17,CUS_03654,Customer_003,Mangaluru,Karnataka,Electronics,Smartphone,5,90534.29,20,22265.04,UPI
ORD_03655,2025-04-17,CUS_03655,Customer_073,Pune,Maharashtra,Electronics,Headphones,3,6793.43,10,1386.87,UPI
ORD_03656,2025-04-18,CUS_03656,Customer_122,Durgapur,West Bengal,Home & Kitchen,Cookware Set,3,9391.86,20,484.73,Cash on Delivery
ORD_03657,2025-04-18,CUS_03657,Customer_060,Coimbatore,Tamil Nadu,Furniture,Bookshelf,3,15986.13,0,3446.19,Net Banking
ORD_03658,2025-04-19,CUS_03658,Customer_116,Hyderabad,Telangana,Electronics,Smartphone,4,93240.6,15,13940.21,Net Banking
ORD_03659,2025-04-19,CUS_03659,Customer_100,Durgapur,West Bengal,Furniture,Sofa,1,20734.68,10,4066.06,Net Banking
ORD_03660,2025-04-22,CUS_03660,Customer_006,Durgapur,West Bengal,Furniture,Sofa,2,46116.42,5,7047.47,Debit Card
ORD_03661,2025-04-22,CUS_03661,Customer_046,Ahmedabad,Gujarat,Clothing,Jeans,1,1293.28,20,171.0,Net Banking
ORD_03662,2025-04-22,CUS_03662,Customer_147,Hyderabad,Telangana,Furniture,Office Chair,2,11954.61,0,1094.77,Net Banking
ORD_03663,2025-04-23,CUS_03663,Customer_084,Pune,Maharashtra,Electronics,Headphones,4,8646.44,10,1463.53,UPI
ORD_03664,2025-04-23,CUS_03664,Customer_101,Chennai,Tamil Nadu,Furniture,Office Chair,2,15145.16,5,2914.75,UPI
ORD_03665,2025-04-23,CUS_03665,Customer_020,Bengaluru,Karnataka,Home & Kitchen,Mixer Grinder,2,7671.54,10,689.68,Cash on Delivery
ORD_03666,2025-04-24,CUS_03666,Customer_058,Mumbai,Maharashtra,Furniture,Study Table,2,15425.44,10,1640.82,Net Banking
ORD_03667,2025-04-24,CUS_03667,Customer_081,Howrah,West Bengal,Furniture,Study Table,5,32977.98,20,7548.53,Net Banking
ORD_03668,2025-04-26,CUS_03668,Customer_099,Surat,Gujarat,Electronics,Smartphone,2,47608.17,0,2879.26,Credit Card
ORD_03669,2025-04-27,CUS_03669,Customer_148,Nagpur,Maharashtra,Electronics,Smartwatch,1,5391.51,0,954.78,Debit Card
ORD_03670,2025-04-28,CUS_03670,Customer_057,Jaipur,Rajasthan,Furniture,Bookshelf,4,17722.76,15,3493.73,Net Banking
ORD_03671,2025-04-30,CUS_03671,Customer_013,Mysuru,Karnataka,Clothing,Jeans,2,3430.53,10,731.27,Net Banking
ORD_03672,2025-05-04,CUS_03672,Customer_052,Jaipur,Rajasthan,Home & Kitchen,Bedsheet,1,1094.55,15,121.77,Credit Card
ORD_03673,2025-05-04,CUS_03673,Customer_148,Bengaluru,Karnataka,Home & Kitchen,Mixer Grinder,2,7248.61,15,1350.66,UPI
ORD_03674,2025-05-05,CUS_03674,Customer_085,Gurugram,Delhi,Clothing,Sneakers,3,6438.13,10,1126.17,Credit Card
ORD_03675,2025-05-06,CUS_03675,Customer_043,Gurugram,Delhi,Furniture,Sofa,2,40513.13,5,9845.65,Credit Card
ORD_03676,2025-05-06,CUS_03676,Customer_149,Hyderabad,Telangana,Clothing,Jeans,1,1586.08,5,281.08,Cash on Delivery
ORD_03677,2025-05-06,CUS_03677,Customer_012,Nagpur,Maharashtra,Clothing,Jacket,2,5499.31,15,480.55,Net Banking
ORD_03678,2025-05-06,CUS_03678,Customer_129,Bengaluru,Karnataka,Furniture,Study Table,4,24924.78,20,2966.4,Credit Card
ORD_03679,2025-05-06,CUS_03679,Customer_128,Noida,Delhi,Electronics,Laptop,3,139780.72,15,21868.55,Net Banking
ORD_03680,2025-05-07,CUS_03680,Customer_047,Jaipur,Rajasthan,Electronics,Smartphone,4,109186.04,0,18502.19,Credit Card
ORD_03681,2025-05-07,CUS_03681,Customer_098,Durgapur,West Bengal,Clothing,Sneakers,2,5162.71,5,396.32,Debit Card
ORD_03682,2025-05-07,CUS_03682,Customer_085,Warangal,Telangana,Home & Kitchen,Cookware Set,1,3148.15,10,430.4,UPI
ORD_03683,2025-05-08,CUS_03683,Customer_058,Kolkata,West Bengal,Clothing,Jacket,2,5246.49,15,695.87,Net Banking
ORD_03684,2025-05-08,CUS_03684,Customer_039,Mumbai,Maharashtra,Home & Kitchen,Air Fryer,5,27533.69,20,2022.1,Credit Card
ORD_03685,2025-05-08,CUS_03685,Customer_052,Madurai,Tamil Nadu,Home & Kitchen,Air Fryer,2,11742.45,10,1405.96,Credit Card
ORD_03686,2025-05-11,CUS_03686,Customer_101,Mumbai,Maharashtra,Home & Kitchen,Air Fryer,5,31264.79,10,5072.67,UPI
ORD_03687,2025-05-12,CUS_03687,Customer_063,Vadodara,Gujarat,Clothing,Jeans,2,3637.21,0,473.39,UPI
ORD_03688,2025-05-12,CUS_03688,Customer_054,Delhi,Delhi,Furniture,Bookshelf,5,29178.14,5,6533.6,Cash on Delivery
ORD_03689,2025-05-13,CUS_03689,Customer_001,Nagpur,Maharashtra,Furniture,Study Table,2,15064.89,15,3250.65,Cash on Delivery
ORD_03690,2025-05-13,CUS_03690,Customer_126,Udaipur,Rajasthan,Electronics,Laptop,3,166356.28,0,35698.68,Debit Card
ORD_03691,2025-05-14,CUS_03691,Customer_031,Surat,Gujarat,Home & Kitchen,Air Fryer,5,22185.77,20,2279.29,Debit Card
ORD_03692,2025-05-16,CUS_03692,Customer_027,Nizamabad,Telangana,Furniture,Study Table,1,6126.31,20,885.24,Debit Card
ORD_03693,2025-05-16,CUS_03693,Customer_026,Gurugram,Delhi,Clothing,Jeans,3,5412.02,5,534.87,UPI
ORD_03694,2025-05-16,CUS_03694,Customer_073,Nizamabad,Telangana,Electronics,Smartphone,4,87569.75,0,14812.44,UPI
ORD_03695,2025-05-17,CUS_03695,Customer_078,Delhi,Delhi,Electronics,Headphones,3,7159.95,0,1576.23,Credit Card
ORD_03696,2025-05-17,CUS_03696,Customer_107,Nagpur,Maharashtra,Furniture,Bookshelf,3,14545.74,15,2391.06,UPI
ORD_03697,2025-05-18,CUS_03697,Customer_100,Jaipur,Rajasthan,Furniture,Study Table,5,41199.38,5,2219.23,Debit Card
ORD_03698,2025-05-18,CUS_03698,Customer_011,Mysuru,Karnataka,Electronics,Headphones,5,8787.14,20,1567.58,UPI
ORD_03699,2025-05-19,CUS_03699,Customer_009,Ahmedabad,Gujarat,Home & Kitchen,Mixer Grinder,3,12495.92,5,2397.52,Credit Card
ORD_03700,2025-05-19,CUS_03700,Customer_115,Ahmedabad,Gujarat,Electronics,Smartwatch,3,15111.31,0,1610.26,UPI
ORD_03701,2025-05-19,CUS_03701,Customer_063,Jaipur,Rajasthan,Electronics,Laptop,1,50568.23,15,5496.65,Debit Card
ORD_03702,2025-05-21,CUS_03702,Customer_073,Udaipur,Rajasthan,Furniture,Bookshelf,5,33255.22,0,1868.0,Cash on Delivery
ORD_03703,2025-05-21,CUS_03703,Customer_098,Ahmedabad,Gujarat,Clothing,Jacket,2,6474.17,5,546.02,UPI
ORD_03704,2025-05-24,CUS_03704,Customer_026,Ahmedabad,Gujarat,Clothing,T-Shirt,3,2143.32,20,376.55,UPI
ORD_03705,2025-05-24,CUS_03705,Customer_052,Jodhpur,Rajasthan,Electronics,Smartwatch,4,17521.31,10,3109.79,Net Banking
ORD_03706,2025-05-24,CUS_03706,Customer_098,Noida,Delhi,Electronics,Laptop,2,115418.2,0,21214.38,Debit Card
ORD_03707,2025-05-24,CUS_03707,Customer_090,Chennai,Tamil Nadu,Furniture,Study Table,3,23269.07,0,1208.53,UPI
ORD_03708,2025-05-24,CUS_03708,Customer_096,Warangal,Telangana,Clothing,Sneakers,2,4656.45,15,852.47,Net Banking
ORD_03709,2025-05-25,CUS_03709,Customer_070,Howrah,West Bengal,Electronics,Laptop,4,213731.37,0,39011.16,Debit Card
ORD_03710,2025-05-25,CUS_03710,Customer_083,Delhi,Delhi,Clothing,T-Shirt,3,2195.92,20,428.7,Net Banking
ORD_03711,2025-05-26,CUS_03711,Customer_075,Jaipur,Rajasthan,Electronics,Smartphone,2,41195.21,5,5697.55,Cash on Delivery
ORD_03712,2025-05-27,CUS_03712,Customer_122,Pune,Maharashtra,Clothing,Jeans,4,5322.99,20,776.39,Cash on Delivery
ORD_03713,2025-05-27,CUS_03713,Customer_099,Chennai,Tamil Nadu,Furniture,Office Chair,4,25640.7,10,2249.75,Debit Card
ORD_03714,2025-05-28,CUS_03714,Customer_150,Surat,Gujarat,Home & Kitchen,Cookware Set,2,6379.41,15,771.81,Net Banking
ORD_03715,2025-05-29,CUS_03715,Customer_079,Ahmedabad,Gujarat,Furniture,Bookshelf,2,8545.35,20,460.07,Credit Card
ORD_03716,2025-05-31,CUS_03716,Customer_101,Hyderabad,Telangana,Furniture,Sofa,4,69345.24,20,12155.62,Credit Card
ORD_03717,2025-05-31,CUS_03717,Customer_053,Nagpur,Maharashtra,Home & Kitchen,Mixer Grinder,5,21104.17,0,3392.3,UPI
ORD_03718,2025-06-02,CUS_03718,Customer_143,Nizamabad,Telangana,Home & Kitchen,Cookware Set,3,10890.92,0,2172.98,UPI
ORD_03719,2025-06-02,CUS_03719,Customer_023,Mangaluru,Karnataka,Home & Kitchen,Mixer Grinder,1,3606.75,15,500.12,Net Banking
ORD_03720,2025-06-02,CUS_03720,Customer_037,Kolkata,West Bengal,Furniture,Office Chair,3,19754.35,5,2158.39,UPI
ORD_03721,2025-06-02,CUS_03721,Customer_061,Bengaluru,Karnataka,Home & Kitchen,Mixer Grinder,5,21809.64,10,4039.69,Cash on Delivery
ORD_03722,2025-06-03,CUS_03722,Customer_014,Howrah,West Bengal,Clothing,Jacket,3,10256.03,0,1377.27,UPI
ORD_03723,2025-06-05,CUS_03723,Customer_073,Durgapur,West Bengal,Home & Kitchen,Air Fryer,1,6364.16,0,499.27,Debit Card
ORD_03724,2025-06-09,CUS_03724,Customer_059,Chennai,Tamil Nadu,Electronics,Headphones,3,5851.34,20,1102.9,UPI
ORD_03725,2025-06-09,CUS_03725,Customer_127,Nagpur,Maharashtra,Electronics,Laptop,4,187022.26,10,22343.3,Debit Card
ORD_03726,2025-06-09,CUS_03726,Customer_138,Vadodara,Gujarat,Electronics,Headphones,5,12504.97,10,2823.8,Debit Card
ORD_03727,2025-06-09,CUS_03727,Customer_128,Mumbai,Maharashtra,Home & Kitchen,Mixer Grinder,5,19213.57,5,1062.55,Debit Card
ORD_03728,2025-06-10,CUS_03728,Customer_108,Surat,Gujarat,Furniture,Office Chair,3,15115.38,20,2210.88,UPI
ORD_03729,2025-06-10,CUS_03729,Customer_003,Jaipur,Rajasthan,Furniture,Study Table,5,38320.04,15,4373.41,Credit Card
ORD_03730,2025-06-10,CUS_03730,Customer_032,Delhi,Delhi,Furniture,Office Chair,4,27586.21,5,5726.36,Net Banking
ORD_03731,2025-06-10,CUS_03731,Customer_021,Madurai,Tamil Nadu,Furniture,Office Chair,2,14185.78,5,1225.15,Cash on Delivery
ORD_03732,2025-06-10,CUS_03732,Customer_054,Surat,Gujarat,Furniture,Office Chair,2,10142.99,15,974.24,Credit Card
ORD_03733,2025-06-11,CUS_03733,Customer_115,Ahmedabad,Gujarat,Furniture,Bookshelf,2,12705.29,5,1535.49,UPI
ORD_03734,2025-06-11,CUS_03734,Customer_119,Howrah,West Bengal,Electronics,Laptop,3,157811.66,5,10316.53,Credit Card
ORD_03735,2025-06-12,CUS_03735,Customer_091,Madurai,Tamil Nadu,Electronics,Headphones,3,7780.5,5,397.92,Net Banking
ORD_03736,2025-06-12,CUS_03736,Customer_015,Coimbatore,Tamil Nadu,Clothing,Jacket,5,13929.92,10,851.41,Cash on Delivery
ORD_03737,2025-06-14,CUS_03737,Customer_019,Madurai,Tamil Nadu,Electronics,Laptop,3,183825.58,0,38328.42,Net Banking
ORD_03738,2025-06-14,CUS_03738,Customer_017,Mysuru,Karnataka,Furniture,Sofa,5,120396.8,0,12618.91,UPI
ORD_03739,2025-06-16,CUS_03739,Customer_047,Noida,Delhi,Furniture,Sofa,1,18579.14,20,1196.91,Cash on Delivery
ORD_03740,2025-06-16,CUS_03740,Customer_073,Madurai,Tamil Nadu,Home & Kitchen,Bedsheet,1,1088.56,10,202.54,Credit Card
ORD_03741,2025-06-17,CUS_03741,Customer_121,Surat,Gujarat,Electronics,Headphones,4,8141.55,20,1737.62,Debit Card
ORD_03742,2025-06-19,CUS_03742,Customer_037,Pune,Maharashtra,Clothing,T-Shirt,5,3372.38,20,732.13,Cash on Delivery
ORD_03743,2025-06-21,CUS_03743,Customer_108,Delhi,Delhi,Electronics,Headphones,2,4445.57,10,950.55,Debit Card
ORD_03744,2025-06-22,CUS_03744,Customer_082,Jodhpur,Rajasthan,Home & Kitchen,Air Fryer,5,23778.57,20,5156.64,Cash on Delivery
ORD_03745,2025-06-23,CUS_03745,Customer_032,Gurugram,Delhi,Furniture,Sofa,2,38667.18,15,3794.74,UPI
ORD_03746,2025-06-24,CUS_03746,Customer_120,Vadodara,Gujarat,Electronics,Laptop,2,75916.5,20,9681.61,Net Banking
ORD_03747,2025-06-24,CUS_03747,Customer_107,Nizamabad,Telangana,Home & Kitchen,Mixer Grinder,1,3442.93,15,433.37,Net Banking
ORD_03748,2025-06-24,CUS_03748,Customer_069,Nizamabad,Telangana,Home & Kitchen,Bedsheet,2,2754.0,10,481.32,UPI
ORD_03749,2025-06-25,CUS_03749,Customer_089,Noida,Delhi,Furniture,Sofa,2,50592.26,0,11296.63,Net Banking
ORD_03750,2025-06-25,CUS_03750,Customer_038,Jaipur,Rajasthan,Furniture,Study Table,2,19339.23,0,3197.56,Debit Card
ORD_03751,2025-06-25,CUS_03751,Customer_115,Jodhpur,Rajasthan,Electronics,Smartphone,2,37754.26,20,7407.56,Credit Card
ORD_03752,2025-06-26,CUS_03752,Customer_076,Warangal,Telangana,Home & Kitchen,Mixer Grinder,1,4397.06,10,1045.53,Debit Card
ORD_03753,2025-06-26,CUS_03753,Customer_019,Bengaluru,Karnataka,Furniture,Office Chair,1,7011.03,0,799.33,Cash on Delivery
ORD_03754,2025-06-29,CUS_03754,Customer_025,Jodhpur,Rajasthan,Clothing,Jeans,3,4790.33,10,270.99,Net Banking
ORD_03755,2025-06-30,CUS_03755,Customer_027,Ahmedabad,Gujarat,Home & Kitchen,Air Fryer,4,24184.57,0,3730.69,Credit Card
ORD_03756,2025-06-30,CUS_03756,Customer_011,Madurai,Tamil Nadu,Furniture,Office Chair,2,13912.39,10,2304.72,Cash on Delivery
ORD_03757,2025-06-30,CUS_03757,Customer_093,Bengaluru,Karnataka,Clothing,Jacket,2,6364.96,5,1581.62,Debit Card
ORD_03758,2025-06-30,CUS_03758,Customer_034,Nizamabad,Telangana,Electronics,Smartwatch,2,10280.63,5,2209.9,Cash on Delivery
ORD_03759,2025-07-01,CUS_03759,Customer_027,Madurai,Tamil Nadu,Furniture,Bookshelf,2,10100.66,20,777.91,Credit Card
ORD_03760,2025-07-01,CUS_03760,Customer_041,Coimbatore,Tamil Nadu,Clothing,Jacket,2,7859.72,0,404.04,Cash on Delivery
ORD_03761,2025-07-02,CUS_03761,Customer_094,Ahmedabad,Gujarat,Home & Kitchen,Cookware Set,2,6320.71,15,969.94,UPI
ORD_03762,2025-07-02,CUS_03762,Customer_146,Ahmedabad,Gujarat,Electronics,Smartwatch,4,17042.84,5,2005.15,UPI
ORD_03763,2025-07-03,CUS_03763,Customer_147,Durgapur,West Bengal,Furniture,Bookshelf,3,16866.28,10,2905.94,Cash on Delivery
ORD_03764,2025-07-03,CUS_03764,Customer_104,Mumbai,Maharashtra,Electronics,Smartwatch,4,21793.62,5,2301.97,Debit Card
ORD_03765,2025-07-03,CUS_03765,Customer_097,Udaipur,Rajasthan,Furniture,Bookshelf,3,13696.6,15,2692.21,Debit Card
ORD_03766,2025-07-03,CUS_03766,Customer_137,Chennai,Tamil Nadu,Furniture,Study Table,1,9667.02,5,2278.77,Cash on Delivery
ORD_03767,2025-07-05,CUS_03767,Customer_080,Kolkata,West Bengal,Clothing,Jacket,4,12638.21,10,795.84,Cash on Delivery
ORD_03768,2025-07-06,CUS_03768,Customer_056,Durgapur,West Bengal,Clothing,T-Shirt,4,2946.99,5,609.3,Net Banking
ORD_03769,2025-07-07,CUS_03769,Customer_122,Gurugram,Delhi,Clothing,Jeans,1,1716.38,15,89.23,Credit Card
ORD_03770,2025-07-07,CUS_03770,Customer_003,Pune,Maharashtra,Furniture,Sofa,4,76992.85,10,9220.98,Net Banking
ORD_03771,2025-07-07,CUS_03771,Customer_004,Warangal,Telangana,Clothing,Jeans,5,7552.17,20,421.52,UPI
ORD_03772,2025-07-08,CUS_03772,Customer_032,Coimbatore,Tamil Nadu,Home & Kitchen,Cookware Set,1,3459.23,0,521.65,Credit Card
ORD_03773,2025-07-09,CUS_03773,Customer_015,Pune,Maharashtra,Electronics,Smartwatch,1,4218.16,10,548.24,Debit Card
ORD_03774,2025-07-10,CUS_03774,Customer_143,Nizamabad,Telangana,Clothing,Sneakers,3,8889.26,0,827.64,Net Banking
ORD_03775,2025-07-10,CUS_03775,Customer_100,Hyderabad,Telangana,Clothing,Jacket,1,2660.57,20,504.16,Debit Card
ORD_03776,2025-07-10,CUS_03776,Customer_116,Delhi,Delhi,Home & Kitchen,Mixer Grinder,1,4114.11,10,1012.34,Net Banking
ORD_03777,2025-07-11,CUS_03777,Customer_101,Bengaluru,Karnataka,Home & Kitchen,Bedsheet,1,1527.46,0,243.77,Debit Card
ORD_03778,2025-07-11,CUS_03778,Customer_061,Madurai,Tamil Nadu,Furniture,Sofa,3,61023.22,5,7039.57,Net Banking
ORD_03779,2025-07-12,CUS_03779,Customer_012,Howrah,West Bengal,Home & Kitchen,Bedsheet,4,4386.57,10,365.29,Credit Card
ORD_03780,2025-07-12,CUS_03780,Customer_053,Gurugram,Delhi,Electronics,Laptop,2,116904.4,5,17718.15,UPI
ORD_03781,2025-07-14,CUS_03781,Customer_130,Bengaluru,Karnataka,Home & Kitchen,Cookware Set,2,6289.85,20,744.49,Cash on Delivery
ORD_03782,2025-07-14,CUS_03782,Customer_015,Hyderabad,Telangana,Home & Kitchen,Air Fryer,4,24355.02,10,1553.89,Debit Card
ORD_03783,2025-07-15,CUS_03783,Customer_041,Hyderabad,Telangana,Furniture,Bookshelf,5,25357.63,10,4971.34,Debit Card
ORD_03784,2025-07-15,CUS_03784,Customer_007,Bengaluru,Karnataka,Furniture,Sofa,4,88325.2,5,7363.85,Net Banking
ORD_03785,2025-07-16,CUS_03785,Customer_114,Mangaluru,Karnataka,Furniture,Office Chair,1,6222.47,5,702.92,Net Banking
ORD_03786,2025-07-16,CUS_03786,Customer_147,Nagpur,Maharashtra,Furniture,Bookshelf,4,21287.0,10,2683.95,Debit Card
ORD_03787,2025-07-16,CUS_03787,Customer_068,Delhi,Delhi,Electronics,Smartphone,1,21435.96,5,3985.16,Debit Card
ORD_03788,2025-07-17,CUS_03788,Customer_096,Jaipur,Rajasthan,Clothing,Sneakers,1,3005.47,5,569.36,UPI
ORD_03789,2025-07-17,CUS_03789,Customer_118,Jaipur,Rajasthan,Clothing,Sneakers,3,7188.17,20,1450.62,UPI
ORD_03790,2025-07-17,CUS_03790,Customer_134,Surat,Gujarat,Electronics,Headphones,1,2061.01,20,231.58,Debit Card
ORD_03791,2025-07-20,CUS_03791,Customer_073,Mangaluru,Karnataka,Home & Kitchen,Air Fryer,1,5194.33,20,420.4,UPI
ORD_03792,2025-07-20,CUS_03792,Customer_135,Gurugram,Delhi,Clothing,T-Shirt,3,2237.23,5,163.71,Cash on Delivery
ORD_03793,2025-07-21,CUS_03793,Customer_028,Jaipur,Rajasthan,Furniture,Study Table,3,26167.03,0,5167.49,UPI
ORD_03794,2025-07-21,CUS_03794,Customer_023,Bengaluru,Karnataka,Home & Kitchen,Bedsheet,1,1233.91,10,293.31,Debit Card
ORD_03795,2025-07-22,CUS_03795,Customer_079,Madurai,Tamil Nadu,Home & Kitchen,Air Fryer,1,5833.76,10,1249.43,Credit Card
ORD_03796,2025-07-25,CUS_03796,Customer_071,Mysuru,Karnataka,Clothing,Jacket,2,6305.78,15,338.0,UPI
ORD_03797,2025-07-26,CUS_03797,Customer_043,Jaipur,Rajasthan,Electronics,Smartphone,2,42787.17,0,7356.8,Cash on Delivery
ORD_03798,2025-07-27,CUS_03798,Customer_031,Gurugram,Delhi,Clothing,Jeans,3,4253.02,20,1039.04,Credit Card
ORD_03799,2025-07-28,CUS_03799,Customer_038,Delhi,Delhi,Clothing,T-Shirt,1,857.85,5,165.57,Credit Card
ORD_03800,2025-07-29,CUS_03800,Customer_013,Mangaluru,Karnataka,Home & Kitchen,Cookware Set,3,8576.42,15,1902.18,Net Banking
ORD_03801,2025-07-29,CUS_03801,Customer_104,Mysuru,Karnataka,Furniture,Sofa,2,42418.52,15,9856.81,UPI
ORD_03802,2025-07-30,CUS_03802,Customer_099,Chennai,Tamil Nadu,Furniture,Study Table,5,43020.26,5,8677.2,Cash on Delivery
ORD_03803,2025-08-02,CUS_03803,Customer_104,Surat,Gujarat,Furniture,Bookshelf,1,5307.99,15,704.72,Credit Card
ORD_03804,2025-08-02,CUS_03804,Customer_063,Surat,Gujarat,Clothing,T-Shirt,4,3327.34,0,299.81,Net Banking
ORD_03805,2025-08-02,CUS_03805,Customer_116,Ahmedabad,Gujarat,Furniture,Study Table,3,25721.07,0,5726.21,Net Banking
ORD_03806,2025-08-03,CUS_03806,Customer_144,Durgapur,West Bengal,Clothing,Sneakers,1,2137.16,20,174.68,Debit Card
ORD_03807,2025-08-03,CUS_03807,Customer_141,Delhi,Delhi,Home & Kitchen,Cookware Set,4,14147.29,0,1555.06,Debit Card
ORD_03808,2025-08-03,CUS_03808,Customer_035,Noida,Delhi,Clothing,Sneakers,5,11581.75,5,669.34,UPI
ORD_03809,2025-08-03,CUS_03809,Customer_136,Coimbatore,Tamil Nadu,Home & Kitchen,Cookware Set,2,6325.05,15,1408.46,Debit Card
ORD_03810,2025-08-06,CUS_03810,Customer_057,Hyderabad,Telangana,Clothing,Jeans,5,9398.1,5,558.14,UPI
ORD_03811,2025-08-06,CUS_03811,Customer_081,Delhi,Delhi,Clothing,Jeans,4,6916.13,10,605.74,Credit Card
ORD_03812,2025-08-06,CUS_03812,Customer_068,Ahmedabad,Gujarat,Clothing,T-Shirt,1,653.88,15,139.76,Credit Card
ORD_03813,2025-08-07,CUS_03813,Customer_039,Gurugram,Delhi,Home & Kitchen,Cookware Set,4,13497.93,5,2304.47,Net Banking
ORD_03814,2025-08-08,CUS_03814,Customer_028,Hyderabad,Telangana,Home & Kitchen,Cookware Set,4,13885.92,5,1331.37,Net Banking
ORD_03815,2025-08-08,CUS_03815,Customer_086,Chennai,Tamil Nadu,Clothing,Sneakers,1,2706.02,15,159.44,Debit Card
ORD_03816,2025-08-08,CUS_03816,Customer_125,Gurugram,Delhi,Furniture,Bookshelf,4,20905.74,5,4346.27,Credit Card
ORD_03817,2025-08-09,CUS_03817,Customer_062,Howrah,West Bengal,Home & Kitchen,Cookware Set,5,15814.69,5,1402.56,Cash on Delivery
ORD_03818,2025-08-11,CUS_03818,Customer_036,Vadodara,Gujarat,Furniture,Study Table,1,7079.97,10,379.83,Credit Card
ORD_03819,2025-08-11,CUS_03819,Customer_102,Jaipur,Rajasthan,Clothing,T-Shirt,5,4563.8,5,379.67,Debit Card
ORD_03820,2025-08-12,CUS_03820,Customer_130,Hyderabad,Telangana,Clothing,Jacket,4,14199.14,0,1471.53,Credit Card
ORD_03821,2025-08-12,CUS_03821,Customer_039,Howrah,West Bengal,Clothing,Jacket,2,6134.18,20,929.29,Net Banking
ORD_03822,2025-08-16,CUS_03822,Customer_110,Durgapur,West Bengal,Home & Kitchen,Air Fryer,1,5912.14,20,753.91,Debit Card
ORD_03823,2025-08-17,CUS_03823,Customer_014,Jaipur,Rajasthan,Home & Kitchen,Air Fryer,5,27970.92,10,3715.26,Net Banking
ORD_03824,2025-08-17,CUS_03824,Customer_128,Jodhpur,Rajasthan,Clothing,Jacket,5,13062.14,15,2315.37,Credit Card
ORD_03825,2025-08-17,CUS_03825,Customer_090,Pune,Maharashtra,Furniture,Bookshelf,1,5236.09,10,721.5,Credit Card
ORD_03826,2025-08-21,CUS_03826,Customer_118,Ahmedabad,Gujarat,Home & Kitchen,Bedsheet,1,1385.32,0,203.67,Net Banking
ORD_03827,2025-08-21,CUS_03827,Customer_070,Pune,Maharashtra,Clothing,Jeans,3,5685.16,0,1048.41,Debit Card
ORD_03828,2025-08-22,CUS_03828,Customer_107,Howrah,West Bengal,Home & Kitchen,Bedsheet,3,3392.17,20,430.27,Debit Card
ORD_03829,2025-08-22,CUS_03829,Customer_123,Howrah,West Bengal,Furniture,Office Chair,5,34116.27,15,8509.84,Net Banking
ORD_03830,2025-08-24,CUS_03830,Customer_040,Nizamabad,Telangana,Electronics,Smartwatch,3,17183.87,0,4185.17,Debit Card
ORD_03831,2025-08-25,CUS_03831,Customer_131,Jaipur,Rajasthan,Electronics,Smartwatch,3,11377.68,15,945.04,Credit Card
ORD_03832,2025-08-25,CUS_03832,Customer_040,Pune,Maharashtra,Home & Kitchen,Air Fryer,1,6470.32,0,671.2,UPI
ORD_03833,2025-08-25,CUS_03833,Customer_073,Delhi,Delhi,Home & Kitchen,Air Fryer,1,5923.69,10,1430.67,Credit Card
ORD_03834,2025-08-25,CUS_03834,Customer_035,Coimbatore,Tamil Nadu,Electronics,Laptop,5,245493.12,10,21902.78,Cash on Delivery
ORD_03835,2025-08-26,CUS_03835,Customer_054,Delhi,Delhi,Furniture,Office Chair,4,28893.52,0,4948.03,Net Banking
ORD_03836,2025-08-27,CUS_03836,Customer_001,Howrah,West Bengal,Clothing,Jacket,1,3697.92,0,313.06,Credit Card
ORD_03837,2025-08-27,CUS_03837,Customer_036,Hyderabad,Telangana,Clothing,Jacket,3,9532.25,20,1398.87,Cash on Delivery
ORD_03838,2025-08-27,CUS_03838,Customer_045,Warangal,Telangana,Furniture,Office Chair,4,28080.16,10,2590.29,Debit Card
ORD_03839,2025-08-27,CUS_03839,Customer_038,Nagpur,Maharashtra,Furniture,Bookshelf,2,13650.59,0,1424.97,Debit Card
ORD_03840,2025-08-29,CUS_03840,Customer_102,Ahmedabad,Gujarat,Electronics,Smartwatch,4,18713.66,10,3776.44,UPI
ORD_03841,2025-08-29,CUS_03841,Customer_020,Noida,Delhi,Clothing,Sneakers,5,12142.94,0,1865.79,Net Banking
ORD_03842,2025-08-30,CUS_03842,Customer_030,Howrah,West Bengal,Furniture,Bookshelf,5,29469.7,5,1961.2,Debit Card
ORD_03843,2025-09-03,CUS_03843,Customer_150,Gurugram,Delhi,Home & Kitchen,Mixer Grinder,2,7723.19,15,1181.54,UPI
ORD_03844,2025-09-05,CUS_03844,Customer_009,Ahmedabad,Gujarat,Clothing,T-Shirt,5,3579.36,20,179.29,Debit Card
ORD_03845,2025-09-07,CUS_03845,Customer_138,Noida,Delhi,Furniture,Office Chair,2,11589.26,20,2634.66,Debit Card
ORD_03846,2025-09-08,CUS_03846,Customer_011,Howrah,West Bengal,Home & Kitchen,Cookware Set,3,10121.19,15,1279.83,Credit Card
ORD_03847,2025-09-11,CUS_03847,Customer_084,Coimbatore,Tamil Nadu,Home & Kitchen,Mixer Grinder,4,13391.2,15,3076.1,Debit Card
ORD_03848,2025-09-15,CUS_03848,Customer_085,Jaipur,Rajasthan,Home & Kitchen,Bedsheet,1,1566.05,0,89.27,Net Banking
ORD_03849,2025-09-17,CUS_03849,Customer_052,Mysuru,Karnataka,Clothing,Sneakers,3,8946.52,5,746.2,Debit Card
ORD_03850,2025-09-19,CUS_03850,Customer_033,Warangal,Telangana,Electronics,Headphones,2,4851.63,5,770.22,Debit Card
ORD_03851,2025-09-19,CUS_03851,Customer_055,Nagpur,Maharashtra,Electronics,Laptop,1,44022.48,15,4663.77,Debit Card
ORD_03852,2025-09-20,CUS_03852,Customer_084,Nagpur,Maharashtra,Electronics,Headphones,1,2422.96,5,565.88,UPI
ORD_03853,2025-09-20,CUS_03853,Customer_130,Udaipur,Rajasthan,Home & Kitchen,Cookware Set,2,5339.45,15,862.66,Debit Card
ORD_03854,2025-09-21,CUS_03854,Customer_045,Hyderabad,Telangana,Furniture,Bookshelf,3,14894.51,10,1526.22,Cash on Delivery
ORD_03855,2025-09-22,CUS_03855,Customer_030,Mangaluru,Karnataka,Electronics,Smartwatch,3,13341.91,20,2109.89,UPI
ORD_03856,2025-09-23,CUS_03856,Customer_071,Coimbatore,Tamil Nadu,Electronics,Laptop,2,116750.3,0,10611.21,Credit Card
ORD_03857,2025-09-23,CUS_03857,Customer_032,Mumbai,Maharashtra,Home & Kitchen,Air Fryer,3,17882.29,20,3290.05,UPI
ORD_03858,2025-09-24,CUS_03858,Customer_149,Coimbatore,Tamil Nadu,Clothing,T-Shirt,3,2131.36,10,211.15,Debit Card
ORD_03859,2025-09-24,CUS_03859,Customer_136,Vadodara,Gujarat,Clothing,Jeans,3,5715.87,0,1374.84,Debit Card
ORD_03860,2025-09-24,CUS_03860,Customer_013,Howrah,West Bengal,Home & Kitchen,Cookware Set,5,16832.71,5,1874.84,Debit Card
ORD_03861,2025-09-24,CUS_03861,Customer_130,Madurai,Tamil Nadu,Clothing,Jacket,3,10167.84,5,1443.43,Credit Card
ORD_03862,2025-09-26,CUS_03862,Customer_082,Jaipur,Rajasthan,Furniture,Bookshelf,5,25940.03,20,4970.74,Debit Card
ORD_03863,2025-09-26,CUS_03863,Customer_058,Pune,Maharashtra,Clothing,T-Shirt,3,2569.87,5,597.72,Cash on Delivery
ORD_03864,2025-09-26,CUS_03864,Customer_110,Vadodara,Gujarat,Furniture,Office Chair,1,6001.27,15,855.92,Debit Card
ORD_03865,2025-09-30,CUS_03865,Customer_129,Jodhpur,Rajasthan,Furniture,Office Chair,4,26962.85,0,2168.08,Credit Card
ORD_03866,2025-09-30,CUS_03866,Customer_103,Mangaluru,Karnataka,Electronics,Smartphone,4,104819.66,5,16193.27,Debit Card
ORD_03867,2025-09-30,CUS_03867,Customer_092,Madurai,Tamil Nadu,Clothing,Sneakers,5,12648.11,10,655.31,Debit Card
ORD_03868,2025-10-04,CUS_03868,Customer_150,Pune,Maharashtra,Clothing,Sneakers,3,7700.81,20,1823.08,Cash on Delivery
ORD_03869,2025-10-04,CUS_03869,Customer_126,Warangal,Telangana,Electronics,Smartphone,3,79202.53,5,6089.65,Cash on Delivery
ORD_03870,2025-10-04,CUS_03870,Customer_051,Ahmedabad,Gujarat,Clothing,Sneakers,3,8016.48,5,1365.9,Net Banking
ORD_03871,2025-10-05,CUS_03871,Customer_069,Warangal,Telangana,Furniture,Sofa,1,18445.84,20,3276.98,Net Banking
ORD_03872,2025-10-06,CUS_03872,Customer_013,Gurugram,Delhi,Home & Kitchen,Bedsheet,2,2072.01,20,202.48,UPI
ORD_03873,2025-10-07,CUS_03873,Customer_029,Delhi,Delhi,Home & Kitchen,Cookware Set,3,9118.88,20,640.83,Credit Card
ORD_03874,2025-10-07,CUS_03874,Customer_038,Howrah,West Bengal,Home & Kitchen,Cookware Set,4,11015.63,10,1084.29,Net Banking
ORD_03875,2025-10-08,CUS_03875,Customer_064,Delhi,Delhi,Clothing,Jacket,1,3146.19,5,291.4,Cash on Delivery
ORD_03876,2025-10-09,CUS_03876,Customer_117,Gurugram,Delhi,Electronics,Smartwatch,3,12575.49,15,1297.84,Cash on Delivery
ORD_03877,2025-10-09,CUS_03877,Customer_008,Mumbai,Maharashtra,Home & Kitchen,Air Fryer,1,6364.91,10,1588.45,UPI
ORD_03878,2025-10-10,CUS_03878,Customer_129,Coimbatore,Tamil Nadu,Furniture,Bookshelf,2,10639.52,0,1208.66,UPI
ORD_03879,2025-10-10,CUS_03879,Customer_137,Noida,Delhi,Furniture,Sofa,1,15493.93,20,1464.41,Credit Card
ORD_03880,2025-10-11,CUS_03880,Customer_134,Nizamabad,Telangana,Clothing,Jacket,4,12643.78,20,1379.77,Cash on Delivery
ORD_03881,2025-10-11,CUS_03881,Customer_025,Vadodara,Gujarat,Home & Kitchen,Mixer Grinder,3,12412.4,15,2361.18,UPI
ORD_03882,2025-10-11,CUS_03882,Customer_038,Jodhpur,Rajasthan,Electronics,Laptop,1,50314.85,0,9853.39,Net Banking
ORD_03883,2025-10-15,CUS_03883,Customer_113,Ahmedabad,Gujarat,Furniture,Office Chair,3,16643.69,15,1593.28,Credit Card
ORD_03884,2025-10-16,CUS_03884,Customer_068,Warangal,Telangana,Electronics,Headphones,1,2022.36,5,297.53,Net Banking
ORD_03885,2025-10-17,CUS_03885,Customer_044,Pune,Maharashtra,Electronics,Smartwatch,3,13653.53,5,778.09,Net Banking
ORD_03886,2025-10-17,CUS_03886,Customer_019,Madurai,Tamil Nadu,Electronics,Smartwatch,3,12291.28,15,2911.65,Net Banking
ORD_03887,2025-10-18,CUS_03887,Customer_048,Kolkata,West Bengal,Clothing,Sneakers,3,7243.45,10,950.36,Credit Card
ORD_03888,2025-10-19,CUS_03888,Customer_120,Mangaluru,Karnataka,Clothing,Sneakers,4,9856.59,10,2081.02,Net Banking
ORD_03889,2025-10-19,CUS_03889,Customer_049,Vadodara,Gujarat,Home & Kitchen,Bedsheet,4,6270.15,0,1537.43,Cash on Delivery
ORD_03890,2025-10-20,CUS_03890,Customer_048,Pune,Maharashtra,Furniture,Sofa,5,120354.29,0,15169.35,Cash on Delivery
ORD_03891,2025-10-20,CUS_03891,Customer_066,Warangal,Telangana,Home & Kitchen,Cookware Set,3,10391.05,5,1354.76,UPI
ORD_03892,2025-10-20,CUS_03892,Customer_133,Gurugram,Delhi,Home & Kitchen,Bedsheet,3,4032.8,15,942.67,Credit Card
ORD_03893,2025-10-21,CUS_03893,Customer_075,Mumbai,Maharashtra,Electronics,Smartphone,1,18790.95,15,2959.18,Credit Card
ORD_03894,2025-10-24,CUS_03894,Customer_081,Udaipur,Rajasthan,Furniture,Bookshelf,3,17495.65,15,2009.71,Debit Card
ORD_03895,2025-10-24,CUS_03895,Customer_127,Udaipur,Rajasthan,Clothing,Sneakers,4,10951.14,5,1600.85,Cash on Delivery
ORD_03896,2025-10-26,CUS_03896,Customer_107,Pune,Maharashtra,Home & Kitchen,Bedsheet,3,3593.98,20,858.03,Net Banking
ORD_03897,2025-10-29,CUS_03897,Customer_011,Howrah,West Bengal,Furniture,Sofa,2,39826.77,5,8597.12,Net Banking
ORD_03898,2025-10-29,CUS_03898,Customer_035,Surat,Gujarat,Furniture,Office Chair,1,7111.98,10,1693.62,Credit Card
ORD_03899,2025-10-29,CUS_03899,Customer_001,Gurugram,Delhi,Furniture,Office Chair,3,22489.6,0,5287.61,Net Banking
ORD_03900,2025-10-30,CUS_03900,Customer_045,Delhi,Delhi,Home & Kitchen,Cookware Set,3,10993.72,0,2250.36,Debit Card
ORD_03901,2025-10-30,CUS_03901,Customer_109,Hyderabad,Telangana,Electronics,Laptop,2,118373.36,5,26792.4,Cash on Delivery
ORD_03902,2025-10-30,CUS_03902,Customer_061,Jaipur,Rajasthan,Electronics,Smartwatch,1,4356.12,5,228.4,Net Banking
ORD_03903,2025-10-30,CUS_03903,Customer_086,Noida,Delhi,Home & Kitchen,Air Fryer,5,27529.6,10,6236.74,Cash on Delivery
ORD_03904,2025-10-31,CUS_03904,Customer_061,Mysuru,Karnataka,Home & Kitchen,Air Fryer,3,21224.65,0,3510.15,Debit Card
ORD_03905,2025-11-01,CUS_03905,Customer_126,Hyderabad,Telangana,Electronics,Headphones,4,9043.34,5,1620.25,UPI
ORD_03906,2025-11-01,CUS_03906,Customer_037,Kolkata,West Bengal,Home & Kitchen,Cookware Set,2,6566.33,0,849.7,UPI
ORD_03907,2025-11-01,CUS_03907,Customer_093,Durgapur,West Bengal,Electronics,Smartwatch,2,7750.81,20,977.25,UPI
ORD_03908,2025-11-02,CUS_03908,Customer_111,Udaipur,Rajasthan,Home & Kitchen,Mixer Grinder,3,11668.44,15,1991.08,Cash on Delivery
ORD_03909,2025-11-02,CUS_03909,Customer_058,Coimbatore,Tamil Nadu,Clothing,Jacket,4,12012.77,20,2424.34,Net Banking
ORD_03910,2025-11-03,CUS_03910,Customer_111,Noida,Delhi,Home & Kitchen,Bedsheet,3,3524.31,20,862.89,UPI
ORD_03911,2025-11-05,CUS_03911,Customer_010,Madurai,Tamil Nadu,Home & Kitchen,Cookware Set,5,14210.04,10,1011.49,Debit Card
ORD_03912,2025-11-05,CUS_03912,Customer_149,Howrah,West Bengal,Furniture,Sofa,1,18802.95,10,3163.69,UPI
ORD_03913,2025-11-06,CUS_03913,Customer_088,Surat,Gujarat,Furniture,Office Chair,1,5292.89,20,1130.39,UPI
ORD_03914,2025-11-06,CUS_03914,Customer_011,Hyderabad,Telangana,Electronics,Laptop,4,222172.4,10,51519.76,Net Banking
ORD_03915,2025-11-07,CUS_03915,Customer_099,Jaipur,Rajasthan,Furniture,Bookshelf,3,18373.04,0,2640.92,Cash on Delivery
ORD_03916,2025-11-07,CUS_03916,Customer_065,Vadodara,Gujarat,Home & Kitchen,Cookware Set,2,5078.4,15,553.59,Net Banking
ORD_03917,2025-11-07,CUS_03917,Customer_126,Chennai,Tamil Nadu,Furniture,Office Chair,5,29057.49,20,5031.96,Debit Card
ORD_03918,2025-11-07,CUS_03918,Customer_019,Madurai,Tamil Nadu,Furniture,Study Table,1,6593.29,20,905.91,Credit Card
ORD_03919,2025-11-07,CUS_03919,Customer_132,Mysuru,Karnataka,Home & Kitchen,Mixer Grinder,5,19878.38,15,4129.94,Cash on Delivery
ORD_03920,2025-11-09,CUS_03920,Customer_116,Mysuru,Karnataka,Home & Kitchen,Bedsheet,4,4305.5,15,945.43,UPI
ORD_03921,2025-11-09,CUS_03921,Customer_119,Durgapur,West Bengal,Home & Kitchen,Bedsheet,1,1367.51,15,127.51,Net Banking
ORD_03922,2025-11-09,CUS_03922,Customer_142,Madurai,Tamil Nadu,Home & Kitchen,Air Fryer,5,23914.34,15,4963.24,Net Banking
ORD_03923,2025-11-10,CUS_03923,Customer_078,Nagpur,Maharashtra,Home & Kitchen,Bedsheet,4,4865.14,10,1004.33,UPI
ORD_03924,2025-11-10,CUS_03924,Customer_106,Durgapur,West Bengal,Furniture,Sofa,1,19332.46,20,2229.97,UPI
ORD_03925,2025-11-10,CUS_03925,Customer_062,Noida,Delhi,Electronics,Headphones,2,3475.03,20,468.97,UPI
ORD_03926,2025-11-11,CUS_03926,Customer_130,Madurai,Tamil Nadu,Clothing,Jacket,2,5748.43,20,938.39,Debit Card
ORD_03927,2025-11-11,CUS_03927,Customer_010,Mumbai,Maharashtra,Furniture,Office Chair,2,13247.16,15,932.08,Debit Card
ORD_03928,2025-11-12,CUS_03928,Customer_013,Gurugram,Delhi,Furniture,Sofa,5,98120.59,5,20803.79,Credit Card
ORD_03929,2025-11-12,CUS_03929,Customer_014,Madurai,Tamil Nadu,Clothing,T-Shirt,4,3572.26,10,746.79,Debit Card
ORD_03930,2025-11-13,CUS_03930,Customer_124,Udaipur,Rajasthan,Home & Kitchen,Air Fryer,3,21438.5,0,2672.27,UPI
ORD_03931,2025-11-14,CUS_03931,Customer_084,Udaipur,Rajasthan,Home & Kitchen,Mixer Grinder,2,9666.29,5,1692.19,Debit Card
ORD_03932,2025-11-15,CUS_03932,Customer_049,Coimbatore,Tamil Nadu,Home & Kitchen,Cookware Set,2,6132.33,15,1318.51,Debit Card
ORD_03933,2025-11-16,CUS_03933,Customer_018,Howrah,West Bengal,Home & Kitchen,Bedsheet,3,4810.28,0,251.69,Credit Card
ORD_03934,2025-11-17,CUS_03934,Customer_084,Warangal,Telangana,Electronics,Headphones,2,4587.95,20,857.55,Net Banking
ORD_03935,2025-11-17,CUS_03935,Customer_012,Nizamabad,Telangana,Home & Kitchen,Mixer Grinder,5,19878.25,0,1745.86,Debit Card
ORD_03936,2025-11-18,CUS_03936,Customer_111,Jodhpur,Rajasthan,Home & Kitchen,Air Fryer,1,4848.85,15,686.62,Net Banking
ORD_03937,2025-11-18,CUS_03937,Customer_104,Mysuru,Karnataka,Furniture,Office Chair,4,22706.58,5,4697.63,Debit Card
ORD_03938,2025-11-19,CUS_03938,Customer_146,Ahmedabad,Gujarat,Electronics,Laptop,1,56743.61,10,9612.9,Credit Card
ORD_03939,2025-11-19,CUS_03939,Customer_012,Coimbatore,Tamil Nadu,Clothing,Sneakers,1,2488.44,10,532.84,UPI
ORD_03940,2025-11-20,CUS_03940,Customer_137,Warangal,Telangana,Furniture,Office Chair,5,25855.5,15,2431.58,Debit Card
ORD_03941,2025-11-20,CUS_03941,Customer_047,Udaipur,Rajasthan,Home & Kitchen,Mixer Grinder,4,13956.28,20,2204.7,Cash on Delivery
ORD_03942,2025-11-21,CUS_03942,Customer_059,Gurugram,Delhi,Electronics,Smartwatch,2,7756.23,10,1089.28,UPI
ORD_03943,2025-11-22,CUS_03943,Customer_054,Jaipur,Rajasthan,Electronics,Headphones,5,13495.8,0,2268.46,Net Banking
ORD_03944,2025-11-22,CUS_03944,Customer_086,Warangal,Telangana,Home & Kitchen,Cookware Set,3,8483.05,20,1199.26,Credit Card
ORD_03945,2025-11-22,CUS_03945,Customer_119,Madurai,Tamil Nadu,Furniture,Study Table,5,41863.93,15,5957.43,Cash on Delivery
ORD_03946,2025-11-23,CUS_03946,Customer_047,Nizamabad,Telangana,Electronics,Headphones,4,9698.7,10,763.9,Credit Card
ORD_03947,2025-11-23,CUS_03947,Customer_145,Mumbai,Maharashtra,Electronics,Laptop,3,135219.69,20,16784.61,UPI
ORD_03948,2025-11-26,CUS_03948,Customer_012,Noida,Delhi,Clothing,Jacket,1,3270.54,10,752.98,Cash on Delivery
ORD_03949,2025-11-26,CUS_03949,Customer_017,Surat,Gujarat,Furniture,Sofa,3,56096.11,10,13096.35,UPI
ORD_03950,2025-11-27,CUS_03950,Customer_051,Coimbatore,Tamil Nadu,Clothing,Jacket,1,3171.05,20,588.97,Net Banking
ORD_03951,2025-11-27,CUS_03951,Customer_116,Mangaluru,Karnataka,Clothing,Jeans,3,4874.54,15,696.32,Credit Card
ORD_03952,2025-11-28,CUS_03952,Customer_097,Mangaluru,Karnataka,Home & Kitchen,Cookware Set,3,8854.18,20,1183.63,UPI
ORD_03953,2025-11-29,CUS_03953,Customer_139,Delhi,Delhi,Clothing,Jacket,1,2705.54,10,159.55,Net Banking
ORD_03954,2025-11-30,CUS_03954,Customer_148,Chennai,Tamil Nadu,Electronics,Laptop,4,183991.28,15,29067.16,Credit Card
ORD_03955,2025-12-01,CUS_03955,Customer_066,Warangal,Telangana,Electronics,Headphones,1,1963.17,20,253.45,Credit Card
ORD_03956,2025-12-01,CUS_03956,Customer_060,Warangal,Telangana,Clothing,Jeans,2,3350.48,5,396.61,Net Banking
ORD_03957,2025-12-01,CUS_03957,Customer_037,Nagpur,Maharashtra,Clothing,Sneakers,2,5319.09,5,956.72,Cash on Delivery
ORD_03958,2025-12-01,CUS_03958,Customer_149,Gurugram,Delhi,Furniture,Sofa,5,113761.02,0,8825.24,UPI
ORD_03959,2025-12-02,CUS_03959,Customer_107,Madurai,Tamil Nadu,Clothing,Sneakers,2,5365.82,10,287.86,Net Banking
ORD_03960,2025-12-03,CUS_03960,Customer_065,Chennai,Tamil Nadu,Clothing,T-Shirt,1,769.04,20,184.12,Debit Card
ORD_03961,2025-12-03,CUS_03961,Customer_049,Hyderabad,Telangana,Electronics,Laptop,3,145815.02,15,13493.16,Cash on Delivery
ORD_03962,2025-12-03,CUS_03962,Customer_081,Udaipur,Rajasthan,Clothing,Sneakers,5,13901.23,0,860.41,UPI
ORD_03963,2025-12-04,CUS_03963,Customer_084,Mumbai,Maharashtra,Home & Kitchen,Mixer Grinder,3,9186.82,20,1983.59,Credit Card
ORD_03964,2025-12-07,CUS_03964,Customer_011,Kolkata,West Bengal,Clothing,Sneakers,1,2881.53,5,713.05,Credit Card
ORD_03965,2025-12-08,CUS_03965,Customer_058,Nagpur,Maharashtra,Clothing,Jeans,3,4275.42,20,931.13,UPI
ORD_03966,2025-12-08,CUS_03966,Customer_109,Delhi,Delhi,Home & Kitchen,Bedsheet,4,6406.58,0,1029.81,Net Banking
ORD_03967,2025-12-09,CUS_03967,Customer_079,Pune,Maharashtra,Home & Kitchen,Bedsheet,5,7298.64,5,928.9,Net Banking
ORD_03968,2025-12-11,CUS_03968,Customer_052,Ahmedabad,Gujarat,Clothing,Jacket,2,6512.81,5,391.22,Cash on Delivery
ORD_03969,2025-12-11,CUS_03969,Customer_059,Mangaluru,Karnataka,Furniture,Study Table,3,19444.47,20,1183.74,UPI
ORD_03970,2025-12-11,CUS_03970,Customer_147,Mumbai,Maharashtra,Furniture,Office Chair,3,17934.78,20,2924.55,Net Banking
ORD_03971,2025-12-12,CUS_03971,Customer_144,Hyderabad,Telangana,Clothing,Sneakers,1,2351.55,5,238.89,UPI
ORD_03972,2025-12-12,CUS_03972,Customer_132,Nizamabad,Telangana,Clothing,Jeans,4,6223.42,15,1440.41,Cash on Delivery
ORD_03973,2025-12-13,CUS_03973,Customer_079,Jodhpur,Rajasthan,Home & Kitchen,Bedsheet,2,2540.77,5,450.55,Debit Card
ORD_03974,2025-12-13,CUS_03974,Customer_140,Ahmedabad,Gujarat,Electronics,Laptop,2,103818.3,5,11881.29,Credit Card
ORD_03975,2025-12-14,CUS_03975,Customer_001,Kolkata,West Bengal,Furniture,Sofa,2,37744.68,20,8098.43,UPI
ORD_03976,2025-12-15,CUS_03976,Customer_070,Coimbatore,Tamil Nadu,Furniture,Study Table,3,29563.1,0,2369.29,Debit Card
ORD_03977,2025-12-16,CUS_03977,Customer_139,Jodhpur,Rajasthan,Furniture,Bookshelf,1,5883.91,0,1284.4,Debit Card
ORD_03978,2025-12-16,CUS_03978,Customer_056,Noida,Delhi,Furniture,Office Chair,3,18097.67,0,2646.41,Debit Card
ORD_03979,2025-12-16,CUS_03979,Customer_042,Surat,Gujarat,Home & Kitchen,Bedsheet,5,7998.22,0,1470.57,Net Banking
ORD_03980,2025-12-16,CUS_03980,Customer_005,Madurai,Tamil Nadu,Clothing,Jacket,3,8557.53,10,1133.24,Credit Card
ORD_03981,2025-12-17,CUS_03981,Customer_014,Coimbatore,Tamil Nadu,Electronics,Headphones,2,5142.06,5,663.48,Cash on Delivery
ORD_03982,2025-12-17,CUS_03982,Customer_007,Surat,Gujarat,Furniture,Office Chair,5,34092.27,0,5267.13,Cash on Delivery
ORD_03983,2025-12-18,CUS_03983,Customer_037,Kolkata,West Bengal,Clothing,T-Shirt,3,2304.66,5,416.34,UPI
ORD_03984,2025-12-18,CUS_03984,Customer_063,Howrah,West Bengal,Clothing,Jacket,3,10043.03,5,553.21,UPI
ORD_03985,2025-12-19,CUS_03985,Customer_074,Durgapur,West Bengal,Clothing,T-Shirt,4,3491.71,5,519.55,Net Banking
ORD_03986,2025-12-20,CUS_03986,Customer_106,Mumbai,Maharashtra,Home & Kitchen,Mixer Grinder,3,13942.65,10,1816.71,Debit Card
ORD_03987,2025-12-20,CUS_03987,Customer_111,Mangaluru,Karnataka,Home & Kitchen,Air Fryer,1,5325.53,20,739.23,Debit Card
ORD_03988,2025-12-20,CUS_03988,Customer_091,Durgapur,West Bengal,Furniture,Bookshelf,1,6006.25,10,973.54,Cash on Delivery
ORD_03989,2025-12-21,CUS_03989,Customer_137,Bengaluru,Karnataka,Electronics,Laptop,4,211588.9,15,20429.46,Cash on Delivery
ORD_03990,2025-12-22,CUS_03990,Customer_005,Bengaluru,Karnataka,Electronics,Smartwatch,5,19885.44,20,2816.52,Credit Card
ORD_03991,2025-12-25,CUS_03991,Customer_010,Howrah,West Bengal,Electronics,Smartwatch,1,4352.97,15,1074.38,Cash on Delivery
ORD_03992,2025-12-26,CUS_03992,Customer_005,Gurugram,Delhi,Home & Kitchen,Cookware Set,5,13953.69,10,1123.04,Cash on Delivery
ORD_03993,2025-12-26,CUS_03993,Customer_044,Udaipur,Rajasthan,Electronics,Headphones,3,6206.25,10,810.79,Net Banking
ORD_03994,2025-12-27,CUS_03994,Customer_066,Warangal,Telangana,Home & Kitchen,Cookware Set,5,15064.84,0,1438.26,Net Banking
ORD_03995,2025-12-27,CUS_03995,Customer_091,Coimbatore,Tamil Nadu,Home & Kitchen,Mixer Grinder,3,13410.68,5,1398.92,UPI
ORD_03996,2025-12-30,CUS_03996,Customer_139,Kolkata,West Bengal,Electronics,Smartwatch,2,7507.41,15,847.36,Cash on Delivery
ORD_03997,2025-12-30,CUS_03997,Customer_086,Chennai,Tamil Nadu,Electronics,Smartphone,1,20842.81,15,1957.18,UPI
ORD_03998,2025-12-31,CUS_03998,Customer_088,Vadodara,Gujarat,Electronics,Laptop,1,46228.35,5,8173.23,Debit Card
ORD_03999,2025-12-31,CUS_03999,Customer_113,Ahmedabad,Gujarat,Home & Kitchen,Cookware Set,4,14336.93,0,1018.67,Credit Card
ORD_04000,2025-12-31,CUS_04000,Customer_062,Madurai,Tamil Nadu,Electronics,Headphones,2,3769.62,15,502.22,UPI
ORD_04001,2025-01-02,CUS_04001,Customer_078,Jaipur,Rajasthan,Clothing,Jeans,4,7679.33,5,748.8,Net Banking
ORD_04002,2025-01-02,CUS_04002,Customer_132,Jaipur,Rajasthan,Home & Kitchen,Air Fryer,3,18610.35,15,1608.81,Credit Card
ORD_04003,2025-01-02,CUS_04003,Customer_016,Warangal,Telangana,Clothing,T-Shirt,3,2239.11,10,376.15,Credit Card
ORD_04004,2025-01-02,CUS_04004,Customer_117,Pune,Maharashtra,Furniture,Bookshelf,1,5272.24,15,444.82,Net Banking
ORD_04005,2025-01-02,CUS_04005,Customer_097,Hyderabad,Telangana,Electronics,Smartwatch,1,4340.4,15,826.82,UPI
ORD_04006,2025-01-03,CUS_04006,Customer_007,Madurai,Tamil Nadu,Furniture,Sofa,2,42539.95,10,4274.73,Debit Card
ORD_04007,2025-01-03,CUS_04007,Customer_009,Mysuru,Karnataka,Furniture,Bookshelf,3,15399.12,5,3108.6,Net Banking
ORD_04008,2025-01-04,CUS_04008,Customer_029,Bengaluru,Karnataka,Furniture,Bookshelf,3,15830.37,5,1294.73,UPI
ORD_04009,2025-01-06,CUS_04009,Customer_060,Vadodara,Gujarat,Furniture,Study Table,5,36825.9,20,4674.03,Net Banking
ORD_04010,2025-01-07,CUS_04010,Customer_055,Mangaluru,Karnataka,Furniture,Office Chair,2,10130.64,20,1199.07,Cash on Delivery
ORD_04011,2025-01-07,CUS_04011,Customer_072,Gurugram,Delhi,Home & Kitchen,Bedsheet,2,2800.79,10,420.97,Debit Card
ORD_04012,2025-01-07,CUS_04012,Customer_125,Nizamabad,Telangana,Furniture,Study Table,5,39843.39,10,3028.79,Net Banking
ORD_04013,2025-01-08,CUS_04013,Customer_053,Nagpur,Maharashtra,Home & Kitchen,Bedsheet,3,4789.92,0,1071.62,Debit Card
ORD_04014,2025-01-09,CUS_04014,Customer_148,Vadodara,Gujarat,Home & Kitchen,Mixer Grinder,3,11169.66,15,2060.54,Cash on Delivery
ORD_04015,2025-01-09,CUS_04015,Customer_123,Nagpur,Maharashtra,Furniture,Study Table,4,28556.4,10,2137.27,UPI
ORD_04016,2025-01-13,CUS_04016,Customer_125,Ahmedabad,Gujarat,Furniture,Sofa,4,82129.32,15,9942.9,Cash on Delivery
ORD_04017,2025-01-13,CUS_04017,Customer_084,Jaipur,Rajasthan,Clothing,T-Shirt,4,3786.59,0,380.66,Net Banking
ORD_04018,2025-01-15,CUS_04018,Customer_047,Noida,Delhi,Home & Kitchen,Bedsheet,1,1020.48,15,236.89,UPI
ORD_04019,2025-01-16,CUS_04019,Customer_039,Gurugram,Delhi,Clothing,Jeans,1,1557.28,10,389.18,Net Banking
ORD_04020,2025-01-16,CUS_04020,Customer_119,Nizamabad,Telangana,Electronics,Smartwatch,3,14212.74,15,2813.36,UPI
ORD_04021,2025-01-18,CUS_04021,Customer_019,Mangaluru,Karnataka,Furniture,Sofa,5,91299.37,20,13184.85,UPI
ORD_04022,2025-01-18,CUS_04022,Customer_091,Hyderabad,Telangana,Furniture,Office Chair,1,5138.27,15,1010.18,Net Banking
ORD_04023,2025-01-19,CUS_04023,Customer_044,Warangal,Telangana,Furniture,Sofa,1,19860.38,20,1882.69,Debit Card
ORD_04024,2025-01-20,CUS_04024,Customer_121,Pune,Maharashtra,Furniture,Sofa,1,18772.81,0,4535.79,Debit Card
ORD_04025,2025-01-20,CUS_04025,Customer_108,Ahmedabad,Gujarat,Clothing,Jeans,5,7947.89,20,947.29,Cash on Delivery
ORD_04026,2025-01-20,CUS_04026,Customer_132,Nizamabad,Telangana,Clothing,Jacket,3,10253.94,15,1303.02,Credit Card
ORD_04027,2025-01-21,CUS_04027,Customer_085,Mangaluru,Karnataka,Clothing,Jacket,2,6149.05,20,546.8,Cash on Delivery
ORD_04028,2025-01-22,CUS_04028,Customer_084,Bengaluru,Karnataka,Electronics,Headphones,5,11242.36,15,2450.72,Debit Card
ORD_04029,2025-01-22,CUS_04029,Customer_119,Nizamabad,Telangana,Clothing,T-Shirt,1,820.34,10,101.35,Net Banking
ORD_04030,2025-01-23,CUS_04030,Customer_104,Hyderabad,Telangana,Home & Kitchen,Bedsheet,1,1285.0,15,244.16,UPI
ORD_04031,2025-01-25,CUS_04031,Customer_010,Mysuru,Karnataka,Clothing,Jeans,3,4378.08,15,720.67,Credit Card
ORD_04032,2025-01-25,CUS_04032,Customer_112,Durgapur,West Bengal,Electronics,Headphones,4,10139.38,0,831.89,Credit Card
ORD_04033,2025-01-25,CUS_04033,Customer_046,Ahmedabad,Gujarat,Electronics,Smartwatch,5,23698.84,5,1834.71,Net Banking
ORD_04034,2025-01-26,CUS_04034,Customer_137,Chennai,Tamil Nadu,Furniture,Bookshelf,3,12251.16,20,2779.07,UPI
ORD_04035,2025-01-27,CUS_04035,Customer_005,Mysuru,Karnataka,Electronics,Headphones,4,8353.15,15,530.61,Net Banking
ORD_04036,2025-01-28,CUS_04036,Customer_103,Durgapur,West Bengal,Clothing,Sneakers,5,9681.91,20,1449.52,UPI
ORD_04037,2025-01-28,CUS_04037,Customer_149,Howrah,West Bengal,Electronics,Smartwatch,4,18216.85,15,4461.64,UPI
ORD_04038,2025-01-29,CUS_04038,Customer_123,Jaipur,Rajasthan,Electronics,Smartwatch,5,21936.15,0,2812.96,UPI
ORD_04039,2025-01-29,CUS_04039,Customer_046,Pune,Maharashtra,Furniture,Bookshelf,5,27234.39,10,1743.16,UPI
ORD_04040,2025-01-29,CUS_04040,Customer_002,Nizamabad,Telangana,Home & Kitchen,Cookware Set,3,8307.38,15,487.1,Net Banking
ORD_04041,2025-01-30,CUS_04041,Customer_022,Warangal,Telangana,Furniture,Study Table,4,26507.41,20,5587.54,Cash on Delivery
ORD_04042,2025-01-30,CUS_04042,Customer_122,Vadodara,Gujarat,Furniture,Sofa,3,57636.77,0,6412.82,Cash on Delivery
ORD_04043,2025-02-03,CUS_04043,Customer_069,Kolkata,West Bengal,Home & Kitchen,Cookware Set,1,2967.96,15,187.72,Net Banking
ORD_04044,2025-02-04,CUS_04044,Customer_012,Coimbatore,Tamil Nadu,Electronics,Laptop,1,50455.17,20,10980.58,Debit Card
ORD_04045,2025-02-05,CUS_04045,Customer_029,Chennai,Tamil Nadu,Home & Kitchen,Bedsheet,5,5178.81,20,818.09,Net Banking
ORD_04046,2025-02-05,CUS_04046,Customer_044,Jodhpur,Rajasthan,Furniture,Office Chair,3,19085.13,15,1183.82,Net Banking
ORD_04047,2025-02-06,CUS_04047,Customer_143,Nizamabad,Telangana,Furniture,Bookshelf,3,19284.5,0,3405.28,Net Banking
ORD_04048,2025-02-07,CUS_04048,Customer_102,Vadodara,Gujarat,Electronics,Headphones,3,6931.92,5,913.32,Net Banking
ORD_04049,2025-02-07,CUS_04049,Customer_124,Bengaluru,Karnataka,Furniture,Sofa,2,48085.61,0,7701.94,Debit Card
ORD_04050,2025-02-07,CUS_04050,Customer_076,Delhi,Delhi,Home & Kitchen,Bedsheet,2,2416.74,5,348.43,Debit Card
ORD_04051,2025-02-08,CUS_04051,Customer_085,Surat,Gujarat,Furniture,Sofa,5,103690.35,5,21015.22,Cash on Delivery
ORD_04052,2025-02-08,CUS_04052,Customer_019,Howrah,West Bengal,Home & Kitchen,Air Fryer,3,19009.18,10,1896.07,Debit Card
ORD_04053,2025-02-08,CUS_04053,Customer_108,Chennai,Tamil Nadu,Furniture,Bookshelf,5,28758.77,5,5606.62,UPI
ORD_04054,2025-02-08,CUS_04054,Customer_065,Warangal,Telangana,Furniture,Bookshelf,5,28209.8,15,2805.97,UPI
ORD_04055,2025-02-09,CUS_04055,Customer_018,Coimbatore,Tamil Nadu,Clothing,Jeans,3,4439.69,20,409.04,Net Banking
ORD_04056,2025-02-10,CUS_04056,Customer_034,Delhi,Delhi,Home & Kitchen,Cookware Set,3,11111.62,5,1098.58,Debit Card
ORD_04057,2025-02-10,CUS_04057,Customer_124,Noida,Delhi,Home & Kitchen,Mixer Grinder,5,16765.28,20,2805.67,Net Banking
ORD_04058,2025-02-11,CUS_04058,Customer_049,Vadodara,Gujarat,Clothing,Jeans,4,7561.12,5,1135.91,Credit Card
ORD_04059,2025-02-11,CUS_04059,Customer_021,Pune,Maharashtra,Home & Kitchen,Air Fryer,1,5377.97,20,763.08,Net Banking
ORD_04060,2025-02-12,CUS_04060,Customer_080,Kolkata,West Bengal,Electronics,Headphones,5,12807.61,10,3080.15,Credit Card
ORD_04061,2025-02-12,CUS_04061,Customer_087,Bengaluru,Karnataka,Home & Kitchen,Bedsheet,1,1100.94,20,63.42,UPI
ORD_04062,2025-02-12,CUS_04062,Customer_093,Kolkata,West Bengal,Clothing,Jeans,4,6008.94,15,1323.71,Credit Card
ORD_04063,2025-02-13,CUS_04063,Customer_131,Kolkata,West Bengal,Home & Kitchen,Cookware Set,4,14385.33,5,906.86,UPI
ORD_04064,2025-02-15,CUS_04064,Customer_060,Surat,Gujarat,Home & Kitchen,Air Fryer,3,18050.83,15,1019.97,UPI
ORD_04065,2025-02-15,CUS_04065,Customer_020,Jodhpur,Rajasthan,Electronics,Smartphone,3,60887.8,20,12715.94,Credit Card
ORD_04066,2025-02-15,CUS_04066,Customer_141,Gurugram,Delhi,Furniture,Bookshelf,1,4482.86,20,953.77,Debit Card
ORD_04067,2025-02-15,CUS_04067,Customer_090,Pune,Maharashtra,Electronics,Smartphone,5,101461.46,20,14423.33,Credit Card
ORD_04068,2025-02-15,CUS_04068,Customer_122,Warangal,Telangana,Home & Kitchen,Mixer Grinder,1,4267.66,5,993.86,Credit Card
ORD_04069,2025-02-16,CUS_04069,Customer_057,Udaipur,Rajasthan,Home & Kitchen,Air Fryer,3,18115.78,15,2128.02,UPI
ORD_04070,2025-02-16,CUS_04070,Customer_146,Warangal,Telangana,Electronics,Headphones,4,7849.25,10,1484.15,UPI
ORD_04071,2025-02-16,CUS_04071,Customer_069,Udaipur,Rajasthan,Home & Kitchen,Cookware Set,3,11312.22,0,1339.09,UPI
ORD_04072,2025-02-16,CUS_04072,Customer_111,Delhi,Delhi,Furniture,Study Table,4,32803.47,0,7009.25,UPI
ORD_04073,2025-02-18,CUS_04073,Customer_063,Durgapur,West Bengal,Furniture,Sofa,4,75777.93,10,4576.33,Net Banking
ORD_04074,2025-02-19,CUS_04074,Customer_020,Mysuru,Karnataka,Clothing,Jeans,2,3334.04,5,319.64,Credit Card
ORD_04075,2025-02-20,CUS_04075,Customer_106,Jodhpur,Rajasthan,Home & Kitchen,Mixer Grinder,1,4150.49,15,454.86,UPI
ORD_04076,2025-02-20,CUS_04076,Customer_059,Nizamabad,Telangana,Clothing,Sneakers,3,8059.22,15,1253.49,Net Banking
ORD_04077,2025-02-21,CUS_04077,Customer_054,Delhi,Delhi,Furniture,Bookshelf,1,6075.84,5,1015.72,Cash on Delivery
ORD_04078,2025-02-21,CUS_04078,Customer_128,Chennai,Tamil Nadu,Electronics,Headphones,4,8130.01,15,1951.3,Debit Card
ORD_04079,2025-02-22,CUS_04079,Customer_147,Ahmedabad,Gujarat,Clothing,T-Shirt,1,730.58,20,41.45,Debit Card
ORD_04080,2025-02-22,CUS_04080,Customer_108,Howrah,West Bengal,Electronics,Smartwatch,1,4263.49,15,784.51,Cash on Delivery
ORD_04081,2025-02-22,CUS_04081,Customer_142,Madurai,Tamil Nadu,Home & Kitchen,Mixer Grinder,4,17057.86,10,4062.76,Net Banking
ORD_04082,2025-02-22,CUS_04082,Customer_138,Chennai,Tamil Nadu,Home & Kitchen,Air Fryer,3,20476.17,0,1480.48,Cash on Delivery
ORD_04083,2025-02-23,CUS_04083,Customer_072,Warangal,Telangana,Clothing,T-Shirt,1,822.57,10,79.14,UPI
ORD_04084,2025-02-23,CUS_04084,Customer_012,Madurai,Tamil Nadu,Home & Kitchen,Air Fryer,2,11693.56,10,1801.19,Cash on Delivery
ORD_04085,2025-02-24,CUS_04085,Customer_072,Mysuru,Karnataka,Home & Kitchen,Bedsheet,4,5178.2,15,545.2,UPI
ORD_04086,2025-02-24,CUS_04086,Customer_121,Kolkata,West Bengal,Clothing,Jacket,1,2996.3,5,207.75,Cash on Delivery
ORD_04087,2025-02-25,CUS_04087,Customer_085,Warangal,Telangana,Furniture,Bookshelf,3,18369.71,0,1692.88,Credit Card
ORD_04088,2025-02-26,CUS_04088,Customer_030,Mangaluru,Karnataka,Furniture,Office Chair,5,31352.05,10,2042.27,Credit Card
ORD_04089,2025-02-27,CUS_04089,Customer_006,Jodhpur,Rajasthan,Electronics,Laptop,2,102936.15,5,8839.43,Net Banking
ORD_04090,2025-02-27,CUS_04090,Customer_054,Durgapur,West Bengal,Electronics,Smartwatch,3,13512.72,0,1742.31,Debit Card
ORD_04091,2025-02-28,CUS_04091,Customer_077,Durgapur,West Bengal,Clothing,Jeans,4,8268.89,0,2040.78,Cash on Delivery
ORD_04092,2025-02-28,CUS_04092,Customer_017,Jaipur,Rajasthan,Home & Kitchen,Bedsheet,4,4823.52,15,990.68,Credit Card
ORD_04093,2025-02-28,CUS_04093,Customer_073,Mumbai,Maharashtra,Electronics,Headphones,5,8856.13,20,1479.11,Credit Card
ORD_04094,2025-03-02,CUS_04094,Customer_135,Pune,Maharashtra,Clothing,Jeans,3,4448.1,20,490.22,Debit Card
ORD_04095,2025-03-02,CUS_04095,Customer_037,Howrah,West Bengal,Clothing,T-Shirt,1,740.13,15,69.31,Net Banking
ORD_04096,2025-03-05,CUS_04096,Customer_126,Nagpur,Maharashtra,Clothing,Jacket,5,15406.78,20,1708.93,Credit Card
ORD_04097,2025-03-06,CUS_04097,Customer_145,Warangal,Telangana,Furniture,Sofa,3,47737.86,15,7044.53,Credit Card
ORD_04098,2025-03-06,CUS_04098,Customer_121,Hyderabad,Telangana,Furniture,Office Chair,4,24018.88,20,5672.72,Debit Card
ORD_04099,2025-03-08,CUS_04099,Customer_134,Gurugram,Delhi,Clothing,Jeans,5,9087.73,10,1441.04,Debit Card
ORD_04100,2025-03-08,CUS_04100,Customer_068,Gurugram,Delhi,Furniture,Study Table,4,26494.99,20,4470.19,UPI
ORD_04101,2025-03-09,CUS_04101,Customer_037,Jodhpur,Rajasthan,Home & Kitchen,Cookware Set,1,3856.85,0,375.56,Credit Card
ORD_04102,2025-03-09,CUS_04102,Customer_016,Nizamabad,Telangana,Electronics,Smartphone,3,61681.79,15,14934.73,Debit Card
ORD_04103,2025-03-10,CUS_04103,Customer_078,Bengaluru,Karnataka,Clothing,Sneakers,1,2532.32,20,497.7,Debit Card
ORD_04104,2025-03-10,CUS_04104,Customer_027,Howrah,West Bengal,Clothing,Jacket,3,9444.3,15,1824.98,Cash on Delivery
ORD_04105,2025-03-11,CUS_04105,Customer_022,Mumbai,Maharashtra,Home & Kitchen,Bedsheet,1,1371.59,0,195.86,Net Banking
ORD_04106,2025-03-11,CUS_04106,Customer_096,Coimbatore,Tamil Nadu,Electronics,Headphones,3,6399.68,15,938.71,Credit Card
ORD_04107,2025-03-14,CUS_04107,Customer_014,Durgapur,West Bengal,Furniture,Sofa,2,43972.51,10,9146.55,Net Banking
ORD_04108,2025-03-14,CUS_04108,Customer_118,Udaipur,Rajasthan,Furniture,Office Chair,1,7081.01,10,703.37,Credit Card
ORD_04109,2025-03-16,CUS_04109,Customer_104,Coimbatore,Tamil Nadu,Home & Kitchen,Air Fryer,3,21591.74,0,2940.73,Credit Card
ORD_04110,2025-03-16,CUS_04110,Customer_066,Howrah,West Bengal,Furniture,Bookshelf,1,4929.54,20,858.04,Debit Card
ORD_04111,2025-03-17,CUS_04111,Customer_087,Delhi,Delhi,Electronics,Laptop,3,181279.13,0,40201.07,Debit Card
ORD_04112,2025-03-18,CUS_04112,Customer_063,Mysuru,Karnataka,Furniture,Sofa,2,44173.38,10,6568.59,Debit Card
ORD_04113,2025-03-19,CUS_04113,Customer_088,Jaipur,Rajasthan,Clothing,Jacket,1,3381.58,5,713.73,Debit Card
ORD_04114,2025-03-19,CUS_04114,Customer_081,Surat,Gujarat,Clothing,T-Shirt,1,810.93,5,65.85,Net Banking
ORD_04115,2025-03-19,CUS_04115,Customer_047,Delhi,Delhi,Furniture,Sofa,4,85987.08,10,16095.26,Cash on Delivery
ORD_04116,2025-03-20,CUS_04116,Customer_025,Madurai,Tamil Nadu,Clothing,T-Shirt,1,897.66,5,57.12,Cash on Delivery
ORD_04117,2025-03-24,CUS_04117,Customer_141,Bengaluru,Karnataka,Clothing,Jeans,4,6987.35,5,1595.73,UPI
ORD_04118,2025-03-25,CUS_04118,Customer_107,Jodhpur,Rajasthan,Home & Kitchen,Cookware Set,2,6565.45,15,533.62,Credit Card
ORD_04119,2025-03-25,CUS_04119,Customer_101,Mangaluru,Karnataka,Electronics,Smartphone,4,68751.26,20,16412.52,Debit Card
ORD_04120,2025-03-27,CUS_04120,Customer_005,Coimbatore,Tamil Nadu,Furniture,Sofa,2,31908.97,20,4427.37,Credit Card
ORD_04121,2025-03-27,CUS_04121,Customer_062,Vadodara,Gujarat,Furniture,Bookshelf,5,27233.31,20,4743.55,Credit Card
ORD_04122,2025-03-27,CUS_04122,Customer_137,Noida,Delhi,Electronics,Smartwatch,3,13596.11,0,1700.22,Credit Card
ORD_04123,2025-03-27,CUS_04123,Customer_071,Hyderabad,Telangana,Electronics,Laptop,1,41858.74,15,5592.24,UPI
ORD_04124,2025-03-28,CUS_04124,Customer_124,Hyderabad,Telangana,Clothing,Jacket,3,9595.88,5,2202.12,Cash on Delivery
ORD_04125,2025-03-28,CUS_04125,Customer_132,Delhi,Delhi,Home & Kitchen,Cookware Set,2,7360.48,5,1686.38,UPI
ORD_04126,2025-03-29,CUS_04126,Customer_075,Jaipur,Rajasthan,Clothing,Jacket,5,17108.04,5,1389.15,Net Banking
ORD_04127,2025-03-30,CUS_04127,Customer_042,Kolkata,West Bengal,Electronics,Headphones,3,6630.81,15,750.87,Credit Card
ORD_04128,2025-03-31,CUS_04128,Customer_097,Hyderabad,Telangana,Electronics,Laptop,1,42188.81,10,9230.28,Net Banking
ORD_04129,2025-03-31,CUS_04129,Customer_045,Gurugram,Delhi,Home & Kitchen,Bedsheet,5,6332.05,15,1170.93,Cash on Delivery
ORD_04130,2025-03-31,CUS_04130,Customer_004,Kolkata,West Bengal,Electronics,Smartphone,2,42296.98,15,6122.99,UPI
ORD_04131,2025-03-31,CUS_04131,Customer_103,Delhi,Delhi,Electronics,Smartphone,1,26062.16,5,3372.04,Credit Card
ORD_04132,2025-04-02,CUS_04132,Customer_082,Coimbatore,Tamil Nadu,Clothing,T-Shirt,3,2709.13,0,331.74,Debit Card
ORD_04133,2025-04-02,CUS_04133,Customer_084,Chennai,Tamil Nadu,Home & Kitchen,Cookware Set,2,6421.41,5,446.51,Cash on Delivery
ORD_04134,2025-04-02,CUS_04134,Customer_116,Coimbatore,Tamil Nadu,Clothing,Sneakers,4,9012.11,20,1639.54,Debit Card
ORD_04135,2025-04-02,CUS_04135,Customer_143,Jaipur,Rajasthan,Home & Kitchen,Mixer Grinder,4,15988.33,15,3634.52,Credit Card
ORD_04136,2025-04-04,CUS_04136,Customer_025,Durgapur,West Bengal,Electronics,Laptop,1,46209.83,10,11097.5,UPI
ORD_04137,2025-04-05,CUS_04137,Customer_083,Mumbai,Maharashtra,Furniture,Bookshelf,4,24692.77,10,4088.17,Net Banking
ORD_04138,2025-04-05,CUS_04138,Customer_080,Mumbai,Maharashtra,Furniture,Bookshelf,3,14937.11,10,2351.89,Debit Card
ORD_04139,2025-04-07,CUS_04139,Customer_029,Delhi,Delhi,Home & Kitchen,Mixer Grinder,1,4842.93,5,666.0,Credit Card
ORD_04140,2025-04-07,CUS_04140,Customer_038,Warangal,Telangana,Home & Kitchen,Bedsheet,5,6291.35,10,1306.84,Net Banking
ORD_04141,2025-04-08,CUS_04141,Customer_075,Ahmedabad,Gujarat,Electronics,Smartwatch,1,5508.77,0,1152.44,UPI
ORD_04142,2025-04-08,CUS_04142,Customer_017,Delhi,Delhi,Electronics,Smartphone,4,106684.43,0,22226.63,Credit Card
ORD_04143,2025-04-08,CUS_04143,Customer_109,Jaipur,Rajasthan,Furniture,Study Table,3,25047.51,5,3885.82,Net Banking
ORD_04144,2025-04-09,CUS_04144,Customer_006,Madurai,Tamil Nadu,Home & Kitchen,Mixer Grinder,1,4134.11,20,437.85,Cash on Delivery
ORD_04145,2025-04-11,CUS_04145,Customer_042,Howrah,West Bengal,Clothing,Sneakers,2,5697.01,0,928.0,Cash on Delivery
ORD_04146,2025-04-11,CUS_04146,Customer_008,Durgapur,West Bengal,Clothing,Jeans,3,6183.3,0,1048.83,Cash on Delivery
ORD_04147,2025-04-12,CUS_04147,Customer_132,Delhi,Delhi,Electronics,Headphones,1,2096.49,5,274.28,Debit Card
ORD_04148,2025-04-14,CUS_04148,Customer_132,Nizamabad,Telangana,Home & Kitchen,Mixer Grinder,1,3374.44,20,437.33,Debit Card
ORD_04149,2025-04-14,CUS_04149,Customer_017,Warangal,Telangana,Home & Kitchen,Cookware Set,2,6159.56,5,1388.82,UPI
ORD_04150,2025-04-16,CUS_04150,Customer_130,Jaipur,Rajasthan,Electronics,Headphones,4,7722.27,15,1592.21,Cash on Delivery
ORD_04151,2025-04-16,CUS_04151,Customer_019,Jaipur,Rajasthan,Home & Kitchen,Bedsheet,5,6190.58,10,909.26,Net Banking
ORD_04152,2025-04-16,CUS_04152,Customer_018,Gurugram,Delhi,Furniture,Office Chair,2,11060.33,20,1320.74,Net Banking
ORD_04153,2025-04-16,CUS_04153,Customer_144,Chennai,Tamil Nadu,Home & Kitchen,Cookware Set,3,10075.27,15,1590.2,Cash on Delivery
ORD_04154,2025-04-17,CUS_04154,Customer_003,Mangaluru,Karnataka,Electronics,Smartphone,5,90534.29,20,22265.04,UPI
ORD_04155,2025-04-17,CUS_04155,Customer_073,Pune,Maharashtra,Electronics,Headphones,3,6793.43,10,1386.87,UPI
ORD_04156,2025-04-18,CUS_04156,Customer_122,Durgapur,West Bengal,Home & Kitchen,Cookware Set,3,9391.86,20,484.73,Cash on Delivery
ORD_04157,2025-04-18,CUS_04157,Customer_060,Coimbatore,Tamil Nadu,Furniture,Bookshelf,3,15986.13,0,3446.19,Net Banking
ORD_04158,2025-04-19,CUS_04158,Customer_116,Hyderabad,Telangana,Electronics,Smartphone,4,93240.6,15,13940.21,Net Banking
ORD_04159,2025-04-19,CUS_04159,Customer_100,Durgapur,West Bengal,Furniture,Sofa,1,20734.68,10,4066.06,Net Banking
ORD_04160,2025-04-22,CUS_04160,Customer_006,Durgapur,West Bengal,Furniture,Sofa,2,46116.42,5,7047.47,Debit Card
ORD_04161,2025-04-22,CUS_04161,Customer_046,Ahmedabad,Gujarat,Clothing,Jeans,1,1293.28,20,171.0,Net Banking
ORD_04162,2025-04-22,CUS_04162,Customer_147,Hyderabad,Telangana,Furniture,Office Chair,2,11954.61,0,1094.77,Net Banking
ORD_04163,2025-04-23,CUS_04163,Customer_084,Pune,Maharashtra,Electronics,Headphones,4,8646.44,10,1463.53,UPI
ORD_04164,2025-04-23,CUS_04164,Customer_101,Chennai,Tamil Nadu,Furniture,Office Chair,2,15145.16,5,2914.75,UPI
ORD_04165,2025-04-23,CUS_04165,Customer_020,Bengaluru,Karnataka,Home & Kitchen,Mixer Grinder,2,7671.54,10,689.68,Cash on Delivery
ORD_04166,2025-04-24,CUS_04166,Customer_058,Mumbai,Maharashtra,Furniture,Study Table,2,15425.44,10,1640.82,Net Banking
ORD_04167,2025-04-24,CUS_04167,Customer_081,Howrah,West Bengal,Furniture,Study Table,5,32977.98,20,7548.53,Net Banking
ORD_04168,2025-04-26,CUS_04168,Customer_099,Surat,Gujarat,Electronics,Smartphone,2,47608.17,0,2879.26,Credit Card
ORD_04169,2025-04-27,CUS_04169,Customer_148,Nagpur,Maharashtra,Electronics,Smartwatch,1,5391.51,0,954.78,Debit Card
ORD_04170,2025-04-28,CUS_04170,Customer_057,Jaipur,Rajasthan,Furniture,Bookshelf,4,17722.76,15,3493.73,Net Banking
ORD_04171,2025-04-30,CUS_04171,Customer_013,Mysuru,Karnataka,Clothing,Jeans,2,3430.53,10,731.27,Net Banking
ORD_04172,2025-05-04,CUS_04172,Customer_052,Jaipur,Rajasthan,Home & Kitchen,Bedsheet,1,1094.55,15,121.77,Credit Card
ORD_04173,2025-05-04,CUS_04173,Customer_148,Bengaluru,Karnataka,Home & Kitchen,Mixer Grinder,2,7248.61,15,1350.66,UPI
ORD_04174,2025-05-05,CUS_04174,Customer_085,Gurugram,Delhi,Clothing,Sneakers,3,6438.13,10,1126.17,Credit Card
ORD_04175,2025-05-06,CUS_04175,Customer_043,Gurugram,Delhi,Furniture,Sofa,2,40513.13,5,9845.65,Credit Card
ORD_04176,2025-05-06,CUS_04176,Customer_149,Hyderabad,Telangana,Clothing,Jeans,1,1586.08,5,281.08,Cash on Delivery
ORD_04177,2025-05-06,CUS_04177,Customer_012,Nagpur,Maharashtra,Clothing,Jacket,2,5499.31,15,480.55,Net Banking
ORD_04178,2025-05-06,CUS_04178,Customer_129,Bengaluru,Karnataka,Furniture,Study Table,4,24924.78,20,2966.4,Credit Card
ORD_04179,2025-05-06,CUS_04179,Customer_128,Noida,Delhi,Electronics,Laptop,3,139780.72,15,21868.55,Net Banking
ORD_04180,2025-05-07,CUS_04180,Customer_047,Jaipur,Rajasthan,Electronics,Smartphone,4,109186.04,0,18502.19,Credit Card
ORD_04181,2025-05-07,CUS_04181,Customer_098,Durgapur,West Bengal,Clothing,Sneakers,2,5162.71,5,396.32,Debit Card
ORD_04182,2025-05-07,CUS_04182,Customer_085,Warangal,Telangana,Home & Kitchen,Cookware Set,1,3148.15,10,430.4,UPI
ORD_04183,2025-05-08,CUS_04183,Customer_058,Kolkata,West Bengal,Clothing,Jacket,2,5246.49,15,695.87,Net Banking
ORD_04184,2025-05-08,CUS_04184,Customer_039,Mumbai,Maharashtra,Home & Kitchen,Air Fryer,5,27533.69,20,2022.1,Credit Card
ORD_04185,2025-05-08,CUS_04185,Customer_052,Madurai,Tamil Nadu,Home & Kitchen,Air Fryer,2,11742.45,10,1405.96,Credit Card
ORD_04186,2025-05-11,CUS_04186,Customer_101,Mumbai,Maharashtra,Home & Kitchen,Air Fryer,5,31264.79,10,5072.67,UPI
ORD_04187,2025-05-12,CUS_04187,Customer_063,Vadodara,Gujarat,Clothing,Jeans,2,3637.21,0,473.39,UPI
ORD_04188,2025-05-12,CUS_04188,Customer_054,Delhi,Delhi,Furniture,Bookshelf,5,29178.14,5,6533.6,Cash on Delivery
ORD_04189,2025-05-13,CUS_04189,Customer_001,Nagpur,Maharashtra,Furniture,Study Table,2,15064.89,15,3250.65,Cash on Delivery
ORD_04190,2025-05-13,CUS_04190,Customer_126,Udaipur,Rajasthan,Electronics,Laptop,3,166356.28,0,35698.68,Debit Card
ORD_04191,2025-05-14,CUS_04191,Customer_031,Surat,Gujarat,Home & Kitchen,Air Fryer,5,22185.77,20,2279.29,Debit Card
ORD_04192,2025-05-16,CUS_04192,Customer_027,Nizamabad,Telangana,Furniture,Study Table,1,6126.31,20,885.24,Debit Card
ORD_04193,2025-05-16,CUS_04193,Customer_026,Gurugram,Delhi,Clothing,Jeans,3,5412.02,5,534.87,UPI
ORD_04194,2025-05-16,CUS_04194,Customer_073,Nizamabad,Telangana,Electronics,Smartphone,4,87569.75,0,14812.44,UPI
ORD_04195,2025-05-17,CUS_04195,Customer_078,Delhi,Delhi,Electronics,Headphones,3,7159.95,0,1576.23,Credit Card
ORD_04196,2025-05-17,CUS_04196,Customer_107,Nagpur,Maharashtra,Furniture,Bookshelf,3,14545.74,15,2391.06,UPI
ORD_04197,2025-05-18,CUS_04197,Customer_100,Jaipur,Rajasthan,Furniture,Study Table,5,41199.38,5,2219.23,Debit Card
ORD_04198,2025-05-18,CUS_04198,Customer_011,Mysuru,Karnataka,Electronics,Headphones,5,8787.14,20,1567.58,UPI
ORD_04199,2025-05-19,CUS_04199,Customer_009,Ahmedabad,Gujarat,Home & Kitchen,Mixer Grinder,3,12495.92,5,2397.52,Credit Card
ORD_04200,2025-05-19,CUS_04200,Customer_115,Ahmedabad,Gujarat,Electronics,Smartwatch,3,15111.31,0,1610.26,UPI
ORD_04201,2025-05-19,CUS_04201,Customer_063,Jaipur,Rajasthan,Electronics,Laptop,1,50568.23,15,5496.65,Debit Card
ORD_04202,2025-05-21,CUS_04202,Customer_073,Udaipur,Rajasthan,Furniture,Bookshelf,5,33255.22,0,1868.0,Cash on Delivery
ORD_04203,2025-05-21,CUS_04203,Customer_098,Ahmedabad,Gujarat,Clothing,Jacket,2,6474.17,5,546.02,UPI
ORD_04204,2025-05-24,CUS_04204,Customer_026,Ahmedabad,Gujarat,Clothing,T-Shirt,3,2143.32,20,376.55,UPI
ORD_04205,2025-05-24,CUS_04205,Customer_052,Jodhpur,Rajasthan,Electronics,Smartwatch,4,17521.31,10,3109.79,Net Banking
ORD_04206,2025-05-24,CUS_04206,Customer_098,Noida,Delhi,Electronics,Laptop,2,115418.2,0,21214.38,Debit Card
ORD_04207,2025-05-24,CUS_04207,Customer_090,Chennai,Tamil Nadu,Furniture,Study Table,3,23269.07,0,1208.53,UPI
ORD_04208,2025-05-24,CUS_04208,Customer_096,Warangal,Telangana,Clothing,Sneakers,2,4656.45,15,852.47,Net Banking
ORD_04209,2025-05-25,CUS_04209,Customer_070,Howrah,West Bengal,Electronics,Laptop,4,213731.37,0,39011.16,Debit Card
ORD_04210,2025-05-25,CUS_04210,Customer_083,Delhi,Delhi,Clothing,T-Shirt,3,2195.92,20,428.7,Net Banking
ORD_04211,2025-05-26,CUS_04211,Customer_075,Jaipur,Rajasthan,Electronics,Smartphone,2,41195.21,5,5697.55,Cash on Delivery
ORD_04212,2025-05-27,CUS_04212,Customer_122,Pune,Maharashtra,Clothing,Jeans,4,5322.99,20,776.39,Cash on Delivery
ORD_04213,2025-05-27,CUS_04213,Customer_099,Chennai,Tamil Nadu,Furniture,Office Chair,4,25640.7,10,2249.75,Debit Card
ORD_04214,2025-05-28,CUS_04214,Customer_150,Surat,Gujarat,Home & Kitchen,Cookware Set,2,6379.41,15,771.81,Net Banking
ORD_04215,2025-05-29,CUS_04215,Customer_079,Ahmedabad,Gujarat,Furniture,Bookshelf,2,8545.35,20,460.07,Credit Card
ORD_04216,2025-05-31,CUS_04216,Customer_101,Hyderabad,Telangana,Furniture,Sofa,4,69345.24,20,12155.62,Credit Card
ORD_04217,2025-05-31,CUS_04217,Customer_053,Nagpur,Maharashtra,Home & Kitchen,Mixer Grinder,5,21104.17,0,3392.3,UPI
ORD_04218,2025-06-02,CUS_04218,Customer_143,Nizamabad,Telangana,Home & Kitchen,Cookware Set,3,10890.92,0,2172.98,UPI
ORD_04219,2025-06-02,CUS_04219,Customer_023,Mangaluru,Karnataka,Home & Kitchen,Mixer Grinder,1,3606.75,15,500.12,Net Banking
ORD_04220,2025-06-02,CUS_04220,Customer_037,Kolkata,West Bengal,Furniture,Office Chair,3,19754.35,5,2158.39,UPI
ORD_04221,2025-06-02,CUS_04221,Customer_061,Bengaluru,Karnataka,Home & Kitchen,Mixer Grinder,5,21809.64,10,4039.69,Cash on Delivery
ORD_04222,2025-06-03,CUS_04222,Customer_014,Howrah,West Bengal,Clothing,Jacket,3,10256.03,0,1377.27,UPI
ORD_04223,2025-06-05,CUS_04223,Customer_073,Durgapur,West Bengal,Home & Kitchen,Air Fryer,1,6364.16,0,499.27,Debit Card
ORD_04224,2025-06-09,CUS_04224,Customer_059,Chennai,Tamil Nadu,Electronics,Headphones,3,5851.34,20,1102.9,UPI
ORD_04225,2025-06-09,CUS_04225,Customer_127,Nagpur,Maharashtra,Electronics,Laptop,4,187022.26,10,22343.3,Debit Card
ORD_04226,2025-06-09,CUS_04226,Customer_138,Vadodara,Gujarat,Electronics,Headphones,5,12504.97,10,2823.8,Debit Card
ORD_04227,2025-06-09,CUS_04227,Customer_128,Mumbai,Maharashtra,Home & Kitchen,Mixer Grinder,5,19213.57,5,1062.55,Debit Card
ORD_04228,2025-06-10,CUS_04228,Customer_108,Surat,Gujarat,Furniture,Office Chair,3,15115.38,20,2210.88,UPI
ORD_04229,2025-06-10,CUS_04229,Customer_003,Jaipur,Rajasthan,Furniture,Study Table,5,38320.04,15,4373.41,Credit Card
ORD_04230,2025-06-10,CUS_04230,Customer_032,Delhi,Delhi,Furniture,Office Chair,4,27586.21,5,5726.36,Net Banking
ORD_04231,2025-06-10,CUS_04231,Customer_021,Madurai,Tamil Nadu,Furniture,Office Chair,2,14185.78,5,1225.15,Cash on Delivery
ORD_04232,2025-06-10,CUS_04232,Customer_054,Surat,Gujarat,Furniture,Office Chair,2,10142.99,15,974.24,Credit Card
ORD_04233,2025-06-11,CUS_04233,Customer_115,Ahmedabad,Gujarat,Furniture,Bookshelf,2,12705.29,5,1535.49,UPI
ORD_04234,2025-06-11,CUS_04234,Customer_119,Howrah,West Bengal,Electronics,Laptop,3,157811.66,5,10316.53,Credit Card
ORD_04235,2025-06-12,CUS_04235,Customer_091,Madurai,Tamil Nadu,Electronics,Headphones,3,7780.5,5,397.92,Net Banking
ORD_04236,2025-06-12,CUS_04236,Customer_015,Coimbatore,Tamil Nadu,Clothing,Jacket,5,13929.92,10,851.41,Cash on Delivery
ORD_04237,2025-06-14,CUS_04237,Customer_019,Madurai,Tamil Nadu,Electronics,Laptop,3,183825.58,0,38328.42,Net Banking
ORD_04238,2025-06-14,CUS_04238,Customer_017,Mysuru,Karnataka,Furniture,Sofa,5,120396.8,0,12618.91,UPI
ORD_04239,2025-06-16,CUS_04239,Customer_047,Noida,Delhi,Furniture,Sofa,1,18579.14,20,1196.91,Cash on Delivery
ORD_04240,2025-06-16,CUS_04240,Customer_073,Madurai,Tamil Nadu,Home & Kitchen,Bedsheet,1,1088.56,10,202.54,Credit Card
ORD_04241,2025-06-17,CUS_04241,Customer_121,Surat,Gujarat,Electronics,Headphones,4,8141.55,20,1737.62,Debit Card
ORD_04242,2025-06-19,CUS_04242,Customer_037,Pune,Maharashtra,Clothing,T-Shirt,5,3372.38,20,732.13,Cash on Delivery
ORD_04243,2025-06-21,CUS_04243,Customer_108,Delhi,Delhi,Electronics,Headphones,2,4445.57,10,950.55,Debit Card
ORD_04244,2025-06-22,CUS_04244,Customer_082,Jodhpur,Rajasthan,Home & Kitchen,Air Fryer,5,23778.57,20,5156.64,Cash on Delivery
ORD_04245,2025-06-23,CUS_04245,Customer_032,Gurugram,Delhi,Furniture,Sofa,2,38667.18,15,3794.74,UPI
ORD_04246,2025-06-24,CUS_04246,Customer_120,Vadodara,Gujarat,Electronics,Laptop,2,75916.5,20,9681.61,Net Banking
ORD_04247,2025-06-24,CUS_04247,Customer_107,Nizamabad,Telangana,Home & Kitchen,Mixer Grinder,1,3442.93,15,433.37,Net Banking
ORD_04248,2025-06-24,CUS_04248,Customer_069,Nizamabad,Telangana,Home & Kitchen,Bedsheet,2,2754.0,10,481.32,UPI
ORD_04249,2025-06-25,CUS_04249,Customer_089,Noida,Delhi,Furniture,Sofa,2,50592.26,0,11296.63,Net Banking
ORD_04250,2025-06-25,CUS_04250,Customer_038,Jaipur,Rajasthan,Furniture,Study Table,2,19339.23,0,3197.56,Debit Card
ORD_04251,2025-06-25,CUS_04251,Customer_115,Jodhpur,Rajasthan,Electronics,Smartphone,2,37754.26,20,7407.56,Credit Card
ORD_04252,2025-06-26,CUS_04252,Customer_076,Warangal,Telangana,Home & Kitchen,Mixer Grinder,1,4397.06,10,1045.53,Debit Card
ORD_04253,2025-06-26,CUS_04253,Customer_019,Bengaluru,Karnataka,Furniture,Office Chair,1,7011.03,0,799.33,Cash on Delivery
ORD_04254,2025-06-29,CUS_04254,Customer_025,Jodhpur,Rajasthan,Clothing,Jeans,3,4790.33,10,270.99,Net Banking
ORD_04255,2025-06-30,CUS_04255,Customer_027,Ahmedabad,Gujarat,Home & Kitchen,Air Fryer,4,24184.57,0,3730.69,Credit Card
ORD_04256,2025-06-30,CUS_04256,Customer_011,Madurai,Tamil Nadu,Furniture,Office Chair,2,13912.39,10,2304.72,Cash on Delivery
ORD_04257,2025-06-30,CUS_04257,Customer_093,Bengaluru,Karnataka,Clothing,Jacket,2,6364.96,5,1581.62,Debit Card
ORD_04258,2025-06-30,CUS_04258,Customer_034,Nizamabad,Telangana,Electronics,Smartwatch,2,10280.63,5,2209.9,Cash on Delivery
ORD_04259,2025-07-01,CUS_04259,Customer_027,Madurai,Tamil Nadu,Furniture,Bookshelf,2,10100.66,20,777.91,Credit Card
ORD_04260,2025-07-01,CUS_04260,Customer_041,Coimbatore,Tamil Nadu,Clothing,Jacket,2,7859.72,0,404.04,Cash on Delivery
ORD_04261,2025-07-02,CUS_04261,Customer_094,Ahmedabad,Gujarat,Home & Kitchen,Cookware Set,2,6320.71,15,969.94,UPI
ORD_04262,2025-07-02,CUS_04262,Customer_146,Ahmedabad,Gujarat,Electronics,Smartwatch,4,17042.84,5,2005.15,UPI
ORD_04263,2025-07-03,CUS_04263,Customer_147,Durgapur,West Bengal,Furniture,Bookshelf,3,16866.28,10,2905.94,Cash on Delivery
ORD_04264,2025-07-03,CUS_04264,Customer_104,Mumbai,Maharashtra,Electronics,Smartwatch,4,21793.62,5,2301.97,Debit Card
ORD_04265,2025-07-03,CUS_04265,Customer_097,Udaipur,Rajasthan,Furniture,Bookshelf,3,13696.6,15,2692.21,Debit Card
ORD_04266,2025-07-03,CUS_04266,Customer_137,Chennai,Tamil Nadu,Furniture,Study Table,1,9667.02,5,2278.77,Cash on Delivery
ORD_04267,2025-07-05,CUS_04267,Customer_080,Kolkata,West Bengal,Clothing,Jacket,4,12638.21,10,795.84,Cash on Delivery
ORD_04268,2025-07-06,CUS_04268,Customer_056,Durgapur,West Bengal,Clothing,T-Shirt,4,2946.99,5,609.3,Net Banking
ORD_04269,2025-07-07,CUS_04269,Customer_122,Gurugram,Delhi,Clothing,Jeans,1,1716.38,15,89.23,Credit Card
ORD_04270,2025-07-07,CUS_04270,Customer_003,Pune,Maharashtra,Furniture,Sofa,4,76992.85,10,9220.98,Net Banking
ORD_04271,2025-07-07,CUS_04271,Customer_004,Warangal,Telangana,Clothing,Jeans,5,7552.17,20,421.52,UPI
ORD_04272,2025-07-08,CUS_04272,Customer_032,Coimbatore,Tamil Nadu,Home & Kitchen,Cookware Set,1,3459.23,0,521.65,Credit Card
ORD_04273,2025-07-09,CUS_04273,Customer_015,Pune,Maharashtra,Electronics,Smartwatch,1,4218.16,10,548.24,Debit Card
ORD_04274,2025-07-10,CUS_04274,Customer_143,Nizamabad,Telangana,Clothing,Sneakers,3,8889.26,0,827.64,Net Banking
ORD_04275,2025-07-10,CUS_04275,Customer_100,Hyderabad,Telangana,Clothing,Jacket,1,2660.57,20,504.16,Debit Card
ORD_04276,2025-07-10,CUS_04276,Customer_116,Delhi,Delhi,Home & Kitchen,Mixer Grinder,1,4114.11,10,1012.34,Net Banking
ORD_04277,2025-07-11,CUS_04277,Customer_101,Bengaluru,Karnataka,Home & Kitchen,Bedsheet,1,1527.46,0,243.77,Debit Card
ORD_04278,2025-07-11,CUS_04278,Customer_061,Madurai,Tamil Nadu,Furniture,Sofa,3,61023.22,5,7039.57,Net Banking
ORD_04279,2025-07-12,CUS_04279,Customer_012,Howrah,West Bengal,Home & Kitchen,Bedsheet,4,4386.57,10,365.29,Credit Card
ORD_04280,2025-07-12,CUS_04280,Customer_053,Gurugram,Delhi,Electronics,Laptop,2,116904.4,5,17718.15,UPI
ORD_04281,2025-07-14,CUS_04281,Customer_130,Bengaluru,Karnataka,Home & Kitchen,Cookware Set,2,6289.85,20,744.49,Cash on Delivery
ORD_04282,2025-07-14,CUS_04282,Customer_015,Hyderabad,Telangana,Home & Kitchen,Air Fryer,4,24355.02,10,1553.89,Debit Card
ORD_04283,2025-07-15,CUS_04283,Customer_041,Hyderabad,Telangana,Furniture,Bookshelf,5,25357.63,10,4971.34,Debit Card
ORD_04284,2025-07-15,CUS_04284,Customer_007,Bengaluru,Karnataka,Furniture,Sofa,4,88325.2,5,7363.85,Net Banking
ORD_04285,2025-07-16,CUS_04285,Customer_114,Mangaluru,Karnataka,Furniture,Office Chair,1,6222.47,5,702.92,Net Banking
ORD_04286,2025-07-16,CUS_04286,Customer_147,Nagpur,Maharashtra,Furniture,Bookshelf,4,21287.0,10,2683.95,Debit Card
ORD_04287,2025-07-16,CUS_04287,Customer_068,Delhi,Delhi,Electronics,Smartphone,1,21435.96,5,3985.16,Debit Card
ORD_04288,2025-07-17,CUS_04288,Customer_096,Jaipur,Rajasthan,Clothing,Sneakers,1,3005.47,5,569.36,UPI
ORD_04289,2025-07-17,CUS_04289,Customer_118,Jaipur,Rajasthan,Clothing,Sneakers,3,7188.17,20,1450.62,UPI
ORD_04290,2025-07-17,CUS_04290,Customer_134,Surat,Gujarat,Electronics,Headphones,1,2061.01,20,231.58,Debit Card
ORD_04291,2025-07-20,CUS_04291,Customer_073,Mangaluru,Karnataka,Home & Kitchen,Air Fryer,1,5194.33,20,420.4,UPI
ORD_04292,2025-07-20,CUS_04292,Customer_135,Gurugram,Delhi,Clothing,T-Shirt,3,2237.23,5,163.71,Cash on Delivery
ORD_04293,2025-07-21,CUS_04293,Customer_028,Jaipur,Rajasthan,Furniture,Study Table,3,26167.03,0,5167.49,UPI
ORD_04294,2025-07-21,CUS_04294,Customer_023,Bengaluru,Karnataka,Home & Kitchen,Bedsheet,1,1233.91,10,293.31,Debit Card
ORD_04295,2025-07-22,CUS_04295,Customer_079,Madurai,Tamil Nadu,Home & Kitchen,Air Fryer,1,5833.76,10,1249.43,Credit Card
ORD_04296,2025-07-25,CUS_04296,Customer_071,Mysuru,Karnataka,Clothing,Jacket,2,6305.78,15,338.0,UPI
ORD_04297,2025-07-26,CUS_04297,Customer_043,Jaipur,Rajasthan,Electronics,Smartphone,2,42787.17,0,7356.8,Cash on Delivery
ORD_04298,2025-07-27,CUS_04298,Customer_031,Gurugram,Delhi,Clothing,Jeans,3,4253.02,20,1039.04,Credit Card
ORD_04299,2025-07-28,CUS_04299,Customer_038,Delhi,Delhi,Clothing,T-Shirt,1,857.85,5,165.57,Credit Card
ORD_04300,2025-07-29,CUS_04300,Customer_013,Mangaluru,Karnataka,Home & Kitchen,Cookware Set,3,8576.42,15,1902.18,Net Banking
ORD_04301,2025-07-29,CUS_04301,Customer_104,Mysuru,Karnataka,Furniture,Sofa,2,42418.52,15,9856.81,UPI
ORD_04302,2025-07-30,CUS_04302,Customer_099,Chennai,Tamil Nadu,Furniture,Study Table,5,43020.26,5,8677.2,Cash on Delivery
ORD_04303,2025-08-02,CUS_04303,Customer_104,Surat,Gujarat,Furniture,Bookshelf,1,5307.99,15,704.72,Credit Card
ORD_04304,2025-08-02,CUS_04304,Customer_063,Surat,Gujarat,Clothing,T-Shirt,4,3327.34,0,299.81,Net Banking
ORD_04305,2025-08-02,CUS_04305,Customer_116,Ahmedabad,Gujarat,Furniture,Study Table,3,25721.07,0,5726.21,Net Banking
ORD_04306,2025-08-03,CUS_04306,Customer_144,Durgapur,West Bengal,Clothing,Sneakers,1,2137.16,20,174.68,Debit Card
ORD_04307,2025-08-03,CUS_04307,Customer_141,Delhi,Delhi,Home & Kitchen,Cookware Set,4,14147.29,0,1555.06,Debit Card
ORD_04308,2025-08-03,CUS_04308,Customer_035,Noida,Delhi,Clothing,Sneakers,5,11581.75,5,669.34,UPI
ORD_04309,2025-08-03,CUS_04309,Customer_136,Coimbatore,Tamil Nadu,Home & Kitchen,Cookware Set,2,6325.05,15,1408.46,Debit Card
ORD_04310,2025-08-06,CUS_04310,Customer_057,Hyderabad,Telangana,Clothing,Jeans,5,9398.1,5,558.14,UPI
ORD_04311,2025-08-06,CUS_04311,Customer_081,Delhi,Delhi,Clothing,Jeans,4,6916.13,10,605.74,Credit Card
ORD_04312,2025-08-06,CUS_04312,Customer_068,Ahmedabad,Gujarat,Clothing,T-Shirt,1,653.88,15,139.76,Credit Card
ORD_04313,2025-08-07,CUS_04313,Customer_039,Gurugram,Delhi,Home & Kitchen,Cookware Set,4,13497.93,5,2304.47,Net Banking
ORD_04314,2025-08-08,CUS_04314,Customer_028,Hyderabad,Telangana,Home & Kitchen,Cookware Set,4,13885.92,5,1331.37,Net Banking
ORD_04315,2025-08-08,CUS_04315,Customer_086,Chennai,Tamil Nadu,Clothing,Sneakers,1,2706.02,15,159.44,Debit Card
ORD_04316,2025-08-08,CUS_04316,Customer_125,Gurugram,Delhi,Furniture,Bookshelf,4,20905.74,5,4346.27,Credit Card
ORD_04317,2025-08-09,CUS_04317,Customer_062,Howrah,West Bengal,Home & Kitchen,Cookware Set,5,15814.69,5,1402.56,Cash on Delivery
ORD_04318,2025-08-11,CUS_04318,Customer_036,Vadodara,Gujarat,Furniture,Study Table,1,7079.97,10,379.83,Credit Card
ORD_04319,2025-08-11,CUS_04319,Customer_102,Jaipur,Rajasthan,Clothing,T-Shirt,5,4563.8,5,379.67,Debit Card
ORD_04320,2025-08-12,CUS_04320,Customer_130,Hyderabad,Telangana,Clothing,Jacket,4,14199.14,0,1471.53,Credit Card
ORD_04321,2025-08-12,CUS_04321,Customer_039,Howrah,West Bengal,Clothing,Jacket,2,6134.18,20,929.29,Net Banking
ORD_04322,2025-08-16,CUS_04322,Customer_110,Durgapur,West Bengal,Home & Kitchen,Air Fryer,1,5912.14,20,753.91,Debit Card
ORD_04323,2025-08-17,CUS_04323,Customer_014,Jaipur,Rajasthan,Home & Kitchen,Air Fryer,5,27970.92,10,3715.26,Net Banking
ORD_04324,2025-08-17,CUS_04324,Customer_128,Jodhpur,Rajasthan,Clothing,Jacket,5,13062.14,15,2315.37,Credit Card
ORD_04325,2025-08-17,CUS_04325,Customer_090,Pune,Maharashtra,Furniture,Bookshelf,1,5236.09,10,721.5,Credit Card
ORD_04326,2025-08-21,CUS_04326,Customer_118,Ahmedabad,Gujarat,Home & Kitchen,Bedsheet,1,1385.32,0,203.67,Net Banking
ORD_04327,2025-08-21,CUS_04327,Customer_070,Pune,Maharashtra,Clothing,Jeans,3,5685.16,0,1048.41,Debit Card
ORD_04328,2025-08-22,CUS_04328,Customer_107,Howrah,West Bengal,Home & Kitchen,Bedsheet,3,3392.17,20,430.27,Debit Card
ORD_04329,2025-08-22,CUS_04329,Customer_123,Howrah,West Bengal,Furniture,Office Chair,5,34116.27,15,8509.84,Net Banking
ORD_04330,2025-08-24,CUS_04330,Customer_040,Nizamabad,Telangana,Electronics,Smartwatch,3,17183.87,0,4185.17,Debit Card
ORD_04331,2025-08-25,CUS_04331,Customer_131,Jaipur,Rajasthan,Electronics,Smartwatch,3,11377.68,15,945.04,Credit Card
ORD_04332,2025-08-25,CUS_04332,Customer_040,Pune,Maharashtra,Home & Kitchen,Air Fryer,1,6470.32,0,671.2,UPI
ORD_04333,2025-08-25,CUS_04333,Customer_073,Delhi,Delhi,Home & Kitchen,Air Fryer,1,5923.69,10,1430.67,Credit Card
ORD_04334,2025-08-25,CUS_04334,Customer_035,Coimbatore,Tamil Nadu,Electronics,Laptop,5,245493.12,10,21902.78,Cash on Delivery
ORD_04335,2025-08-26,CUS_04335,Customer_054,Delhi,Delhi,Furniture,Office Chair,4,28893.52,0,4948.03,Net Banking
ORD_04336,2025-08-27,CUS_04336,Customer_001,Howrah,West Bengal,Clothing,Jacket,1,3697.92,0,313.06,Credit Card
ORD_04337,2025-08-27,CUS_04337,Customer_036,Hyderabad,Telangana,Clothing,Jacket,3,9532.25,20,1398.87,Cash on Delivery
ORD_04338,2025-08-27,CUS_04338,Customer_045,Warangal,Telangana,Furniture,Office Chair,4,28080.16,10,2590.29,Debit Card
ORD_04339,2025-08-27,CUS_04339,Customer_038,Nagpur,Maharashtra,Furniture,Bookshelf,2,13650.59,0,1424.97,Debit Card
ORD_04340,2025-08-29,CUS_04340,Customer_102,Ahmedabad,Gujarat,Electronics,Smartwatch,4,18713.66,10,3776.44,UPI
ORD_04341,2025-08-29,CUS_04341,Customer_020,Noida,Delhi,Clothing,Sneakers,5,12142.94,0,1865.79,Net Banking
ORD_04342,2025-08-30,CUS_04342,Customer_030,Howrah,West Bengal,Furniture,Bookshelf,5,29469.7,5,1961.2,Debit Card
ORD_04343,2025-09-03,CUS_04343,Customer_150,Gurugram,Delhi,Home & Kitchen,Mixer Grinder,2,7723.19,15,1181.54,UPI
ORD_04344,2025-09-05,CUS_04344,Customer_009,Ahmedabad,Gujarat,Clothing,T-Shirt,5,3579.36,20,179.29,Debit Card
ORD_04345,2025-09-07,CUS_04345,Customer_138,Noida,Delhi,Furniture,Office Chair,2,11589.26,20,2634.66,Debit Card
ORD_04346,2025-09-08,CUS_04346,Customer_011,Howrah,West Bengal,Home & Kitchen,Cookware Set,3,10121.19,15,1279.83,Credit Card
ORD_04347,2025-09-11,CUS_04347,Customer_084,Coimbatore,Tamil Nadu,Home & Kitchen,Mixer Grinder,4,13391.2,15,3076.1,Debit Card
ORD_04348,2025-09-15,CUS_04348,Customer_085,Jaipur,Rajasthan,Home & Kitchen,Bedsheet,1,1566.05,0,89.27,Net Banking
ORD_04349,2025-09-17,CUS_04349,Customer_052,Mysuru,Karnataka,Clothing,Sneakers,3,8946.52,5,746.2,Debit Card
ORD_04350,2025-09-19,CUS_04350,Customer_033,Warangal,Telangana,Electronics,Headphones,2,4851.63,5,770.22,Debit Card
ORD_04351,2025-09-19,CUS_04351,Customer_055,Nagpur,Maharashtra,Electronics,Laptop,1,44022.48,15,4663.77,Debit Card
ORD_04352,2025-09-20,CUS_04352,Customer_084,Nagpur,Maharashtra,Electronics,Headphones,1,2422.96,5,565.88,UPI
ORD_04353,2025-09-20,CUS_04353,Customer_130,Udaipur,Rajasthan,Home & Kitchen,Cookware Set,2,5339.45,15,862.66,Debit Card
ORD_04354,2025-09-21,CUS_04354,Customer_045,Hyderabad,Telangana,Furniture,Bookshelf,3,14894.51,10,1526.22,Cash on Delivery
ORD_04355,2025-09-22,CUS_04355,Customer_030,Mangaluru,Karnataka,Electronics,Smartwatch,3,13341.91,20,2109.89,UPI
ORD_04356,2025-09-23,CUS_04356,Customer_071,Coimbatore,Tamil Nadu,Electronics,Laptop,2,116750.3,0,10611.21,Credit Card
ORD_04357,2025-09-23,CUS_04357,Customer_032,Mumbai,Maharashtra,Home & Kitchen,Air Fryer,3,17882.29,20,3290.05,UPI
ORD_04358,2025-09-24,CUS_04358,Customer_149,Coimbatore,Tamil Nadu,Clothing,T-Shirt,3,2131.36,10,211.15,Debit Card
ORD_04359,2025-09-24,CUS_04359,Customer_136,Vadodara,Gujarat,Clothing,Jeans,3,5715.87,0,1374.84,Debit Card
ORD_04360,2025-09-24,CUS_04360,Customer_013,Howrah,West Bengal,Home & Kitchen,Cookware Set,5,16832.71,5,1874.84,Debit Card
ORD_04361,2025-09-24,CUS_04361,Customer_130,Madurai,Tamil Nadu,Clothing,Jacket,3,10167.84,5,1443.43,Credit Card
ORD_04362,2025-09-26,CUS_04362,Customer_082,Jaipur,Rajasthan,Furniture,Bookshelf,5,25940.03,20,4970.74,Debit Card
ORD_04363,2025-09-26,CUS_04363,Customer_058,Pune,Maharashtra,Clothing,T-Shirt,3,2569.87,5,597.72,Cash on Delivery
ORD_04364,2025-09-26,CUS_04364,Customer_110,Vadodara,Gujarat,Furniture,Office Chair,1,6001.27,15,855.92,Debit Card
ORD_04365,2025-09-30,CUS_04365,Customer_129,Jodhpur,Rajasthan,Furniture,Office Chair,4,26962.85,0,2168.08,Credit Card
ORD_04366,2025-09-30,CUS_04366,Customer_103,Mangaluru,Karnataka,Electronics,Smartphone,4,104819.66,5,16193.27,Debit Card
ORD_04367,2025-09-30,CUS_04367,Customer_092,Madurai,Tamil Nadu,Clothing,Sneakers,5,12648.11,10,655.31,Debit Card
ORD_04368,2025-10-04,CUS_04368,Customer_150,Pune,Maharashtra,Clothing,Sneakers,3,7700.81,20,1823.08,Cash on Delivery
ORD_04369,2025-10-04,CUS_04369,Customer_126,Warangal,Telangana,Electronics,Smartphone,3,79202.53,5,6089.65,Cash on Delivery
ORD_04370,2025-10-04,CUS_04370,Customer_051,Ahmedabad,Gujarat,Clothing,Sneakers,3,8016.48,5,1365.9,Net Banking
ORD_04371,2025-10-05,CUS_04371,Customer_069,Warangal,Telangana,Furniture,Sofa,1,18445.84,20,3276.98,Net Banking
ORD_04372,2025-10-06,CUS_04372,Customer_013,Gurugram,Delhi,Home & Kitchen,Bedsheet,2,2072.01,20,202.48,UPI
ORD_04373,2025-10-07,CUS_04373,Customer_029,Delhi,Delhi,Home & Kitchen,Cookware Set,3,9118.88,20,640.83,Credit Card
ORD_04374,2025-10-07,CUS_04374,Customer_038,Howrah,West Bengal,Home & Kitchen,Cookware Set,4,11015.63,10,1084.29,Net Banking
ORD_04375,2025-10-08,CUS_04375,Customer_064,Delhi,Delhi,Clothing,Jacket,1,3146.19,5,291.4,Cash on Delivery
ORD_04376,2025-10-09,CUS_04376,Customer_117,Gurugram,Delhi,Electronics,Smartwatch,3,12575.49,15,1297.84,Cash on Delivery
ORD_04377,2025-10-09,CUS_04377,Customer_008,Mumbai,Maharashtra,Home & Kitchen,Air Fryer,1,6364.91,10,1588.45,UPI
ORD_04378,2025-10-10,CUS_04378,Customer_129,Coimbatore,Tamil Nadu,Furniture,Bookshelf,2,10639.52,0,1208.66,UPI
ORD_04379,2025-10-10,CUS_04379,Customer_137,Noida,Delhi,Furniture,Sofa,1,15493.93,20,1464.41,Credit Card
ORD_04380,2025-10-11,CUS_04380,Customer_134,Nizamabad,Telangana,Clothing,Jacket,4,12643.78,20,1379.77,Cash on Delivery
ORD_04381,2025-10-11,CUS_04381,Customer_025,Vadodara,Gujarat,Home & Kitchen,Mixer Grinder,3,12412.4,15,2361.18,UPI
ORD_04382,2025-10-11,CUS_04382,Customer_038,Jodhpur,Rajasthan,Electronics,Laptop,1,50314.85,0,9853.39,Net Banking
ORD_04383,2025-10-15,CUS_04383,Customer_113,Ahmedabad,Gujarat,Furniture,Office Chair,3,16643.69,15,1593.28,Credit Card
ORD_04384,2025-10-16,CUS_04384,Customer_068,Warangal,Telangana,Electronics,Headphones,1,2022.36,5,297.53,Net Banking
ORD_04385,2025-10-17,CUS_04385,Customer_044,Pune,Maharashtra,Electronics,Smartwatch,3,13653.53,5,778.09,Net Banking
ORD_04386,2025-10-17,CUS_04386,Customer_019,Madurai,Tamil Nadu,Electronics,Smartwatch,3,12291.28,15,2911.65,Net Banking
ORD_04387,2025-10-18,CUS_04387,Customer_048,Kolkata,West Bengal,Clothing,Sneakers,3,7243.45,10,950.36,Credit Card
ORD_04388,2025-10-19,CUS_04388,Customer_120,Mangaluru,Karnataka,Clothing,Sneakers,4,9856.59,10,2081.02,Net Banking
ORD_04389,2025-10-19,CUS_04389,Customer_049,Vadodara,Gujarat,Home & Kitchen,Bedsheet,4,6270.15,0,1537.43,Cash on Delivery
ORD_04390,2025-10-20,CUS_04390,Customer_048,Pune,Maharashtra,Furniture,Sofa,5,120354.29,0,15169.35,Cash on Delivery
ORD_04391,2025-10-20,CUS_04391,Customer_066,Warangal,Telangana,Home & Kitchen,Cookware Set,3,10391.05,5,1354.76,UPI
ORD_04392,2025-10-20,CUS_04392,Customer_133,Gurugram,Delhi,Home & Kitchen,Bedsheet,3,4032.8,15,942.67,Credit Card
ORD_04393,2025-10-21,CUS_04393,Customer_075,Mumbai,Maharashtra,Electronics,Smartphone,1,18790.95,15,2959.18,Credit Card
ORD_04394,2025-10-24,CUS_04394,Customer_081,Udaipur,Rajasthan,Furniture,Bookshelf,3,17495.65,15,2009.71,Debit Card
ORD_04395,2025-10-24,CUS_04395,Customer_127,Udaipur,Rajasthan,Clothing,Sneakers,4,10951.14,5,1600.85,Cash on Delivery
ORD_04396,2025-10-26,CUS_04396,Customer_107,Pune,Maharashtra,Home & Kitchen,Bedsheet,3,3593.98,20,858.03,Net Banking
ORD_04397,2025-10-29,CUS_04397,Customer_011,Howrah,West Bengal,Furniture,Sofa,2,39826.77,5,8597.12,Net Banking
ORD_04398,2025-10-29,CUS_04398,Customer_035,Surat,Gujarat,Furniture,Office Chair,1,7111.98,10,1693.62,Credit Card
ORD_04399,2025-10-29,CUS_04399,Customer_001,Gurugram,Delhi,Furniture,Office Chair,3,22489.6,0,5287.61,Net Banking
ORD_04400,2025-10-30,CUS_04400,Customer_045,Delhi,Delhi,Home & Kitchen,Cookware Set,3,10993.72,0,2250.36,Debit Card
ORD_04401,2025-10-30,CUS_04401,Customer_109,Hyderabad,Telangana,Electronics,Laptop,2,118373.36,5,26792.4,Cash on Delivery
ORD_04402,2025-10-30,CUS_04402,Customer_061,Jaipur,Rajasthan,Electronics,Smartwatch,1,4356.12,5,228.4,Net Banking
ORD_04403,2025-10-30,CUS_04403,Customer_086,Noida,Delhi,Home & Kitchen,Air Fryer,5,27529.6,10,6236.74,Cash on Delivery
ORD_04404,2025-10-31,CUS_04404,Customer_061,Mysuru,Karnataka,Home & Kitchen,Air Fryer,3,21224.65,0,3510.15,Debit Card
ORD_04405,2025-11-01,CUS_04405,Customer_126,Hyderabad,Telangana,Electronics,Headphones,4,9043.34,5,1620.25,UPI
ORD_04406,2025-11-01,CUS_04406,Customer_037,Kolkata,West Bengal,Home & Kitchen,Cookware Set,2,6566.33,0,849.7,UPI
ORD_04407,2025-11-01,CUS_04407,Customer_093,Durgapur,West Bengal,Electronics,Smartwatch,2,7750.81,20,977.25,UPI
ORD_04408,2025-11-02,CUS_04408,Customer_111,Udaipur,Rajasthan,Home & Kitchen,Mixer Grinder,3,11668.44,15,1991.08,Cash on Delivery
ORD_04409,2025-11-02,CUS_04409,Customer_058,Coimbatore,Tamil Nadu,Clothing,Jacket,4,12012.77,20,2424.34,Net Banking
ORD_04410,2025-11-03,CUS_04410,Customer_111,Noida,Delhi,Home & Kitchen,Bedsheet,3,3524.31,20,862.89,UPI
ORD_04411,2025-11-05,CUS_04411,Customer_010,Madurai,Tamil Nadu,Home & Kitchen,Cookware Set,5,14210.04,10,1011.49,Debit Card
ORD_04412,2025-11-05,CUS_04412,Customer_149,Howrah,West Bengal,Furniture,Sofa,1,18802.95,10,3163.69,UPI
ORD_04413,2025-11-06,CUS_04413,Customer_088,Surat,Gujarat,Furniture,Office Chair,1,5292.89,20,1130.39,UPI
ORD_04414,2025-11-06,CUS_04414,Customer_011,Hyderabad,Telangana,Electronics,Laptop,4,222172.4,10,51519.76,Net Banking
ORD_04415,2025-11-07,CUS_04415,Customer_099,Jaipur,Rajasthan,Furniture,Bookshelf,3,18373.04,0,2640.92,Cash on Delivery
ORD_04416,2025-11-07,CUS_04416,Customer_065,Vadodara,Gujarat,Home & Kitchen,Cookware Set,2,5078.4,15,553.59,Net Banking
ORD_04417,2025-11-07,CUS_04417,Customer_126,Chennai,Tamil Nadu,Furniture,Office Chair,5,29057.49,20,5031.96,Debit Card
ORD_04418,2025-11-07,CUS_04418,Customer_019,Madurai,Tamil Nadu,Furniture,Study Table,1,6593.29,20,905.91,Credit Card
ORD_04419,2025-11-07,CUS_04419,Customer_132,Mysuru,Karnataka,Home & Kitchen,Mixer Grinder,5,19878.38,15,4129.94,Cash on Delivery
ORD_04420,2025-11-09,CUS_04420,Customer_116,Mysuru,Karnataka,Home & Kitchen,Bedsheet,4,4305.5,15,945.43,UPI
ORD_04421,2025-11-09,CUS_04421,Customer_119,Durgapur,West Bengal,Home & Kitchen,Bedsheet,1,1367.51,15,127.51,Net Banking
ORD_04422,2025-11-09,CUS_04422,Customer_142,Madurai,Tamil Nadu,Home & Kitchen,Air Fryer,5,23914.34,15,4963.24,Net Banking
ORD_04423,2025-11-10,CUS_04423,Customer_078,Nagpur,Maharashtra,Home & Kitchen,Bedsheet,4,4865.14,10,1004.33,UPI
ORD_04424,2025-11-10,CUS_04424,Customer_106,Durgapur,West Bengal,Furniture,Sofa,1,19332.46,20,2229.97,UPI
ORD_04425,2025-11-10,CUS_04425,Customer_062,Noida,Delhi,Electronics,Headphones,2,3475.03,20,468.97,UPI
ORD_04426,2025-11-11,CUS_04426,Customer_130,Madurai,Tamil Nadu,Clothing,Jacket,2,5748.43,20,938.39,Debit Card
ORD_04427,2025-11-11,CUS_04427,Customer_010,Mumbai,Maharashtra,Furniture,Office Chair,2,13247.16,15,932.08,Debit Card
ORD_04428,2025-11-12,CUS_04428,Customer_013,Gurugram,Delhi,Furniture,Sofa,5,98120.59,5,20803.79,Credit Card
ORD_04429,2025-11-12,CUS_04429,Customer_014,Madurai,Tamil Nadu,Clothing,T-Shirt,4,3572.26,10,746.79,Debit Card
ORD_04430,2025-11-13,CUS_04430,Customer_124,Udaipur,Rajasthan,Home & Kitchen,Air Fryer,3,21438.5,0,2672.27,UPI
ORD_04431,2025-11-14,CUS_04431,Customer_084,Udaipur,Rajasthan,Home & Kitchen,Mixer Grinder,2,9666.29,5,1692.19,Debit Card
ORD_04432,2025-11-15,CUS_04432,Customer_049,Coimbatore,Tamil Nadu,Home & Kitchen,Cookware Set,2,6132.33,15,1318.51,Debit Card
ORD_04433,2025-11-16,CUS_04433,Customer_018,Howrah,West Bengal,Home & Kitchen,Bedsheet,3,4810.28,0,251.69,Credit Card
ORD_04434,2025-11-17,CUS_04434,Customer_084,Warangal,Telangana,Electronics,Headphones,2,4587.95,20,857.55,Net Banking
ORD_04435,2025-11-17,CUS_04435,Customer_012,Nizamabad,Telangana,Home & Kitchen,Mixer Grinder,5,19878.25,0,1745.86,Debit Card
ORD_04436,2025-11-18,CUS_04436,Customer_111,Jodhpur,Rajasthan,Home & Kitchen,Air Fryer,1,4848.85,15,686.62,Net Banking
ORD_04437,2025-11-18,CUS_04437,Customer_104,Mysuru,Karnataka,Furniture,Office Chair,4,22706.58,5,4697.63,Debit Card
ORD_04438,2025-11-19,CUS_04438,Customer_146,Ahmedabad,Gujarat,Electronics,Laptop,1,56743.61,10,9612.9,Credit Card
ORD_04439,2025-11-19,CUS_04439,Customer_012,Coimbatore,Tamil Nadu,Clothing,Sneakers,1,2488.44,10,532.84,UPI
ORD_04440,2025-11-20,CUS_04440,Customer_137,Warangal,Telangana,Furniture,Office Chair,5,25855.5,15,2431.58,Debit Card
ORD_04441,2025-11-20,CUS_04441,Customer_047,Udaipur,Rajasthan,Home & Kitchen,Mixer Grinder,4,13956.28,20,2204.7,Cash on Delivery
ORD_04442,2025-11-21,CUS_04442,Customer_059,Gurugram,Delhi,Electronics,Smartwatch,2,7756.23,10,1089.28,UPI
ORD_04443,2025-11-22,CUS_04443,Customer_054,Jaipur,Rajasthan,Electronics,Headphones,5,13495.8,0,2268.46,Net Banking
ORD_04444,2025-11-22,CUS_04444,Customer_086,Warangal,Telangana,Home & Kitchen,Cookware Set,3,8483.05,20,1199.26,Credit Card
ORD_04445,2025-11-22,CUS_04445,Customer_119,Madurai,Tamil Nadu,Furniture,Study Table,5,41863.93,15,5957.43,Cash on Delivery
ORD_04446,2025-11-23,CUS_04446,Customer_047,Nizamabad,Telangana,Electronics,Headphones,4,9698.7,10,763.9,Credit Card
ORD_04447,2025-11-23,CUS_04447,Customer_145,Mumbai,Maharashtra,Electronics,Laptop,3,135219.69,20,16784.61,UPI
ORD_04448,2025-11-26,CUS_04448,Customer_012,Noida,Delhi,Clothing,Jacket,1,3270.54,10,752.98,Cash on Delivery
ORD_04449,2025-11-26,CUS_04449,Customer_017,Surat,Gujarat,Furniture,Sofa,3,56096.11,10,13096.35,UPI
ORD_04450,2025-11-27,CUS_04450,Customer_051,Coimbatore,Tamil Nadu,Clothing,Jacket,1,3171.05,20,588.97,Net Banking
ORD_04451,2025-11-27,CUS_04451,Customer_116,Mangaluru,Karnataka,Clothing,Jeans,3,4874.54,15,696.32,Credit Card
ORD_04452,2025-11-28,CUS_04452,Customer_097,Mangaluru,Karnataka,Home & Kitchen,Cookware Set,3,8854.18,20,1183.63,UPI
ORD_04453,2025-11-29,CUS_04453,Customer_139,Delhi,Delhi,Clothing,Jacket,1,2705.54,10,159.55,Net Banking
ORD_04454,2025-11-30,CUS_04454,Customer_148,Chennai,Tamil Nadu,Electronics,Laptop,4,183991.28,15,29067.16,Credit Card
ORD_04455,2025-12-01,CUS_04455,Customer_066,Warangal,Telangana,Electronics,Headphones,1,1963.17,20,253.45,Credit Card
ORD_04456,2025-12-01,CUS_04456,Customer_060,Warangal,Telangana,Clothing,Jeans,2,3350.48,5,396.61,Net Banking
ORD_04457,2025-12-01,CUS_04457,Customer_037,Nagpur,Maharashtra,Clothing,Sneakers,2,5319.09,5,956.72,Cash on Delivery
ORD_04458,2025-12-01,CUS_04458,Customer_149,Gurugram,Delhi,Furniture,Sofa,5,113761.02,0,8825.24,UPI
ORD_04459,2025-12-02,CUS_04459,Customer_107,Madurai,Tamil Nadu,Clothing,Sneakers,2,5365.82,10,287.86,Net Banking
ORD_04460,2025-12-03,CUS_04460,Customer_065,Chennai,Tamil Nadu,Clothing,T-Shirt,1,769.04,20,184.12,Debit Card
ORD_04461,2025-12-03,CUS_04461,Customer_049,Hyderabad,Telangana,Electronics,Laptop,3,145815.02,15,13493.16,Cash on Delivery
ORD_04462,2025-12-03,CUS_04462,Customer_081,Udaipur,Rajasthan,Clothing,Sneakers,5,13901.23,0,860.41,UPI
ORD_04463,2025-12-04,CUS_04463,Customer_084,Mumbai,Maharashtra,Home & Kitchen,Mixer Grinder,3,9186.82,20,1983.59,Credit Card
ORD_04464,2025-12-07,CUS_04464,Customer_011,Kolkata,West Bengal,Clothing,Sneakers,1,2881.53,5,713.05,Credit Card
ORD_04465,2025-12-08,CUS_04465,Customer_058,Nagpur,Maharashtra,Clothing,Jeans,3,4275.42,20,931.13,UPI
ORD_04466,2025-12-08,CUS_04466,Customer_109,Delhi,Delhi,Home & Kitchen,Bedsheet,4,6406.58,0,1029.81,Net Banking
ORD_04467,2025-12-09,CUS_04467,Customer_079,Pune,Maharashtra,Home & Kitchen,Bedsheet,5,7298.64,5,928.9,Net Banking
ORD_04468,2025-12-11,CUS_04468,Customer_052,Ahmedabad,Gujarat,Clothing,Jacket,2,6512.81,5,391.22,Cash on Delivery
ORD_04469,2025-12-11,CUS_04469,Customer_059,Mangaluru,Karnataka,Furniture,Study Table,3,19444.47,20,1183.74,UPI
ORD_04470,2025-12-11,CUS_04470,Customer_147,Mumbai,Maharashtra,Furniture,Office Chair,3,17934.78,20,2924.55,Net Banking
ORD_04471,2025-12-12,CUS_04471,Customer_144,Hyderabad,Telangana,Clothing,Sneakers,1,2351.55,5,238.89,UPI
ORD_04472,2025-12-12,CUS_04472,Customer_132,Nizamabad,Telangana,Clothing,Jeans,4,6223.42,15,1440.41,Cash on Delivery
ORD_04473,2025-12-13,CUS_04473,Customer_079,Jodhpur,Rajasthan,Home & Kitchen,Bedsheet,2,2540.77,5,450.55,Debit Card
ORD_04474,2025-12-13,CUS_04474,Customer_140,Ahmedabad,Gujarat,Electronics,Laptop,2,103818.3,5,11881.29,Credit Card
ORD_04475,2025-12-14,CUS_04475,Customer_001,Kolkata,West Bengal,Furniture,Sofa,2,37744.68,20,8098.43,UPI
ORD_04476,2025-12-15,CUS_04476,Customer_070,Coimbatore,Tamil Nadu,Furniture,Study Table,3,29563.1,0,2369.29,Debit Card
ORD_04477,2025-12-16,CUS_04477,Customer_139,Jodhpur,Rajasthan,Furniture,Bookshelf,1,5883.91,0,1284.4,Debit Card
ORD_04478,2025-12-16,CUS_04478,Customer_056,Noida,Delhi,Furniture,Office Chair,3,18097.67,0,2646.41,Debit Card
ORD_04479,2025-12-16,CUS_04479,Customer_042,Surat,Gujarat,Home & Kitchen,Bedsheet,5,7998.22,0,1470.57,Net Banking
ORD_04480,2025-12-16,CUS_04480,Customer_005,Madurai,Tamil Nadu,Clothing,Jacket,3,8557.53,10,1133.24,Credit Card
ORD_04481,2025-12-17,CUS_04481,Customer_014,Coimbatore,Tamil Nadu,Electronics,Headphones,2,5142.06,5,663.48,Cash on Delivery
ORD_04482,2025-12-17,CUS_04482,Customer_007,Surat,Gujarat,Furniture,Office Chair,5,34092.27,0,5267.13,Cash on Delivery
ORD_04483,2025-12-18,CUS_04483,Customer_037,Kolkata,West Bengal,Clothing,T-Shirt,3,2304.66,5,416.34,UPI
ORD_04484,2025-12-18,CUS_04484,Customer_063,Howrah,West Bengal,Clothing,Jacket,3,10043.03,5,553.21,UPI
ORD_04485,2025-12-19,CUS_04485,Customer_074,Durgapur,West Bengal,Clothing,T-Shirt,4,3491.71,5,519.55,Net Banking
ORD_04486,2025-12-20,CUS_04486,Customer_106,Mumbai,Maharashtra,Home & Kitchen,Mixer Grinder,3,13942.65,10,1816.71,Debit Card
ORD_04487,2025-12-20,CUS_04487,Customer_111,Mangaluru,Karnataka,Home & Kitchen,Air Fryer,1,5325.53,20,739.23,Debit Card
ORD_04488,2025-12-20,CUS_04488,Customer_091,Durgapur,West Bengal,Furniture,Bookshelf,1,6006.25,10,973.54,Cash on Delivery
ORD_04489,2025-12-21,CUS_04489,Customer_137,Bengaluru,Karnataka,Electronics,Laptop,4,211588.9,15,20429.46,Cash on Delivery
ORD_04490,2025-12-22,CUS_04490,Customer_005,Bengaluru,Karnataka,Electronics,Smartwatch,5,19885.44,20,2816.52,Credit Card
ORD_04491,2025-12-25,CUS_04491,Customer_010,Howrah,West Bengal,Electronics,Smartwatch,1,4352.97,15,1074.38,Cash on Delivery
ORD_04492,2025-12-26,CUS_04492,Customer_005,Gurugram,Delhi,Home & Kitchen,Cookware Set,5,13953.69,10,1123.04,Cash on Delivery
ORD_04493,2025-12-26,CUS_04493,Customer_044,Udaipur,Rajasthan,Electronics,Headphones,3,6206.25,10,810.79,Net Banking
ORD_04494,2025-12-27,CUS_04494,Customer_066,Warangal,Telangana,Home & Kitchen,Cookware Set,5,15064.84,0,1438.26,Net Banking
ORD_04495,2025-12-27,CUS_04495,Customer_091,Coimbatore,Tamil Nadu,Home & Kitchen,Mixer Grinder,3,13410.68,5,1398.92,UPI
ORD_04496,2025-12-30,CUS_04496,Customer_139,Kolkata,West Bengal,Electronics,Smartwatch,2,7507.41,15,847.36,Cash on Delivery
ORD_04497,2025-12-30,CUS_04497,Customer_086,Chennai,Tamil Nadu,Electronics,Smartphone,1,20842.81,15,1957.18,UPI
ORD_04498,2025-12-31,CUS_04498,Customer_088,Vadodara,Gujarat,Electronics,Laptop,1,46228.35,5,8173.23,Debit Card
ORD_04499,2025-12-31,CUS_04499,Customer_113,Ahmedabad,Gujarat,Home & Kitchen,Cookware Set,4,14336.93,0,1018.67,Credit Card
ORD_04500,2025-12-31,CUS_04500,Customer_062,Madurai,Tamil Nadu,Electronics,Headphones,2,3769.62,15,502.22,UPI
ORD_04501,2025-01-02,CUS_04501,Customer_078,Jaipur,Rajasthan,Clothing,Jeans,4,7679.33,5,748.8,Net Banking
ORD_04502,2025-01-02,CUS_04502,Customer_132,Jaipur,Rajasthan,Home & Kitchen,Air Fryer,3,18610.35,15,1608.81,Credit Card
ORD_04503,2025-01-02,CUS_04503,Customer_016,Warangal,Telangana,Clothing,T-Shirt,3,2239.11,10,376.15,Credit Card
ORD_04504,2025-01-02,CUS_04504,Customer_117,Pune,Maharashtra,Furniture,Bookshelf,1,5272.24,15,444.82,Net Banking
ORD_04505,2025-01-02,CUS_04505,Customer_097,Hyderabad,Telangana,Electronics,Smartwatch,1,4340.4,15,826.82,UPI
ORD_04506,2025-01-03,CUS_04506,Customer_007,Madurai,Tamil Nadu,Furniture,Sofa,2,42539.95,10,4274.73,Debit Card
ORD_04507,2025-01-03,CUS_04507,Customer_009,Mysuru,Karnataka,Furniture,Bookshelf,3,15399.12,5,3108.6,Net Banking
ORD_04508,2025-01-04,CUS_04508,Customer_029,Bengaluru,Karnataka,Furniture,Bookshelf,3,15830.37,5,1294.73,UPI
ORD_04509,2025-01-06,CUS_04509,Customer_060,Vadodara,Gujarat,Furniture,Study Table,5,36825.9,20,4674.03,Net Banking
ORD_04510,2025-01-07,CUS_04510,Customer_055,Mangaluru,Karnataka,Furniture,Office Chair,2,10130.64,20,1199.07,Cash on Delivery
ORD_04511,2025-01-07,CUS_04511,Customer_072,Gurugram,Delhi,Home & Kitchen,Bedsheet,2,2800.79,10,420.97,Debit Card
ORD_04512,2025-01-07,CUS_04512,Customer_125,Nizamabad,Telangana,Furniture,Study Table,5,39843.39,10,3028.79,Net Banking
ORD_04513,2025-01-08,CUS_04513,Customer_053,Nagpur,Maharashtra,Home & Kitchen,Bedsheet,3,4789.92,0,1071.62,Debit Card
ORD_04514,2025-01-09,CUS_04514,Customer_148,Vadodara,Gujarat,Home & Kitchen,Mixer Grinder,3,11169.66,15,2060.54,Cash on Delivery
ORD_04515,2025-01-09,CUS_04515,Customer_123,Nagpur,Maharashtra,Furniture,Study Table,4,28556.4,10,2137.27,UPI
ORD_04516,2025-01-13,CUS_04516,Customer_125,Ahmedabad,Gujarat,Furniture,Sofa,4,82129.32,15,9942.9,Cash on Delivery
ORD_04517,2025-01-13,CUS_04517,Customer_084,Jaipur,Rajasthan,Clothing,T-Shirt,4,3786.59,0,380.66,Net Banking
ORD_04518,2025-01-15,CUS_04518,Customer_047,Noida,Delhi,Home & Kitchen,Bedsheet,1,1020.48,15,236.89,UPI
ORD_04519,2025-01-16,CUS_04519,Customer_039,Gurugram,Delhi,Clothing,Jeans,1,1557.28,10,389.18,Net Banking
ORD_04520,2025-01-16,CUS_04520,Customer_119,Nizamabad,Telangana,Electronics,Smartwatch,3,14212.74,15,2813.36,UPI
ORD_04521,2025-01-18,CUS_04521,Customer_019,Mangaluru,Karnataka,Furniture,Sofa,5,91299.37,20,13184.85,UPI
ORD_04522,2025-01-18,CUS_04522,Customer_091,Hyderabad,Telangana,Furniture,Office Chair,1,5138.27,15,1010.18,Net Banking
ORD_04523,2025-01-19,CUS_04523,Customer_044,Warangal,Telangana,Furniture,Sofa,1,19860.38,20,1882.69,Debit Card
ORD_04524,2025-01-20,CUS_04524,Customer_121,Pune,Maharashtra,Furniture,Sofa,1,18772.81,0,4535.79,Debit Card
ORD_04525,2025-01-20,CUS_04525,Customer_108,Ahmedabad,Gujarat,Clothing,Jeans,5,7947.89,20,947.29,Cash on Delivery
ORD_04526,2025-01-20,CUS_04526,Customer_132,Nizamabad,Telangana,Clothing,Jacket,3,10253.94,15,1303.02,Credit Card
ORD_04527,2025-01-21,CUS_04527,Customer_085,Mangaluru,Karnataka,Clothing,Jacket,2,6149.05,20,546.8,Cash on Delivery
ORD_04528,2025-01-22,CUS_04528,Customer_084,Bengaluru,Karnataka,Electronics,Headphones,5,11242.36,15,2450.72,Debit Card
ORD_04529,2025-01-22,CUS_04529,Customer_119,Nizamabad,Telangana,Clothing,T-Shirt,1,820.34,10,101.35,Net Banking
ORD_04530,2025-01-23,CUS_04530,Customer_104,Hyderabad,Telangana,Home & Kitchen,Bedsheet,1,1285.0,15,244.16,UPI
ORD_04531,2025-01-25,CUS_04531,Customer_010,Mysuru,Karnataka,Clothing,Jeans,3,4378.08,15,720.67,Credit Card
ORD_04532,2025-01-25,CUS_04532,Customer_112,Durgapur,West Bengal,Electronics,Headphones,4,10139.38,0,831.89,Credit Card
ORD_04533,2025-01-25,CUS_04533,Customer_046,Ahmedabad,Gujarat,Electronics,Smartwatch,5,23698.84,5,1834.71,Net Banking
ORD_04534,2025-01-26,CUS_04534,Customer_137,Chennai,Tamil Nadu,Furniture,Bookshelf,3,12251.16,20,2779.07,UPI
ORD_04535,2025-01-27,CUS_04535,Customer_005,Mysuru,Karnataka,Electronics,Headphones,4,8353.15,15,530.61,Net Banking
ORD_04536,2025-01-28,CUS_04536,Customer_103,Durgapur,West Bengal,Clothing,Sneakers,5,9681.91,20,1449.52,UPI
ORD_04537,2025-01-28,CUS_04537,Customer_149,Howrah,West Bengal,Electronics,Smartwatch,4,18216.85,15,4461.64,UPI
ORD_04538,2025-01-29,CUS_04538,Customer_123,Jaipur,Rajasthan,Electronics,Smartwatch,5,21936.15,0,2812.96,UPI
ORD_04539,2025-01-29,CUS_04539,Customer_046,Pune,Maharashtra,Furniture,Bookshelf,5,27234.39,10,1743.16,UPI
ORD_04540,2025-01-29,CUS_04540,Customer_002,Nizamabad,Telangana,Home & Kitchen,Cookware Set,3,8307.38,15,487.1,Net Banking
ORD_04541,2025-01-30,CUS_04541,Customer_022,Warangal,Telangana,Furniture,Study Table,4,26507.41,20,5587.54,Cash on Delivery
ORD_04542,2025-01-30,CUS_04542,Customer_122,Vadodara,Gujarat,Furniture,Sofa,3,57636.77,0,6412.82,Cash on Delivery
ORD_04543,2025-02-03,CUS_04543,Customer_069,Kolkata,West Bengal,Home & Kitchen,Cookware Set,1,2967.96,15,187.72,Net Banking
ORD_04544,2025-02-04,CUS_04544,Customer_012,Coimbatore,Tamil Nadu,Electronics,Laptop,1,50455.17,20,10980.58,Debit Card
ORD_04545,2025-02-05,CUS_04545,Customer_029,Chennai,Tamil Nadu,Home & Kitchen,Bedsheet,5,5178.81,20,818.09,Net Banking
ORD_04546,2025-02-05,CUS_04546,Customer_044,Jodhpur,Rajasthan,Furniture,Office Chair,3,19085.13,15,1183.82,Net Banking
ORD_04547,2025-02-06,CUS_04547,Customer_143,Nizamabad,Telangana,Furniture,Bookshelf,3,19284.5,0,3405.28,Net Banking
ORD_04548,2025-02-07,CUS_04548,Customer_102,Vadodara,Gujarat,Electronics,Headphones,3,6931.92,5,913.32,Net Banking
ORD_04549,2025-02-07,CUS_04549,Customer_124,Bengaluru,Karnataka,Furniture,Sofa,2,48085.61,0,7701.94,Debit Card
ORD_04550,2025-02-07,CUS_04550,Customer_076,Delhi,Delhi,Home & Kitchen,Bedsheet,2,2416.74,5,348.43,Debit Card
ORD_04551,2025-02-08,CUS_04551,Customer_085,Surat,Gujarat,Furniture,Sofa,5,103690.35,5,21015.22,Cash on Delivery
ORD_04552,2025-02-08,CUS_04552,Customer_019,Howrah,West Bengal,Home & Kitchen,Air Fryer,3,19009.18,10,1896.07,Debit Card
ORD_04553,2025-02-08,CUS_04553,Customer_108,Chennai,Tamil Nadu,Furniture,Bookshelf,5,28758.77,5,5606.62,UPI
ORD_04554,2025-02-08,CUS_04554,Customer_065,Warangal,Telangana,Furniture,Bookshelf,5,28209.8,15,2805.97,UPI
ORD_04555,2025-02-09,CUS_04555,Customer_018,Coimbatore,Tamil Nadu,Clothing,Jeans,3,4439.69,20,409.04,Net Banking
ORD_04556,2025-02-10,CUS_04556,Customer_034,Delhi,Delhi,Home & Kitchen,Cookware Set,3,11111.62,5,1098.58,Debit Card
ORD_04557,2025-02-10,CUS_04557,Customer_124,Noida,Delhi,Home & Kitchen,Mixer Grinder,5,16765.28,20,2805.67,Net Banking
ORD_04558,2025-02-11,CUS_04558,Customer_049,Vadodara,Gujarat,Clothing,Jeans,4,7561.12,5,1135.91,Credit Card
ORD_04559,2025-02-11,CUS_04559,Customer_021,Pune,Maharashtra,Home & Kitchen,Air Fryer,1,5377.97,20,763.08,Net Banking
ORD_04560,2025-02-12,CUS_04560,Customer_080,Kolkata,West Bengal,Electronics,Headphones,5,12807.61,10,3080.15,Credit Card
ORD_04561,2025-02-12,CUS_04561,Customer_087,Bengaluru,Karnataka,Home & Kitchen,Bedsheet,1,1100.94,20,63.42,UPI
ORD_04562,2025-02-12,CUS_04562,Customer_093,Kolkata,West Bengal,Clothing,Jeans,4,6008.94,15,1323.71,Credit Card
ORD_04563,2025-02-13,CUS_04563,Customer_131,Kolkata,West Bengal,Home & Kitchen,Cookware Set,4,14385.33,5,906.86,UPI
ORD_04564,2025-02-15,CUS_04564,Customer_060,Surat,Gujarat,Home & Kitchen,Air Fryer,3,18050.83,15,1019.97,UPI
ORD_04565,2025-02-15,CUS_04565,Customer_020,Jodhpur,Rajasthan,Electronics,Smartphone,3,60887.8,20,12715.94,Credit Card
ORD_04566,2025-02-15,CUS_04566,Customer_141,Gurugram,Delhi,Furniture,Bookshelf,1,4482.86,20,953.77,Debit Card
ORD_04567,2025-02-15,CUS_04567,Customer_090,Pune,Maharashtra,Electronics,Smartphone,5,101461.46,20,14423.33,Credit Card
ORD_04568,2025-02-15,CUS_04568,Customer_122,Warangal,Telangana,Home & Kitchen,Mixer Grinder,1,4267.66,5,993.86,Credit Card
ORD_04569,2025-02-16,CUS_04569,Customer_057,Udaipur,Rajasthan,Home & Kitchen,Air Fryer,3,18115.78,15,2128.02,UPI
ORD_04570,2025-02-16,CUS_04570,Customer_146,Warangal,Telangana,Electronics,Headphones,4,7849.25,10,1484.15,UPI
ORD_04571,2025-02-16,CUS_04571,Customer_069,Udaipur,Rajasthan,Home & Kitchen,Cookware Set,3,11312.22,0,1339.09,UPI
ORD_04572,2025-02-16,CUS_04572,Customer_111,Delhi,Delhi,Furniture,Study Table,4,32803.47,0,7009.25,UPI
ORD_04573,2025-02-18,CUS_04573,Customer_063,Durgapur,West Bengal,Furniture,Sofa,4,75777.93,10,4576.33,Net Banking
ORD_04574,2025-02-19,CUS_04574,Customer_020,Mysuru,Karnataka,Clothing,Jeans,2,3334.04,5,319.64,Credit Card
ORD_04575,2025-02-20,CUS_04575,Customer_106,Jodhpur,Rajasthan,Home & Kitchen,Mixer Grinder,1,4150.49,15,454.86,UPI
ORD_04576,2025-02-20,CUS_04576,Customer_059,Nizamabad,Telangana,Clothing,Sneakers,3,8059.22,15,1253.49,Net Banking
ORD_04577,2025-02-21,CUS_04577,Customer_054,Delhi,Delhi,Furniture,Bookshelf,1,6075.84,5,1015.72,Cash on Delivery
ORD_04578,2025-02-21,CUS_04578,Customer_128,Chennai,Tamil Nadu,Electronics,Headphones,4,8130.01,15,1951.3,Debit Card
ORD_04579,2025-02-22,CUS_04579,Customer_147,Ahmedabad,Gujarat,Clothing,T-Shirt,1,730.58,20,41.45,Debit Card
ORD_04580,2025-02-22,CUS_04580,Customer_108,Howrah,West Bengal,Electronics,Smartwatch,1,4263.49,15,784.51,Cash on Delivery
ORD_04581,2025-02-22,CUS_04581,Customer_142,Madurai,Tamil Nadu,Home & Kitchen,Mixer Grinder,4,17057.86,10,4062.76,Net Banking
ORD_04582,2025-02-22,CUS_04582,Customer_138,Chennai,Tamil Nadu,Home & Kitchen,Air Fryer,3,20476.17,0,1480.48,Cash on Delivery
ORD_04583,2025-02-23,CUS_04583,Customer_072,Warangal,Telangana,Clothing,T-Shirt,1,822.57,10,79.14,UPI
ORD_04584,2025-02-23,CUS_04584,Customer_012,Madurai,Tamil Nadu,Home & Kitchen,Air Fryer,2,11693.56,10,1801.19,Cash on Delivery
ORD_04585,2025-02-24,CUS_04585,Customer_072,Mysuru,Karnataka,Home & Kitchen,Bedsheet,4,5178.2,15,545.2,UPI
ORD_04586,2025-02-24,CUS_04586,Customer_121,Kolkata,West Bengal,Clothing,Jacket,1,2996.3,5,207.75,Cash on Delivery
ORD_04587,2025-02-25,CUS_04587,Customer_085,Warangal,Telangana,Furniture,Bookshelf,3,18369.71,0,1692.88,Credit Card
ORD_04588,2025-02-26,CUS_04588,Customer_030,Mangaluru,Karnataka,Furniture,Office Chair,5,31352.05,10,2042.27,Credit Card
ORD_04589,2025-02-27,CUS_04589,Customer_006,Jodhpur,Rajasthan,Electronics,Laptop,2,102936.15,5,8839.43,Net Banking
ORD_04590,2025-02-27,CUS_04590,Customer_054,Durgapur,West Bengal,Electronics,Smartwatch,3,13512.72,0,1742.31,Debit Card
ORD_04591,2025-02-28,CUS_04591,Customer_077,Durgapur,West Bengal,Clothing,Jeans,4,8268.89,0,2040.78,Cash on Delivery
ORD_04592,2025-02-28,CUS_04592,Customer_017,Jaipur,Rajasthan,Home & Kitchen,Bedsheet,4,4823.52,15,990.68,Credit Card
ORD_04593,2025-02-28,CUS_04593,Customer_073,Mumbai,Maharashtra,Electronics,Headphones,5,8856.13,20,1479.11,Credit Card
ORD_04594,2025-03-02,CUS_04594,Customer_135,Pune,Maharashtra,Clothing,Jeans,3,4448.1,20,490.22,Debit Card
ORD_04595,2025-03-02,CUS_04595,Customer_037,Howrah,West Bengal,Clothing,T-Shirt,1,740.13,15,69.31,Net Banking
ORD_04596,2025-03-05,CUS_04596,Customer_126,Nagpur,Maharashtra,Clothing,Jacket,5,15406.78,20,1708.93,Credit Card
ORD_04597,2025-03-06,CUS_04597,Customer_145,Warangal,Telangana,Furniture,Sofa,3,47737.86,15,7044.53,Credit Card
ORD_04598,2025-03-06,CUS_04598,Customer_121,Hyderabad,Telangana,Furniture,Office Chair,4,24018.88,20,5672.72,Debit Card
ORD_04599,2025-03-08,CUS_04599,Customer_134,Gurugram,Delhi,Clothing,Jeans,5,9087.73,10,1441.04,Debit Card
ORD_04600,2025-03-08,CUS_04600,Customer_068,Gurugram,Delhi,Furniture,Study Table,4,26494.99,20,4470.19,UPI
ORD_04601,2025-03-09,CUS_04601,Customer_037,Jodhpur,Rajasthan,Home & Kitchen,Cookware Set,1,3856.85,0,375.56,Credit Card
ORD_04602,2025-03-09,CUS_04602,Customer_016,Nizamabad,Telangana,Electronics,Smartphone,3,61681.79,15,14934.73,Debit Card
ORD_04603,2025-03-10,CUS_04603,Customer_078,Bengaluru,Karnataka,Clothing,Sneakers,1,2532.32,20,497.7,Debit Card
ORD_04604,2025-03-10,CUS_04604,Customer_027,Howrah,West Bengal,Clothing,Jacket,3,9444.3,15,1824.98,Cash on Delivery
ORD_04605,2025-03-11,CUS_04605,Customer_022,Mumbai,Maharashtra,Home & Kitchen,Bedsheet,1,1371.59,0,195.86,Net Banking
ORD_04606,2025-03-11,CUS_04606,Customer_096,Coimbatore,Tamil Nadu,Electronics,Headphones,3,6399.68,15,938.71,Credit Card
ORD_04607,2025-03-14,CUS_04607,Customer_014,Durgapur,West Bengal,Furniture,Sofa,2,43972.51,10,9146.55,Net Banking
ORD_04608,2025-03-14,CUS_04608,Customer_118,Udaipur,Rajasthan,Furniture,Office Chair,1,7081.01,10,703.37,Credit Card
ORD_04609,2025-03-16,CUS_04609,Customer_104,Coimbatore,Tamil Nadu,Home & Kitchen,Air Fryer,3,21591.74,0,2940.73,Credit Card
ORD_04610,2025-03-16,CUS_04610,Customer_066,Howrah,West Bengal,Furniture,Bookshelf,1,4929.54,20,858.04,Debit Card
ORD_04611,2025-03-17,CUS_04611,Customer_087,Delhi,Delhi,Electronics,Laptop,3,181279.13,0,40201.07,Debit Card
ORD_04612,2025-03-18,CUS_04612,Customer_063,Mysuru,Karnataka,Furniture,Sofa,2,44173.38,10,6568.59,Debit Card
ORD_04613,2025-03-19,CUS_04613,Customer_088,Jaipur,Rajasthan,Clothing,Jacket,1,3381.58,5,713.73,Debit Card
ORD_04614,2025-03-19,CUS_04614,Customer_081,Surat,Gujarat,Clothing,T-Shirt,1,810.93,5,65.85,Net Banking
ORD_04615,2025-03-19,CUS_04615,Customer_047,Delhi,Delhi,Furniture,Sofa,4,85987.08,10,16095.26,Cash on Delivery
ORD_04616,2025-03-20,CUS_04616,Customer_025,Madurai,Tamil Nadu,Clothing,T-Shirt,1,897.66,5,57.12,Cash on Delivery
ORD_04617,2025-03-24,CUS_04617,Customer_141,Bengaluru,Karnataka,Clothing,Jeans,4,6987.35,5,1595.73,UPI
ORD_04618,2025-03-25,CUS_04618,Customer_107,Jodhpur,Rajasthan,Home & Kitchen,Cookware Set,2,6565.45,15,533.62,Credit Card
ORD_04619,2025-03-25,CUS_04619,Customer_101,Mangaluru,Karnataka,Electronics,Smartphone,4,68751.26,20,16412.52,Debit Card
ORD_04620,2025-03-27,CUS_04620,Customer_005,Coimbatore,Tamil Nadu,Furniture,Sofa,2,31908.97,20,4427.37,Credit Card
ORD_04621,2025-03-27,CUS_04621,Customer_062,Vadodara,Gujarat,Furniture,Bookshelf,5,27233.31,20,4743.55,Credit Card
ORD_04622,2025-03-27,CUS_04622,Customer_137,Noida,Delhi,Electronics,Smartwatch,3,13596.11,0,1700.22,Credit Card
ORD_04623,2025-03-27,CUS_04623,Customer_071,Hyderabad,Telangana,Electronics,Laptop,1,41858.74,15,5592.24,UPI
ORD_04624,2025-03-28,CUS_04624,Customer_124,Hyderabad,Telangana,Clothing,Jacket,3,9595.88,5,2202.12,Cash on Delivery
ORD_04625,2025-03-28,CUS_04625,Customer_132,Delhi,Delhi,Home & Kitchen,Cookware Set,2,7360.48,5,1686.38,UPI
ORD_04626,2025-03-29,CUS_04626,Customer_075,Jaipur,Rajasthan,Clothing,Jacket,5,17108.04,5,1389.15,Net Banking
ORD_04627,2025-03-30,CUS_04627,Customer_042,Kolkata,West Bengal,Electronics,Headphones,3,6630.81,15,750.87,Credit Card
ORD_04628,2025-03-31,CUS_04628,Customer_097,Hyderabad,Telangana,Electronics,Laptop,1,42188.81,10,9230.28,Net Banking
ORD_04629,2025-03-31,CUS_04629,Customer_045,Gurugram,Delhi,Home & Kitchen,Bedsheet,5,6332.05,15,1170.93,Cash on Delivery
ORD_04630,2025-03-31,CUS_04630,Customer_004,Kolkata,West Bengal,Electronics,Smartphone,2,42296.98,15,6122.99,UPI
ORD_04631,2025-03-31,CUS_04631,Customer_103,Delhi,Delhi,Electronics,Smartphone,1,26062.16,5,3372.04,Credit Card
ORD_04632,2025-04-02,CUS_04632,Customer_082,Coimbatore,Tamil Nadu,Clothing,T-Shirt,3,2709.13,0,331.74,Debit Card
ORD_04633,2025-04-02,CUS_04633,Customer_084,Chennai,Tamil Nadu,Home & Kitchen,Cookware Set,2,6421.41,5,446.51,Cash on Delivery
ORD_04634,2025-04-02,CUS_04634,Customer_116,Coimbatore,Tamil Nadu,Clothing,Sneakers,4,9012.11,20,1639.54,Debit Card
ORD_04635,2025-04-02,CUS_04635,Customer_143,Jaipur,Rajasthan,Home & Kitchen,Mixer Grinder,4,15988.33,15,3634.52,Credit Card
ORD_04636,2025-04-04,CUS_04636,Customer_025,Durgapur,West Bengal,Electronics,Laptop,1,46209.83,10,11097.5,UPI
ORD_04637,2025-04-05,CUS_04637,Customer_083,Mumbai,Maharashtra,Furniture,Bookshelf,4,24692.77,10,4088.17,Net Banking
ORD_04638,2025-04-05,CUS_04638,Customer_080,Mumbai,Maharashtra,Furniture,Bookshelf,3,14937.11,10,2351.89,Debit Card
ORD_04639,2025-04-07,CUS_04639,Customer_029,Delhi,Delhi,Home & Kitchen,Mixer Grinder,1,4842.93,5,666.0,Credit Card
ORD_04640,2025-04-07,CUS_04640,Customer_038,Warangal,Telangana,Home & Kitchen,Bedsheet,5,6291.35,10,1306.84,Net Banking
ORD_04641,2025-04-08,CUS_04641,Customer_075,Ahmedabad,Gujarat,Electronics,Smartwatch,1,5508.77,0,1152.44,UPI
ORD_04642,2025-04-08,CUS_04642,Customer_017,Delhi,Delhi,Electronics,Smartphone,4,106684.43,0,22226.63,Credit Card
ORD_04643,2025-04-08,CUS_04643,Customer_109,Jaipur,Rajasthan,Furniture,Study Table,3,25047.51,5,3885.82,Net Banking
ORD_04644,2025-04-09,CUS_04644,Customer_006,Madurai,Tamil Nadu,Home & Kitchen,Mixer Grinder,1,4134.11,20,437.85,Cash on Delivery
ORD_04645,2025-04-11,CUS_04645,Customer_042,Howrah,West Bengal,Clothing,Sneakers,2,5697.01,0,928.0,Cash on Delivery
ORD_04646,2025-04-11,CUS_04646,Customer_008,Durgapur,West Bengal,Clothing,Jeans,3,6183.3,0,1048.83,Cash on Delivery
ORD_04647,2025-04-12,CUS_04647,Customer_132,Delhi,Delhi,Electronics,Headphones,1,2096.49,5,274.28,Debit Card
ORD_04648,2025-04-14,CUS_04648,Customer_132,Nizamabad,Telangana,Home & Kitchen,Mixer Grinder,1,3374.44,20,437.33,Debit Card
ORD_04649,2025-04-14,CUS_04649,Customer_017,Warangal,Telangana,Home & Kitchen,Cookware Set,2,6159.56,5,1388.82,UPI
ORD_04650,2025-04-16,CUS_04650,Customer_130,Jaipur,Rajasthan,Electronics,Headphones,4,7722.27,15,1592.21,Cash on Delivery
ORD_04651,2025-04-16,CUS_04651,Customer_019,Jaipur,Rajasthan,Home & Kitchen,Bedsheet,5,6190.58,10,909.26,Net Banking
ORD_04652,2025-04-16,CUS_04652,Customer_018,Gurugram,Delhi,Furniture,Office Chair,2,11060.33,20,1320.74,Net Banking
ORD_04653,2025-04-16,CUS_04653,Customer_144,Chennai,Tamil Nadu,Home & Kitchen,Cookware Set,3,10075.27,15,1590.2,Cash on Delivery
ORD_04654,2025-04-17,CUS_04654,Customer_003,Mangaluru,Karnataka,Electronics,Smartphone,5,90534.29,20,22265.04,UPI
ORD_04655,2025-04-17,CUS_04655,Customer_073,Pune,Maharashtra,Electronics,Headphones,3,6793.43,10,1386.87,UPI
ORD_04656,2025-04-18,CUS_04656,Customer_122,Durgapur,West Bengal,Home & Kitchen,Cookware Set,3,9391.86,20,484.73,Cash on Delivery
ORD_04657,2025-04-18,CUS_04657,Customer_060,Coimbatore,Tamil Nadu,Furniture,Bookshelf,3,15986.13,0,3446.19,Net Banking
ORD_04658,2025-04-19,CUS_04658,Customer_116,Hyderabad,Telangana,Electronics,Smartphone,4,93240.6,15,13940.21,Net Banking
ORD_04659,2025-04-19,CUS_04659,Customer_100,Durgapur,West Bengal,Furniture,Sofa,1,20734.68,10,4066.06,Net Banking
ORD_04660,2025-04-22,CUS_04660,Customer_006,Durgapur,West Bengal,Furniture,Sofa,2,46116.42,5,7047.47,Debit Card
ORD_04661,2025-04-22,CUS_04661,Customer_046,Ahmedabad,Gujarat,Clothing,Jeans,1,1293.28,20,171.0,Net Banking
ORD_04662,2025-04-22,CUS_04662,Customer_147,Hyderabad,Telangana,Furniture,Office Chair,2,11954.61,0,1094.77,Net Banking
ORD_04663,2025-04-23,CUS_04663,Customer_084,Pune,Maharashtra,Electronics,Headphones,4,8646.44,10,1463.53,UPI
ORD_04664,2025-04-23,CUS_04664,Customer_101,Chennai,Tamil Nadu,Furniture,Office Chair,2,15145.16,5,2914.75,UPI
ORD_04665,2025-04-23,CUS_04665,Customer_020,Bengaluru,Karnataka,Home & Kitchen,Mixer Grinder,2,7671.54,10,689.68,Cash on Delivery
ORD_04666,2025-04-24,CUS_04666,Customer_058,Mumbai,Maharashtra,Furniture,Study Table,2,15425.44,10,1640.82,Net Banking
ORD_04667,2025-04-24,CUS_04667,Customer_081,Howrah,West Bengal,Furniture,Study Table,5,32977.98,20,7548.53,Net Banking
ORD_04668,2025-04-26,CUS_04668,Customer_099,Surat,Gujarat,Electronics,Smartphone,2,47608.17,0,2879.26,Credit Card
ORD_04669,2025-04-27,CUS_04669,Customer_148,Nagpur,Maharashtra,Electronics,Smartwatch,1,5391.51,0,954.78,Debit Card
ORD_04670,2025-04-28,CUS_04670,Customer_057,Jaipur,Rajasthan,Furniture,Bookshelf,4,17722.76,15,3493.73,Net Banking
ORD_04671,2025-04-30,CUS_04671,Customer_013,Mysuru,Karnataka,Clothing,Jeans,2,3430.53,10,731.27,Net Banking
ORD_04672,2025-05-04,CUS_04672,Customer_052,Jaipur,Rajasthan,Home & Kitchen,Bedsheet,1,1094.55,15,121.77,Credit Card
ORD_04673,2025-05-04,CUS_04673,Customer_148,Bengaluru,Karnataka,Home & Kitchen,Mixer Grinder,2,7248.61,15,1350.66,UPI
ORD_04674,2025-05-05,CUS_04674,Customer_085,Gurugram,Delhi,Clothing,Sneakers,3,6438.13,10,1126.17,Credit Card
ORD_04675,2025-05-06,CUS_04675,Customer_043,Gurugram,Delhi,Furniture,Sofa,2,40513.13,5,9845.65,Credit Card
ORD_04676,2025-05-06,CUS_04676,Customer_149,Hyderabad,Telangana,Clothing,Jeans,1,1586.08,5,281.08,Cash on Delivery
ORD_04677,2025-05-06,CUS_04677,Customer_012,Nagpur,Maharashtra,Clothing,Jacket,2,5499.31,15,480.55,Net Banking
ORD_04678,2025-05-06,CUS_04678,Customer_129,Bengaluru,Karnataka,Furniture,Study Table,4,24924.78,20,2966.4,Credit Card
ORD_04679,2025-05-06,CUS_04679,Customer_128,Noida,Delhi,Electronics,Laptop,3,139780.72,15,21868.55,Net Banking
ORD_04680,2025-05-07,CUS_04680,Customer_047,Jaipur,Rajasthan,Electronics,Smartphone,4,109186.04,0,18502.19,Credit Card
ORD_04681,2025-05-07,CUS_04681,Customer_098,Durgapur,West Bengal,Clothing,Sneakers,2,5162.71,5,396.32,Debit Card
ORD_04682,2025-05-07,CUS_04682,Customer_085,Warangal,Telangana,Home & Kitchen,Cookware Set,1,3148.15,10,430.4,UPI
ORD_04683,2025-05-08,CUS_04683,Customer_058,Kolkata,West Bengal,Clothing,Jacket,2,5246.49,15,695.87,Net Banking
ORD_04684,2025-05-08,CUS_04684,Customer_039,Mumbai,Maharashtra,Home & Kitchen,Air Fryer,5,27533.69,20,2022.1,Credit Card
ORD_04685,2025-05-08,CUS_04685,Customer_052,Madurai,Tamil Nadu,Home & Kitchen,Air Fryer,2,11742.45,10,1405.96,Credit Card
ORD_04686,2025-05-11,CUS_04686,Customer_101,Mumbai,Maharashtra,Home & Kitchen,Air Fryer,5,31264.79,10,5072.67,UPI
ORD_04687,2025-05-12,CUS_04687,Customer_063,Vadodara,Gujarat,Clothing,Jeans,2,3637.21,0,473.39,UPI
ORD_04688,2025-05-12,CUS_04688,Customer_054,Delhi,Delhi,Furniture,Bookshelf,5,29178.14,5,6533.6,Cash on Delivery
ORD_04689,2025-05-13,CUS_04689,Customer_001,Nagpur,Maharashtra,Furniture,Study Table,2,15064.89,15,3250.65,Cash on Delivery
ORD_04690,2025-05-13,CUS_04690,Customer_126,Udaipur,Rajasthan,Electronics,Laptop,3,166356.28,0,35698.68,Debit Card
ORD_04691,2025-05-14,CUS_04691,Customer_031,Surat,Gujarat,Home & Kitchen,Air Fryer,5,22185.77,20,2279.29,Debit Card
ORD_04692,2025-05-16,CUS_04692,Customer_027,Nizamabad,Telangana,Furniture,Study Table,1,6126.31,20,885.24,Debit Card
ORD_04693,2025-05-16,CUS_04693,Customer_026,Gurugram,Delhi,Clothing,Jeans,3,5412.02,5,534.87,UPI
ORD_04694,2025-05-16,CUS_04694,Customer_073,Nizamabad,Telangana,Electronics,Smartphone,4,87569.75,0,14812.44,UPI
ORD_04695,2025-05-17,CUS_04695,Customer_078,Delhi,Delhi,Electronics,Headphones,3,7159.95,0,1576.23,Credit Card
ORD_04696,2025-05-17,CUS_04696,Customer_107,Nagpur,Maharashtra,Furniture,Bookshelf,3,14545.74,15,2391.06,UPI
ORD_04697,2025-05-18,CUS_04697,Customer_100,Jaipur,Rajasthan,Furniture,Study Table,5,41199.38,5,2219.23,Debit Card
ORD_04698,2025-05-18,CUS_04698,Customer_011,Mysuru,Karnataka,Electronics,Headphones,5,8787.14,20,1567.58,UPI
ORD_04699,2025-05-19,CUS_04699,Customer_009,Ahmedabad,Gujarat,Home & Kitchen,Mixer Grinder,3,12495.92,5,2397.52,Credit Card
ORD_04700,2025-05-19,CUS_04700,Customer_115,Ahmedabad,Gujarat,Electronics,Smartwatch,3,15111.31,0,1610.26,UPI
ORD_04701,2025-05-19,CUS_04701,Customer_063,Jaipur,Rajasthan,Electronics,Laptop,1,50568.23,15,5496.65,Debit Card
ORD_04702,2025-05-21,CUS_04702,Customer_073,Udaipur,Rajasthan,Furniture,Bookshelf,5,33255.22,0,1868.0,Cash on Delivery
ORD_04703,2025-05-21,CUS_04703,Customer_098,Ahmedabad,Gujarat,Clothing,Jacket,2,6474.17,5,546.02,UPI
ORD_04704,2025-05-24,CUS_04704,Customer_026,Ahmedabad,Gujarat,Clothing,T-Shirt,3,2143.32,20,376.55,UPI
ORD_04705,2025-05-24,CUS_04705,Customer_052,Jodhpur,Rajasthan,Electronics,Smartwatch,4,17521.31,10,3109.79,Net Banking
ORD_04706,2025-05-24,CUS_04706,Customer_098,Noida,Delhi,Electronics,Laptop,2,115418.2,0,21214.38,Debit Card
ORD_04707,2025-05-24,CUS_04707,Customer_090,Chennai,Tamil Nadu,Furniture,Study Table,3,23269.07,0,1208.53,UPI
ORD_04708,2025-05-24,CUS_04708,Customer_096,Warangal,Telangana,Clothing,Sneakers,2,4656.45,15,852.47,Net Banking
ORD_04709,2025-05-25,CUS_04709,Customer_070,Howrah,West Bengal,Electronics,Laptop,4,213731.37,0,39011.16,Debit Card
ORD_04710,2025-05-25,CUS_04710,Customer_083,Delhi,Delhi,Clothing,T-Shirt,3,2195.92,20,428.7,Net Banking
ORD_04711,2025-05-26,CUS_04711,Customer_075,Jaipur,Rajasthan,Electronics,Smartphone,2,41195.21,5,5697.55,Cash on Delivery
ORD_04712,2025-05-27,CUS_04712,Customer_122,Pune,Maharashtra,Clothing,Jeans,4,5322.99,20,776.39,Cash on Delivery
ORD_04713,2025-05-27,CUS_04713,Customer_099,Chennai,Tamil Nadu,Furniture,Office Chair,4,25640.7,10,2249.75,Debit Card
ORD_04714,2025-05-28,CUS_04714,Customer_150,Surat,Gujarat,Home & Kitchen,Cookware Set,2,6379.41,15,771.81,Net Banking
ORD_04715,2025-05-29,CUS_04715,Customer_079,Ahmedabad,Gujarat,Furniture,Bookshelf,2,8545.35,20,460.07,Credit Card
ORD_04716,2025-05-31,CUS_04716,Customer_101,Hyderabad,Telangana,Furniture,Sofa,4,69345.24,20,12155.62,Credit Card
ORD_04717,2025-05-31,CUS_04717,Customer_053,Nagpur,Maharashtra,Home & Kitchen,Mixer Grinder,5,21104.17,0,3392.3,UPI
ORD_04718,2025-06-02,CUS_04718,Customer_143,Nizamabad,Telangana,Home & Kitchen,Cookware Set,3,10890.92,0,2172.98,UPI
ORD_04719,2025-06-02,CUS_04719,Customer_023,Mangaluru,Karnataka,Home & Kitchen,Mixer Grinder,1,3606.75,15,500.12,Net Banking
ORD_04720,2025-06-02,CUS_04720,Customer_037,Kolkata,West Bengal,Furniture,Office Chair,3,19754.35,5,2158.39,UPI
ORD_04721,2025-06-02,CUS_04721,Customer_061,Bengaluru,Karnataka,Home & Kitchen,Mixer Grinder,5,21809.64,10,4039.69,Cash on Delivery
ORD_04722,2025-06-03,CUS_04722,Customer_014,Howrah,West Bengal,Clothing,Jacket,3,10256.03,0,1377.27,UPI
ORD_04723,2025-06-05,CUS_04723,Customer_073,Durgapur,West Bengal,Home & Kitchen,Air Fryer,1,6364.16,0,499.27,Debit Card
ORD_04724,2025-06-09,CUS_04724,Customer_059,Chennai,Tamil Nadu,Electronics,Headphones,3,5851.34,20,1102.9,UPI
ORD_04725,2025-06-09,CUS_04725,Customer_127,Nagpur,Maharashtra,Electronics,Laptop,4,187022.26,10,22343.3,Debit Card
ORD_04726,2025-06-09,CUS_04726,Customer_138,Vadodara,Gujarat,Electronics,Headphones,5,12504.97,10,2823.8,Debit Card
ORD_04727,2025-06-09,CUS_04727,Customer_128,Mumbai,Maharashtra,Home & Kitchen,Mixer Grinder,5,19213.57,5,1062.55,Debit Card
ORD_04728,2025-06-10,CUS_04728,Customer_108,Surat,Gujarat,Furniture,Office Chair,3,15115.38,20,2210.88,UPI
ORD_04729,2025-06-10,CUS_04729,Customer_003,Jaipur,Rajasthan,Furniture,Study Table,5,38320.04,15,4373.41,Credit Card
ORD_04730,2025-06-10,CUS_04730,Customer_032,Delhi,Delhi,Furniture,Office Chair,4,27586.21,5,5726.36,Net Banking
ORD_04731,2025-06-10,CUS_04731,Customer_021,Madurai,Tamil Nadu,Furniture,Office Chair,2,14185.78,5,1225.15,Cash on Delivery
ORD_04732,2025-06-10,CUS_04732,Customer_054,Surat,Gujarat,Furniture,Office Chair,2,10142.99,15,974.24,Credit Card
ORD_04733,2025-06-11,CUS_04733,Customer_115,Ahmedabad,Gujarat,Furniture,Bookshelf,2,12705.29,5,1535.49,UPI
ORD_04734,2025-06-11,CUS_04734,Customer_119,Howrah,West Bengal,Electronics,Laptop,3,157811.66,5,10316.53,Credit Card
ORD_04735,2025-06-12,CUS_04735,Customer_091,Madurai,Tamil Nadu,Electronics,Headphones,3,7780.5,5,397.92,Net Banking
ORD_04736,2025-06-12,CUS_04736,Customer_015,Coimbatore,Tamil Nadu,Clothing,Jacket,5,13929.92,10,851.41,Cash on Delivery
ORD_04737,2025-06-14,CUS_04737,Customer_019,Madurai,Tamil Nadu,Electronics,Laptop,3,183825.58,0,38328.42,Net Banking
ORD_04738,2025-06-14,CUS_04738,Customer_017,Mysuru,Karnataka,Furniture,Sofa,5,120396.8,0,12618.91,UPI
ORD_04739,2025-06-16,CUS_04739,Customer_047,Noida,Delhi,Furniture,Sofa,1,18579.14,20,1196.91,Cash on Delivery
ORD_04740,2025-06-16,CUS_04740,Customer_073,Madurai,Tamil Nadu,Home & Kitchen,Bedsheet,1,1088.56,10,202.54,Credit Card
ORD_04741,2025-06-17,CUS_04741,Customer_121,Surat,Gujarat,Electronics,Headphones,4,8141.55,20,1737.62,Debit Card
ORD_04742,2025-06-19,CUS_04742,Customer_037,Pune,Maharashtra,Clothing,T-Shirt,5,3372.38,20,732.13,Cash on Delivery
ORD_04743,2025-06-21,CUS_04743,Customer_108,Delhi,Delhi,Electronics,Headphones,2,4445.57,10,950.55,Debit Card
ORD_04744,2025-06-22,CUS_04744,Customer_082,Jodhpur,Rajasthan,Home & Kitchen,Air Fryer,5,23778.57,20,5156.64,Cash on Delivery
ORD_04745,2025-06-23,CUS_04745,Customer_032,Gurugram,Delhi,Furniture,Sofa,2,38667.18,15,3794.74,UPI
ORD_04746,2025-06-24,CUS_04746,Customer_120,Vadodara,Gujarat,Electronics,Laptop,2,75916.5,20,9681.61,Net Banking
ORD_04747,2025-06-24,CUS_04747,Customer_107,Nizamabad,Telangana,Home & Kitchen,Mixer Grinder,1,3442.93,15,433.37,Net Banking
ORD_04748,2025-06-24,CUS_04748,Customer_069,Nizamabad,Telangana,Home & Kitchen,Bedsheet,2,2754.0,10,481.32,UPI
ORD_04749,2025-06-25,CUS_04749,Customer_089,Noida,Delhi,Furniture,Sofa,2,50592.26,0,11296.63,Net Banking
ORD_04750,2025-06-25,CUS_04750,Customer_038,Jaipur,Rajasthan,Furniture,Study Table,2,19339.23,0,3197.56,Debit Card
ORD_04751,2025-06-25,CUS_04751,Customer_115,Jodhpur,Rajasthan,Electronics,Smartphone,2,37754.26,20,7407.56,Credit Card
ORD_04752,2025-06-26,CUS_04752,Customer_076,Warangal,Telangana,Home & Kitchen,Mixer Grinder,1,4397.06,10,1045.53,Debit Card
ORD_04753,2025-06-26,CUS_04753,Customer_019,Bengaluru,Karnataka,Furniture,Office Chair,1,7011.03,0,799.33,Cash on Delivery
ORD_04754,2025-06-29,CUS_04754,Customer_025,Jodhpur,Rajasthan,Clothing,Jeans,3,4790.33,10,270.99,Net Banking
ORD_04755,2025-06-30,CUS_04755,Customer_027,Ahmedabad,Gujarat,Home & Kitchen,Air Fryer,4,24184.57,0,3730.69,Credit Card
ORD_04756,2025-06-30,CUS_04756,Customer_011,Madurai,Tamil Nadu,Furniture,Office Chair,2,13912.39,10,2304.72,Cash on Delivery
ORD_04757,2025-06-30,CUS_04757,Customer_093,Bengaluru,Karnataka,Clothing,Jacket,2,6364.96,5,1581.62,Debit Card
ORD_04758,2025-06-30,CUS_04758,Customer_034,Nizamabad,Telangana,Electronics,Smartwatch,2,10280.63,5,2209.9,Cash on Delivery
ORD_04759,2025-07-01,CUS_04759,Customer_027,Madurai,Tamil Nadu,Furniture,Bookshelf,2,10100.66,20,777.91,Credit Card
ORD_04760,2025-07-01,CUS_04760,Customer_041,Coimbatore,Tamil Nadu,Clothing,Jacket,2,7859.72,0,404.04,Cash on Delivery
ORD_04761,2025-07-02,CUS_04761,Customer_094,Ahmedabad,Gujarat,Home & Kitchen,Cookware Set,2,6320.71,15,969.94,UPI
ORD_04762,2025-07-02,CUS_04762,Customer_146,Ahmedabad,Gujarat,Electronics,Smartwatch,4,17042.84,5,2005.15,UPI
ORD_04763,2025-07-03,CUS_04763,Customer_147,Durgapur,West Bengal,Furniture,Bookshelf,3,16866.28,10,2905.94,Cash on Delivery
ORD_04764,2025-07-03,CUS_04764,Customer_104,Mumbai,Maharashtra,Electronics,Smartwatch,4,21793.62,5,2301.97,Debit Card
ORD_04765,2025-07-03,CUS_04765,Customer_097,Udaipur,Rajasthan,Furniture,Bookshelf,3,13696.6,15,2692.21,Debit Card
ORD_04766,2025-07-03,CUS_04766,Customer_137,Chennai,Tamil Nadu,Furniture,Study Table,1,9667.02,5,2278.77,Cash on Delivery
ORD_04767,2025-07-05,CUS_04767,Customer_080,Kolkata,West Bengal,Clothing,Jacket,4,12638.21,10,795.84,Cash on Delivery
ORD_04768,2025-07-06,CUS_04768,Customer_056,Durgapur,West Bengal,Clothing,T-Shirt,4,2946.99,5,609.3,Net Banking
ORD_04769,2025-07-07,CUS_04769,Customer_122,Gurugram,Delhi,Clothing,Jeans,1,1716.38,15,89.23,Credit Card
ORD_04770,2025-07-07,CUS_04770,Customer_003,Pune,Maharashtra,Furniture,Sofa,4,76992.85,10,9220.98,Net Banking
ORD_04771,2025-07-07,CUS_04771,Customer_004,Warangal,Telangana,Clothing,Jeans,5,7552.17,20,421.52,UPI
ORD_04772,2025-07-08,CUS_04772,Customer_032,Coimbatore,Tamil Nadu,Home & Kitchen,Cookware Set,1,3459.23,0,521.65,Credit Card
ORD_04773,2025-07-09,CUS_04773,Customer_015,Pune,Maharashtra,Electronics,Smartwatch,1,4218.16,10,548.24,Debit Card
ORD_04774,2025-07-10,CUS_04774,Customer_143,Nizamabad,Telangana,Clothing,Sneakers,3,8889.26,0,827.64,Net Banking
ORD_04775,2025-07-10,CUS_04775,Customer_100,Hyderabad,Telangana,Clothing,Jacket,1,2660.57,20,504.16,Debit Card
ORD_04776,2025-07-10,CUS_04776,Customer_116,Delhi,Delhi,Home & Kitchen,Mixer Grinder,1,4114.11,10,1012.34,Net Banking
ORD_04777,2025-07-11,CUS_04777,Customer_101,Bengaluru,Karnataka,Home & Kitchen,Bedsheet,1,1527.46,0,243.77,Debit Card
ORD_04778,2025-07-11,CUS_04778,Customer_061,Madurai,Tamil Nadu,Furniture,Sofa,3,61023.22,5,7039.57,Net Banking
ORD_04779,2025-07-12,CUS_04779,Customer_012,Howrah,West Bengal,Home & Kitchen,Bedsheet,4,4386.57,10,365.29,Credit Card
ORD_04780,2025-07-12,CUS_04780,Customer_053,Gurugram,Delhi,Electronics,Laptop,2,116904.4,5,17718.15,UPI
ORD_04781,2025-07-14,CUS_04781,Customer_130,Bengaluru,Karnataka,Home & Kitchen,Cookware Set,2,6289.85,20,744.49,Cash on Delivery
ORD_04782,2025-07-14,CUS_04782,Customer_015,Hyderabad,Telangana,Home & Kitchen,Air Fryer,4,24355.02,10,1553.89,Debit Card
ORD_04783,2025-07-15,CUS_04783,Customer_041,Hyderabad,Telangana,Furniture,Bookshelf,5,25357.63,10,4971.34,Debit Card
ORD_04784,2025-07-15,CUS_04784,Customer_007,Bengaluru,Karnataka,Furniture,Sofa,4,88325.2,5,7363.85,Net Banking
ORD_04785,2025-07-16,CUS_04785,Customer_114,Mangaluru,Karnataka,Furniture,Office Chair,1,6222.47,5,702.92,Net Banking
ORD_04786,2025-07-16,CUS_04786,Customer_147,Nagpur,Maharashtra,Furniture,Bookshelf,4,21287.0,10,2683.95,Debit Card
ORD_04787,2025-07-16,CUS_04787,Customer_068,Delhi,Delhi,Electronics,Smartphone,1,21435.96,5,3985.16,Debit Card
ORD_04788,2025-07-17,CUS_04788,Customer_096,Jaipur,Rajasthan,Clothing,Sneakers,1,3005.47,5,569.36,UPI
ORD_04789,2025-07-17,CUS_04789,Customer_118,Jaipur,Rajasthan,Clothing,Sneakers,3,7188.17,20,1450.62,UPI
ORD_04790,2025-07-17,CUS_04790,Customer_134,Surat,Gujarat,Electronics,Headphones,1,2061.01,20,231.58,Debit Card
ORD_04791,2025-07-20,CUS_04791,Customer_073,Mangaluru,Karnataka,Home & Kitchen,Air Fryer,1,5194.33,20,420.4,UPI
ORD_04792,2025-07-20,CUS_04792,Customer_135,Gurugram,Delhi,Clothing,T-Shirt,3,2237.23,5,163.71,Cash on Delivery
ORD_04793,2025-07-21,CUS_04793,Customer_028,Jaipur,Rajasthan,Furniture,Study Table,3,26167.03,0,5167.49,UPI
ORD_04794,2025-07-21,CUS_04794,Customer_023,Bengaluru,Karnataka,Home & Kitchen,Bedsheet,1,1233.91,10,293.31,Debit Card
ORD_04795,2025-07-22,CUS_04795,Customer_079,Madurai,Tamil Nadu,Home & Kitchen,Air Fryer,1,5833.76,10,1249.43,Credit Card
ORD_04796,2025-07-25,CUS_04796,Customer_071,Mysuru,Karnataka,Clothing,Jacket,2,6305.78,15,338.0,UPI
ORD_04797,2025-07-26,CUS_04797,Customer_043,Jaipur,Rajasthan,Electronics,Smartphone,2,42787.17,0,7356.8,Cash on Delivery
ORD_04798,2025-07-27,CUS_04798,Customer_031,Gurugram,Delhi,Clothing,Jeans,3,4253.02,20,1039.04,Credit Card
ORD_04799,2025-07-28,CUS_04799,Customer_038,Delhi,Delhi,Clothing,T-Shirt,1,857.85,5,165.57,Credit Card
ORD_04800,2025-07-29,CUS_04800,Customer_013,Mangaluru,Karnataka,Home & Kitchen,Cookware Set,3,8576.42,15,1902.18,Net Banking
ORD_04801,2025-07-29,CUS_04801,Customer_104,Mysuru,Karnataka,Furniture,Sofa,2,42418.52,15,9856.81,UPI
ORD_04802,2025-07-30,CUS_04802,Customer_099,Chennai,Tamil Nadu,Furniture,Study Table,5,43020.26,5,8677.2,Cash on Delivery
ORD_04803,2025-08-02,CUS_04803,Customer_104,Surat,Gujarat,Furniture,Bookshelf,1,5307.99,15,704.72,Credit Card
ORD_04804,2025-08-02,CUS_04804,Customer_063,Surat,Gujarat,Clothing,T-Shirt,4,3327.34,0,299.81,Net Banking
ORD_04805,2025-08-02,CUS_04805,Customer_116,Ahmedabad,Gujarat,Furniture,Study Table,3,25721.07,0,5726.21,Net Banking
ORD_04806,2025-08-03,CUS_04806,Customer_144,Durgapur,West Bengal,Clothing,Sneakers,1,2137.16,20,174.68,Debit Card
ORD_04807,2025-08-03,CUS_04807,Customer_141,Delhi,Delhi,Home & Kitchen,Cookware Set,4,14147.29,0,1555.06,Debit Card
ORD_04808,2025-08-03,CUS_04808,Customer_035,Noida,Delhi,Clothing,Sneakers,5,11581.75,5,669.34,UPI
ORD_04809,2025-08-03,CUS_04809,Customer_136,Coimbatore,Tamil Nadu,Home & Kitchen,Cookware Set,2,6325.05,15,1408.46,Debit Card
ORD_04810,2025-08-06,CUS_04810,Customer_057,Hyderabad,Telangana,Clothing,Jeans,5,9398.1,5,558.14,UPI
ORD_04811,2025-08-06,CUS_04811,Customer_081,Delhi,Delhi,Clothing,Jeans,4,6916.13,10,605.74,Credit Card
ORD_04812,2025-08-06,CUS_04812,Customer_068,Ahmedabad,Gujarat,Clothing,T-Shirt,1,653.88,15,139.76,Credit Card
ORD_04813,2025-08-07,CUS_04813,Customer_039,Gurugram,Delhi,Home & Kitchen,Cookware Set,4,13497.93,5,2304.47,Net Banking
ORD_04814,2025-08-08,CUS_04814,Customer_028,Hyderabad,Telangana,Home & Kitchen,Cookware Set,4,13885.92,5,1331.37,Net Banking
ORD_04815,2025-08-08,CUS_04815,Customer_086,Chennai,Tamil Nadu,Clothing,Sneakers,1,2706.02,15,159.44,Debit Card
ORD_04816,2025-08-08,CUS_04816,Customer_125,Gurugram,Delhi,Furniture,Bookshelf,4,20905.74,5,4346.27,Credit Card
ORD_04817,2025-08-09,CUS_04817,Customer_062,Howrah,West Bengal,Home & Kitchen,Cookware Set,5,15814.69,5,1402.56,Cash on Delivery
ORD_04818,2025-08-11,CUS_04818,Customer_036,Vadodara,Gujarat,Furniture,Study Table,1,7079.97,10,379.83,Credit Card
ORD_04819,2025-08-11,CUS_04819,Customer_102,Jaipur,Rajasthan,Clothing,T-Shirt,5,4563.8,5,379.67,Debit Card
ORD_04820,2025-08-12,CUS_04820,Customer_130,Hyderabad,Telangana,Clothing,Jacket,4,14199.14,0,1471.53,Credit Card
ORD_04821,2025-08-12,CUS_04821,Customer_039,Howrah,West Bengal,Clothing,Jacket,2,6134.18,20,929.29,Net Banking
ORD_04822,2025-08-16,CUS_04822,Customer_110,Durgapur,West Bengal,Home & Kitchen,Air Fryer,1,5912.14,20,753.91,Debit Card
ORD_04823,2025-08-17,CUS_04823,Customer_014,Jaipur,Rajasthan,Home & Kitchen,Air Fryer,5,27970.92,10,3715.26,Net Banking
ORD_04824,2025-08-17,CUS_04824,Customer_128,Jodhpur,Rajasthan,Clothing,Jacket,5,13062.14,15,2315.37,Credit Card
ORD_04825,2025-08-17,CUS_04825,Customer_090,Pune,Maharashtra,Furniture,Bookshelf,1,5236.09,10,721.5,Credit Card
ORD_04826,2025-08-21,CUS_04826,Customer_118,Ahmedabad,Gujarat,Home & Kitchen,Bedsheet,1,1385.32,0,203.67,Net Banking
ORD_04827,2025-08-21,CUS_04827,Customer_070,Pune,Maharashtra,Clothing,Jeans,3,5685.16,0,1048.41,Debit Card
ORD_04828,2025-08-22,CUS_04828,Customer_107,Howrah,West Bengal,Home & Kitchen,Bedsheet,3,3392.17,20,430.27,Debit Card
ORD_04829,2025-08-22,CUS_04829,Customer_123,Howrah,West Bengal,Furniture,Office Chair,5,34116.27,15,8509.84,Net Banking
ORD_04830,2025-08-24,CUS_04830,Customer_040,Nizamabad,Telangana,Electronics,Smartwatch,3,17183.87,0,4185.17,Debit Card
ORD_04831,2025-08-25,CUS_04831,Customer_131,Jaipur,Rajasthan,Electronics,Smartwatch,3,11377.68,15,945.04,Credit Card
ORD_04832,2025-08-25,CUS_04832,Customer_040,Pune,Maharashtra,Home & Kitchen,Air Fryer,1,6470.32,0,671.2,UPI
ORD_04833,2025-08-25,CUS_04833,Customer_073,Delhi,Delhi,Home & Kitchen,Air Fryer,1,5923.69,10,1430.67,Credit Card
ORD_04834,2025-08-25,CUS_04834,Customer_035,Coimbatore,Tamil Nadu,Electronics,Laptop,5,245493.12,10,21902.78,Cash on Delivery
ORD_04835,2025-08-26,CUS_04835,Customer_054,Delhi,Delhi,Furniture,Office Chair,4,28893.52,0,4948.03,Net Banking
ORD_04836,2025-08-27,CUS_04836,Customer_001,Howrah,West Bengal,Clothing,Jacket,1,3697.92,0,313.06,Credit Card
ORD_04837,2025-08-27,CUS_04837,Customer_036,Hyderabad,Telangana,Clothing,Jacket,3,9532.25,20,1398.87,Cash on Delivery
ORD_04838,2025-08-27,CUS_04838,Customer_045,Warangal,Telangana,Furniture,Office Chair,4,28080.16,10,2590.29,Debit Card
ORD_04839,2025-08-27,CUS_04839,Customer_038,Nagpur,Maharashtra,Furniture,Bookshelf,2,13650.59,0,1424.97,Debit Card
ORD_04840,2025-08-29,CUS_04840,Customer_102,Ahmedabad,Gujarat,Electronics,Smartwatch,4,18713.66,10,3776.44,UPI
ORD_04841,2025-08-29,CUS_04841,Customer_020,Noida,Delhi,Clothing,Sneakers,5,12142.94,0,1865.79,Net Banking
ORD_04842,2025-08-30,CUS_04842,Customer_030,Howrah,West Bengal,Furniture,Bookshelf,5,29469.7,5,1961.2,Debit Card
ORD_04843,2025-09-03,CUS_04843,Customer_150,Gurugram,Delhi,Home & Kitchen,Mixer Grinder,2,7723.19,15,1181.54,UPI
ORD_04844,2025-09-05,CUS_04844,Customer_009,Ahmedabad,Gujarat,Clothing,T-Shirt,5,3579.36,20,179.29,Debit Card
ORD_04845,2025-09-07,CUS_04845,Customer_138,Noida,Delhi,Furniture,Office Chair,2,11589.26,20,2634.66,Debit Card
ORD_04846,2025-09-08,CUS_04846,Customer_011,Howrah,West Bengal,Home & Kitchen,Cookware Set,3,10121.19,15,1279.83,Credit Card
ORD_04847,2025-09-11,CUS_04847,Customer_084,Coimbatore,Tamil Nadu,Home & Kitchen,Mixer Grinder,4,13391.2,15,3076.1,Debit Card
ORD_04848,2025-09-15,CUS_04848,Customer_085,Jaipur,Rajasthan,Home & Kitchen,Bedsheet,1,1566.05,0,89.27,Net Banking
ORD_04849,2025-09-17,CUS_04849,Customer_052,Mysuru,Karnataka,Clothing,Sneakers,3,8946.52,5,746.2,Debit Card
ORD_04850,2025-09-19,CUS_04850,Customer_033,Warangal,Telangana,Electronics,Headphones,2,4851.63,5,770.22,Debit Card
ORD_04851,2025-09-19,CUS_04851,Customer_055,Nagpur,Maharashtra,Electronics,Laptop,1,44022.48,15,4663.77,Debit Card
ORD_04852,2025-09-20,CUS_04852,Customer_084,Nagpur,Maharashtra,Electronics,Headphones,1,2422.96,5,565.88,UPI
ORD_04853,2025-09-20,CUS_04853,Customer_130,Udaipur,Rajasthan,Home & Kitchen,Cookware Set,2,5339.45,15,862.66,Debit Card
ORD_04854,2025-09-21,CUS_04854,Customer_045,Hyderabad,Telangana,Furniture,Bookshelf,3,14894.51,10,1526.22,Cash on Delivery
ORD_04855,2025-09-22,CUS_04855,Customer_030,Mangaluru,Karnataka,Electronics,Smartwatch,3,13341.91,20,2109.89,UPI
ORD_04856,2025-09-23,CUS_04856,Customer_071,Coimbatore,Tamil Nadu,Electronics,Laptop,2,116750.3,0,10611.21,Credit Card
ORD_04857,2025-09-23,CUS_04857,Customer_032,Mumbai,Maharashtra,Home & Kitchen,Air Fryer,3,17882.29,20,3290.05,UPI
ORD_04858,2025-09-24,CUS_04858,Customer_149,Coimbatore,Tamil Nadu,Clothing,T-Shirt,3,2131.36,10,211.15,Debit Card
ORD_04859,2025-09-24,CUS_04859,Customer_136,Vadodara,Gujarat,Clothing,Jeans,3,5715.87,0,1374.84,Debit Card
ORD_04860,2025-09-24,CUS_04860,Customer_013,Howrah,West Bengal,Home & Kitchen,Cookware Set,5,16832.71,5,1874.84,Debit Card
ORD_04861,2025-09-24,CUS_04861,Customer_130,Madurai,Tamil Nadu,Clothing,Jacket,3,10167.84,5,1443.43,Credit Card
ORD_04862,2025-09-26,CUS_04862,Customer_082,Jaipur,Rajasthan,Furniture,Bookshelf,5,25940.03,20,4970.74,Debit Card
ORD_04863,2025-09-26,CUS_04863,Customer_058,Pune,Maharashtra,Clothing,T-Shirt,3,2569.87,5,597.72,Cash on Delivery
ORD_04864,2025-09-26,CUS_04864,Customer_110,Vadodara,Gujarat,Furniture,Office Chair,1,6001.27,15,855.92,Debit Card
ORD_04865,2025-09-30,CUS_04865,Customer_129,Jodhpur,Rajasthan,Furniture,Office Chair,4,26962.85,0,2168.08,Credit Card
ORD_04866,2025-09-30,CUS_04866,Customer_103,Mangaluru,Karnataka,Electronics,Smartphone,4,104819.66,5,16193.27,Debit Card
ORD_04867,2025-09-30,CUS_04867,Customer_092,Madurai,Tamil Nadu,Clothing,Sneakers,5,12648.11,10,655.31,Debit Card
ORD_04868,2025-10-04,CUS_04868,Customer_150,Pune,Maharashtra,Clothing,Sneakers,3,7700.81,20,1823.08,Cash on Delivery
ORD_04869,2025-10-04,CUS_04869,Customer_126,Warangal,Telangana,Electronics,Smartphone,3,79202.53,5,6089.65,Cash on Delivery
ORD_04870,2025-10-04,CUS_04870,Customer_051,Ahmedabad,Gujarat,Clothing,Sneakers,3,8016.48,5,1365.9,Net Banking
ORD_04871,2025-10-05,CUS_04871,Customer_069,Warangal,Telangana,Furniture,Sofa,1,18445.84,20,3276.98,Net Banking
ORD_04872,2025-10-06,CUS_04872,Customer_013,Gurugram,Delhi,Home & Kitchen,Bedsheet,2,2072.01,20,202.48,UPI
ORD_04873,2025-10-07,CUS_04873,Customer_029,Delhi,Delhi,Home & Kitchen,Cookware Set,3,9118.88,20,640.83,Credit Card
ORD_04874,2025-10-07,CUS_04874,Customer_038,Howrah,West Bengal,Home & Kitchen,Cookware Set,4,11015.63,10,1084.29,Net Banking
ORD_04875,2025-10-08,CUS_04875,Customer_064,Delhi,Delhi,Clothing,Jacket,1,3146.19,5,291.4,Cash on Delivery
ORD_04876,2025-10-09,CUS_04876,Customer_117,Gurugram,Delhi,Electronics,Smartwatch,3,12575.49,15,1297.84,Cash on Delivery
ORD_04877,2025-10-09,CUS_04877,Customer_008,Mumbai,Maharashtra,Home & Kitchen,Air Fryer,1,6364.91,10,1588.45,UPI
ORD_04878,2025-10-10,CUS_04878,Customer_129,Coimbatore,Tamil Nadu,Furniture,Bookshelf,2,10639.52,0,1208.66,UPI
ORD_04879,2025-10-10,CUS_04879,Customer_137,Noida,Delhi,Furniture,Sofa,1,15493.93,20,1464.41,Credit Card
ORD_04880,2025-10-11,CUS_04880,Customer_134,Nizamabad,Telangana,Clothing,Jacket,4,12643.78,20,1379.77,Cash on Delivery
ORD_04881,2025-10-11,CUS_04881,Customer_025,Vadodara,Gujarat,Home & Kitchen,Mixer Grinder,3,12412.4,15,2361.18,UPI
ORD_04882,2025-10-11,CUS_04882,Customer_038,Jodhpur,Rajasthan,Electronics,Laptop,1,50314.85,0,9853.39,Net Banking
ORD_04883,2025-10-15,CUS_04883,Customer_113,Ahmedabad,Gujarat,Furniture,Office Chair,3,16643.69,15,1593.28,Credit Card
ORD_04884,2025-10-16,CUS_04884,Customer_068,Warangal,Telangana,Electronics,Headphones,1,2022.36,5,297.53,Net Banking
ORD_04885,2025-10-17,CUS_04885,Customer_044,Pune,Maharashtra,Electronics,Smartwatch,3,13653.53,5,778.09,Net Banking
ORD_04886,2025-10-17,CUS_04886,Customer_019,Madurai,Tamil Nadu,Electronics,Smartwatch,3,12291.28,15,2911.65,Net Banking
ORD_04887,2025-10-18,CUS_04887,Customer_048,Kolkata,West Bengal,Clothing,Sneakers,3,7243.45,10,950.36,Credit Card
ORD_04888,2025-10-19,CUS_04888,Customer_120,Mangaluru,Karnataka,Clothing,Sneakers,4,9856.59,10,2081.02,Net Banking
ORD_04889,2025-10-19,CUS_04889,Customer_049,Vadodara,Gujarat,Home & Kitchen,Bedsheet,4,6270.15,0,1537.43,Cash on Delivery
ORD_04890,2025-10-20,CUS_04890,Customer_048,Pune,Maharashtra,Furniture,Sofa,5,120354.29,0,15169.35,Cash on Delivery
ORD_04891,2025-10-20,CUS_04891,Customer_066,Warangal,Telangana,Home & Kitchen,Cookware Set,3,10391.05,5,1354.76,UPI
ORD_04892,2025-10-20,CUS_04892,Customer_133,Gurugram,Delhi,Home & Kitchen,Bedsheet,3,4032.8,15,942.67,Credit Card
ORD_04893,2025-10-21,CUS_04893,Customer_075,Mumbai,Maharashtra,Electronics,Smartphone,1,18790.95,15,2959.18,Credit Card
ORD_04894,2025-10-24,CUS_04894,Customer_081,Udaipur,Rajasthan,Furniture,Bookshelf,3,17495.65,15,2009.71,Debit Card
ORD_04895,2025-10-24,CUS_04895,Customer_127,Udaipur,Rajasthan,Clothing,Sneakers,4,10951.14,5,1600.85,Cash on Delivery
ORD_04896,2025-10-26,CUS_04896,Customer_107,Pune,Maharashtra,Home & Kitchen,Bedsheet,3,3593.98,20,858.03,Net Banking
ORD_04897,2025-10-29,CUS_04897,Customer_011,Howrah,West Bengal,Furniture,Sofa,2,39826.77,5,8597.12,Net Banking
ORD_04898,2025-10-29,CUS_04898,Customer_035,Surat,Gujarat,Furniture,Office Chair,1,7111.98,10,1693.62,Credit Card
ORD_04899,2025-10-29,CUS_04899,Customer_001,Gurugram,Delhi,Furniture,Office Chair,3,22489.6,0,5287.61,Net Banking
ORD_04900,2025-10-30,CUS_04900,Customer_045,Delhi,Delhi,Home & Kitchen,Cookware Set,3,10993.72,0,2250.36,Debit Card
ORD_04901,2025-10-30,CUS_04901,Customer_109,Hyderabad,Telangana,Electronics,Laptop,2,118373.36,5,26792.4,Cash on Delivery
ORD_04902,2025-10-30,CUS_04902,Customer_061,Jaipur,Rajasthan,Electronics,Smartwatch,1,4356.12,5,228.4,Net Banking
ORD_04903,2025-10-30,CUS_04903,Customer_086,Noida,Delhi,Home & Kitchen,Air Fryer,5,27529.6,10,6236.74,Cash on Delivery
ORD_04904,2025-10-31,CUS_04904,Customer_061,Mysuru,Karnataka,Home & Kitchen,Air Fryer,3,21224.65,0,3510.15,Debit Card
ORD_04905,2025-11-01,CUS_04905,Customer_126,Hyderabad,Telangana,Electronics,Headphones,4,9043.34,5,1620.25,UPI
ORD_04906,2025-11-01,CUS_04906,Customer_037,Kolkata,West Bengal,Home & Kitchen,Cookware Set,2,6566.33,0,849.7,UPI
ORD_04907,2025-11-01,CUS_04907,Customer_093,Durgapur,West Bengal,Electronics,Smartwatch,2,7750.81,20,977.25,UPI
ORD_04908,2025-11-02,CUS_04908,Customer_111,Udaipur,Rajasthan,Home & Kitchen,Mixer Grinder,3,11668.44,15,1991.08,Cash on Delivery
ORD_04909,2025-11-02,CUS_04909,Customer_058,Coimbatore,Tamil Nadu,Clothing,Jacket,4,12012.77,20,2424.34,Net Banking
ORD_04910,2025-11-03,CUS_04910,Customer_111,Noida,Delhi,Home & Kitchen,Bedsheet,3,3524.31,20,862.89,UPI
ORD_04911,2025-11-05,CUS_04911,Customer_010,Madurai,Tamil Nadu,Home & Kitchen,Cookware Set,5,14210.04,10,1011.49,Debit Card
ORD_04912,2025-11-05,CUS_04912,Customer_149,Howrah,West Bengal,Furniture,Sofa,1,18802.95,10,3163.69,UPI
ORD_04913,2025-11-06,CUS_04913,Customer_088,Surat,Gujarat,Furniture,Office Chair,1,5292.89,20,1130.39,UPI
ORD_04914,2025-11-06,CUS_04914,Customer_011,Hyderabad,Telangana,Electronics,Laptop,4,222172.4,10,51519.76,Net Banking
ORD_04915,2025-11-07,CUS_04915,Customer_099,Jaipur,Rajasthan,Furniture,Bookshelf,3,18373.04,0,2640.92,Cash on Delivery
ORD_04916,2025-11-07,CUS_04916,Customer_065,Vadodara,Gujarat,Home & Kitchen,Cookware Set,2,5078.4,15,553.59,Net Banking
ORD_04917,2025-11-07,CUS_04917,Customer_126,Chennai,Tamil Nadu,Furniture,Office Chair,5,29057.49,20,5031.96,Debit Card
ORD_04918,2025-11-07,CUS_04918,Customer_019,Madurai,Tamil Nadu,Furniture,Study Table,1,6593.29,20,905.91,Credit Card
ORD_04919,2025-11-07,CUS_04919,Customer_132,Mysuru,Karnataka,Home & Kitchen,Mixer Grinder,5,19878.38,15,4129.94,Cash on Delivery
ORD_04920,2025-11-09,CUS_04920,Customer_116,Mysuru,Karnataka,Home & Kitchen,Bedsheet,4,4305.5,15,945.43,UPI
ORD_04921,2025-11-09,CUS_04921,Customer_119,Durgapur,West Bengal,Home & Kitchen,Bedsheet,1,1367.51,15,127.51,Net Banking
ORD_04922,2025-11-09,CUS_04922,Customer_142,Madurai,Tamil Nadu,Home & Kitchen,Air Fryer,5,23914.34,15,4963.24,Net Banking
ORD_04923,2025-11-10,CUS_04923,Customer_078,Nagpur,Maharashtra,Home & Kitchen,Bedsheet,4,4865.14,10,1004.33,UPI
ORD_04924,2025-11-10,CUS_04924,Customer_106,Durgapur,West Bengal,Furniture,Sofa,1,19332.46,20,2229.97,UPI
ORD_04925,2025-11-10,CUS_04925,Customer_062,Noida,Delhi,Electronics,Headphones,2,3475.03,20,468.97,UPI
ORD_04926,2025-11-11,CUS_04926,Customer_130,Madurai,Tamil Nadu,Clothing,Jacket,2,5748.43,20,938.39,Debit Card
ORD_04927,2025-11-11,CUS_04927,Customer_010,Mumbai,Maharashtra,Furniture,Office Chair,2,13247.16,15,932.08,Debit Card
ORD_04928,2025-11-12,CUS_04928,Customer_013,Gurugram,Delhi,Furniture,Sofa,5,98120.59,5,20803.79,Credit Card
ORD_04929,2025-11-12,CUS_04929,Customer_014,Madurai,Tamil Nadu,Clothing,T-Shirt,4,3572.26,10,746.79,Debit Card
ORD_04930,2025-11-13,CUS_04930,Customer_124,Udaipur,Rajasthan,Home & Kitchen,Air Fryer,3,21438.5,0,2672.27,UPI
ORD_04931,2025-11-14,CUS_04931,Customer_084,Udaipur,Rajasthan,Home & Kitchen,Mixer Grinder,2,9666.29,5,1692.19,Debit Card
ORD_04932,2025-11-15,CUS_04932,Customer_049,Coimbatore,Tamil Nadu,Home & Kitchen,Cookware Set,2,6132.33,15,1318.51,Debit Card
ORD_04933,2025-11-16,CUS_04933,Customer_018,Howrah,West Bengal,Home & Kitchen,Bedsheet,3,4810.28,0,251.69,Credit Card
ORD_04934,2025-11-17,CUS_04934,Customer_084,Warangal,Telangana,Electronics,Headphones,2,4587.95,20,857.55,Net Banking
ORD_04935,2025-11-17,CUS_04935,Customer_012,Nizamabad,Telangana,Home & Kitchen,Mixer Grinder,5,19878.25,0,1745.86,Debit Card
ORD_04936,2025-11-18,CUS_04936,Customer_111,Jodhpur,Rajasthan,Home & Kitchen,Air Fryer,1,4848.85,15,686.62,Net Banking
ORD_04937,2025-11-18,CUS_04937,Customer_104,Mysuru,Karnataka,Furniture,Office Chair,4,22706.58,5,4697.63,Debit Card
ORD_04938,2025-11-19,CUS_04938,Customer_146,Ahmedabad,Gujarat,Electronics,Laptop,1,56743.61,10,9612.9,Credit Card
ORD_04939,2025-11-19,CUS_04939,Customer_012,Coimbatore,Tamil Nadu,Clothing,Sneakers,1,2488.44,10,532.84,UPI
ORD_04940,2025-11-20,CUS_04940,Customer_137,Warangal,Telangana,Furniture,Office Chair,5,25855.5,15,2431.58,Debit Card
ORD_04941,2025-11-20,CUS_04941,Customer_047,Udaipur,Rajasthan,Home & Kitchen,Mixer Grinder,4,13956.28,20,2204.7,Cash on Delivery
ORD_04942,2025-11-21,CUS_04942,Customer_059,Gurugram,Delhi,Electronics,Smartwatch,2,7756.23,10,1089.28,UPI
ORD_04943,2025-11-22,CUS_04943,Customer_054,Jaipur,Rajasthan,Electronics,Headphones,5,13495.8,0,2268.46,Net Banking
ORD_04944,2025-11-22,CUS_04944,Customer_086,Warangal,Telangana,Home & Kitchen,Cookware Set,3,8483.05,20,1199.26,Credit Card
ORD_04945,2025-11-22,CUS_04945,Customer_119,Madurai,Tamil Nadu,Furniture,Study Table,5,41863.93,15,5957.43,Cash on Delivery
ORD_04946,2025-11-23,CUS_04946,Customer_047,Nizamabad,Telangana,Electronics,Headphones,4,9698.7,10,763.9,Credit Card
ORD_04947,2025-11-23,CUS_04947,Customer_145,Mumbai,Maharashtra,Electronics,Laptop,3,135219.69,20,16784.61,UPI
ORD_04948,2025-11-26,CUS_04948,Customer_012,Noida,Delhi,Clothing,Jacket,1,3270.54,10,752.98,Cash on Delivery
ORD_04949,2025-11-26,CUS_04949,Customer_017,Surat,Gujarat,Furniture,Sofa,3,56096.11,10,13096.35,UPI
ORD_04950,2025-11-27,CUS_04950,Customer_051,Coimbatore,Tamil Nadu,Clothing,Jacket,1,3171.05,20,588.97,Net Banking
ORD_04951,2025-11-27,CUS_04951,Customer_116,Mangaluru,Karnataka,Clothing,Jeans,3,4874.54,15,696.32,Credit Card
ORD_04952,2025-11-28,CUS_04952,Customer_097,Mangaluru,Karnataka,Home & Kitchen,Cookware Set,3,8854.18,20,1183.63,UPI
ORD_04953,2025-11-29,CUS_04953,Customer_139,Delhi,Delhi,Clothing,Jacket,1,2705.54,10,159.55,Net Banking
ORD_04954,2025-11-30,CUS_04954,Customer_148,Chennai,Tamil Nadu,Electronics,Laptop,4,183991.28,15,29067.16,Credit Card
ORD_04955,2025-12-01,CUS_04955,Customer_066,Warangal,Telangana,Electronics,Headphones,1,1963.17,20,253.45,Credit Card
ORD_04956,2025-12-01,CUS_04956,Customer_060,Warangal,Telangana,Clothing,Jeans,2,3350.48,5,396.61,Net Banking
ORD_04957,2025-12-01,CUS_04957,Customer_037,Nagpur,Maharashtra,Clothing,Sneakers,2,5319.09,5,956.72,Cash on Delivery
ORD_04958,2025-12-01,CUS_04958,Customer_149,Gurugram,Delhi,Furniture,Sofa,5,113761.02,0,8825.24,UPI
ORD_04959,2025-12-02,CUS_04959,Customer_107,Madurai,Tamil Nadu,Clothing,Sneakers,2,5365.82,10,287.86,Net Banking
ORD_04960,2025-12-03,CUS_04960,Customer_065,Chennai,Tamil Nadu,Clothing,T-Shirt,1,769.04,20,184.12,Debit Card
ORD_04961,2025-12-03,CUS_04961,Customer_049,Hyderabad,Telangana,Electronics,Laptop,3,145815.02,15,13493.16,Cash on Delivery
ORD_04962,2025-12-03,CUS_04962,Customer_081,Udaipur,Rajasthan,Clothing,Sneakers,5,13901.23,0,860.41,UPI
ORD_04963,2025-12-04,CUS_04963,Customer_084,Mumbai,Maharashtra,Home & Kitchen,Mixer Grinder,3,9186.82,20,1983.59,Credit Card
ORD_04964,2025-12-07,CUS_04964,Customer_011,Kolkata,West Bengal,Clothing,Sneakers,1,2881.53,5,713.05,Credit Card
ORD_04965,2025-12-08,CUS_04965,Customer_058,Nagpur,Maharashtra,Clothing,Jeans,3,4275.42,20,931.13,UPI
ORD_04966,2025-12-08,CUS_04966,Customer_109,Delhi,Delhi,Home & Kitchen,Bedsheet,4,6406.58,0,1029.81,Net Banking
ORD_04967,2025-12-09,CUS_04967,Customer_079,Pune,Maharashtra,Home & Kitchen,Bedsheet,5,7298.64,5,928.9,Net Banking
ORD_04968,2025-12-11,CUS_04968,Customer_052,Ahmedabad,Gujarat,Clothing,Jacket,2,6512.81,5,391.22,Cash on Delivery
ORD_04969,2025-12-11,CUS_04969,Customer_059,Mangaluru,Karnataka,Furniture,Study Table,3,19444.47,20,1183.74,UPI
ORD_04970,2025-12-11,CUS_04970,Customer_147,Mumbai,Maharashtra,Furniture,Office Chair,3,17934.78,20,2924.55,Net Banking
ORD_04971,2025-12-12,CUS_04971,Customer_144,Hyderabad,Telangana,Clothing,Sneakers,1,2351.55,5,238.89,UPI
ORD_04972,2025-12-12,CUS_04972,Customer_132,Nizamabad,Telangana,Clothing,Jeans,4,6223.42,15,1440.41,Cash on Delivery
ORD_04973,2025-12-13,CUS_04973,Customer_079,Jodhpur,Rajasthan,Home & Kitchen,Bedsheet,2,2540.77,5,450.55,Debit Card
ORD_04974,2025-12-13,CUS_04974,Customer_140,Ahmedabad,Gujarat,Electronics,Laptop,2,103818.3,5,11881.29,Credit Card
ORD_04975,2025-12-14,CUS_04975,Customer_001,Kolkata,West Bengal,Furniture,Sofa,2,37744.68,20,8098.43,UPI
ORD_04976,2025-12-15,CUS_04976,Customer_070,Coimbatore,Tamil Nadu,Furniture,Study Table,3,29563.1,0,2369.29,Debit Card
ORD_04977,2025-12-16,CUS_04977,Customer_139,Jodhpur,Rajasthan,Furniture,Bookshelf,1,5883.91,0,1284.4,Debit Card
ORD_04978,2025-12-16,CUS_04978,Customer_056,Noida,Delhi,Furniture,Office Chair,3,18097.67,0,2646.41,Debit Card
ORD_04979,2025-12-16,CUS_04979,Customer_042,Surat,Gujarat,Home & Kitchen,Bedsheet,5,7998.22,0,1470.57,Net Banking
ORD_04980,2025-12-16,CUS_04980,Customer_005,Madurai,Tamil Nadu,Clothing,Jacket,3,8557.53,10,1133.24,Credit Card
ORD_04981,2025-12-17,CUS_04981,Customer_014,Coimbatore,Tamil Nadu,Electronics,Headphones,2,5142.06,5,663.48,Cash on Delivery
ORD_04982,2025-12-17,CUS_04982,Customer_007,Surat,Gujarat,Furniture,Office Chair,5,34092.27,0,5267.13,Cash on Delivery
ORD_04983,2025-12-18,CUS_04983,Customer_037,Kolkata,West Bengal,Clothing,T-Shirt,3,2304.66,5,416.34,UPI
ORD_04984,2025-12-18,CUS_04984,Customer_063,Howrah,West Bengal,Clothing,Jacket,3,10043.03,5,553.21,UPI
ORD_04985,2025-12-19,CUS_04985,Customer_074,Durgapur,West Bengal,Clothing,T-Shirt,4,3491.71,5,519.55,Net Banking
ORD_04986,2025-12-20,CUS_04986,Customer_106,Mumbai,Maharashtra,Home & Kitchen,Mixer Grinder,3,13942.65,10,1816.71,Debit Card
ORD_04987,2025-12-20,CUS_04987,Customer_111,Mangaluru,Karnataka,Home & Kitchen,Air Fryer,1,5325.53,20,739.23,Debit Card
ORD_04988,2025-12-20,CUS_04988,Customer_091,Durgapur,West Bengal,Furniture,Bookshelf,1,6006.25,10,973.54,Cash on Delivery
ORD_04989,2025-12-21,CUS_04989,Customer_137,Bengaluru,Karnataka,Electronics,Laptop,4,211588.9,15,20429.46,Cash on Delivery
ORD_04990,2025-12-22,CUS_04990,Customer_005,Bengaluru,Karnataka,Electronics,Smartwatch,5,19885.44,20,2816.52,Credit Card
ORD_04991,2025-12-25,CUS_04991,Customer_010,Howrah,West Bengal,Electronics,Smartwatch,1,4352.97,15,1074.38,Cash on Delivery
ORD_04992,2025-12-26,CUS_04992,Customer_005,Gurugram,Delhi,Home & Kitchen,Cookware Set,5,13953.69,10,1123.04,Cash on Delivery
ORD_04993,2025-12-26,CUS_04993,Customer_044,Udaipur,Rajasthan,Electronics,Headphones,3,6206.25,10,810.79,Net Banking
ORD_04994,2025-12-27,CUS_04994,Customer_066,Warangal,Telangana,Home & Kitchen,Cookware Set,5,15064.84,0,1438.26,Net Banking
ORD_04995,2025-12-27,CUS_04995,Customer_091,Coimbatore,Tamil Nadu,Home & Kitchen,Mixer Grinder,3,13410.68,5,1398.92,UPI
ORD_04996,2025-12-30,CUS_04996,Customer_139,Kolkata,West Bengal,Electronics,Smartwatch,2,7507.41,15,847.36,Cash on Delivery
ORD_04997,2025-12-30,CUS_04997,Customer_086,Chennai,Tamil Nadu,Electronics,Smartphone,1,20842.81,15,1957.18,UPI
ORD_04998,2025-12-31,CUS_04998,Customer_088,Vadodara,Gujarat,Electronics,Laptop,1,46228.35,5,8173.23,Debit Card
ORD_04999,2025-12-31,CUS_04999,Customer_113,Ahmedabad,Gujarat,Home & Kitchen,Cookware Set,4,14336.93,0,1018.67,Credit Card
ORD_05000,2025-12-31,CUS_05000,Customer_062,Madurai,Tamil Nadu,Electronics,Headphones,2,3769.62,15,502.22,UPI
